x,y,filename
47.381298,-13.304599,"mp-2716488_[0, 0, 1].png"
-17.15587,43.45706,"mp-22401_[0, 0, 1].png"
-3.4691896,47.328808,"mp-2714405_[0, 0, 1].png"
13.682009,-23.676867,"mp-1201436_[0, 0, 1].png"
-28.90488,47.794006,"mp-23400_[0, 0, 1].png"
37.049725,35.079037,"mp-1020606_[0, 0, 1].png"
11.8437805,4.3161783,"mp-2715525_[0, 0, 1].png"
22.183512,47.521496,"mp-2542_[0, 0, 1].png"
-14.267256,9.111509,"mp-765289_[0, 0, 1].png"
-6.6463494,-28.458216,"mp-695202_[0, 0, 1].png"
51.66729,19.876932,"mp-10245_[0, 0, 1].png"
35.390137,4.9153595,"mp-1070955_[0, 0, 1].png"
-42.9526,30.809479,"mp-1025549_[0, 0, 1].png"
63.449684,7.6472645,"mp-1020638_[0, 0, 1].png"
28.289724,8.374076,"mp-1182213_[0, 0, 1].png"
30.900919,-24.10507,"mp-1067235_[0, 0, 1].png"
29.29558,0.5455994,"mp-776081_[0, 0, 1].png"
-44.560177,23.0254,"mp-2714490_[0, 0, 1].png"
16.348194,-36.166534,"mp-1193222_[0, 0, 1].png"
-23.15583,-27.72067,"mp-1193906_[0, 0, 1].png"
17.722605,38.732204,"mp-648984_[0, 0, 1].png"
1.5951042,44.994007,"mp-1074799_[0, 0, 1].png"
-22.69635,34.272198,"mp-1223700_[0, 0, 1].png"
43.189545,-12.226529,"mp-561050_[0, 0, 1].png"
6.41787,59.613644,"mp-1397292_[0, 0, 1].png"
53.983517,-7.501118,"mp-2291_[0, 0, 1].png"
-36.385937,30.388193,"mp-9077_[0, 0, 1].png"
58.93004,4.5743074,"mp-30283_[0, 0, 1].png"
-24.78358,43.27857,"mp-570661_[0, 0, 1].png"
-15.306384,24.76152,"mp-561126_[0, 0, 1].png"
8.066765,-59.504696,"mp-1226808_[0, 0, 1].png"
51.0764,3.4157343,"mp-18984_[0, 0, 1].png"
-1.6409729,42.467976,"mp-540312_[0, 0, 1].png"
10.769688,-7.074823,"mp-6507_[0, 0, 1].png"
54.022064,2.2217193,"mp-1212966_[0, 0, 1].png"
-42.9991,-1.9154512,"mp-1210127_[0, 0, 1].png"
17.63143,-35.758835,"mp-760484_[0, 0, 1].png"
45.720562,-10.7162895,"mp-1216623_[0, 0, 1].png"
-32.935722,-7.2950025,"mp-4360_[0, 0, 1].png"
37.17886,29.57125,"mp-758766_[0, 0, 1].png"
-36.7615,-46.701466,"mp-1218032_[0, 0, 1].png"
-44.994152,4.841547,"mp-758602_[0, 0, 1].png"
55.427296,3.1261957,"mp-1249065_[0, 0, 1].png"
-0.73810273,35.766285,"mp-1666497_[0, 0, 1].png"
30.840176,-25.249918,"mp-977384_[0, 0, 1].png"
-11.088416,-26.778166,"mp-761280_[0, 0, 1].png"
-23.90949,-28.081173,"mp-1018068_[0, 0, 1].png"
18.603477,9.97274,"mp-723254_[0, 0, 1].png"
-25.88395,52.603733,"mp-1227478_[0, 0, 1].png"
20.502745,42.89694,"mp-19071_[0, 0, 1].png"
-18.078035,-10.366547,"mp-560468_[0, 0, 1].png"
-1.0279424,20.38778,"mp-21272_[0, 0, 1].png"
-5.1665125,5.6509886,"mp-1220467_[0, 0, 1].png"
30.693155,14.683291,"mp-6186_[0, 0, 1].png"
43.51122,1.2268649,"mp-1218249_[0, 0, 1].png"
0.23316339,37.13831,"mp-37267_[0, 0, 1].png"
-41.026527,-19.026674,"mp-560535_[0, 0, 1].png"
-40.309826,7.0061126,"mp-1179753_[0, 0, 1].png"
20.367687,30.890772,"mp-753011_[0, 0, 1].png"
-16.85899,-43.975544,"mp-559569_[0, 0, 1].png"
42.10799,-19.574959,"mp-1217344_[0, 0, 1].png"
-39.990654,-19.211985,"mp-1030828_[0, 0, 1].png"
16.71996,22.48553,"mp-2713576_[0, 0, 1].png"
39.75923,32.682796,"mp-754920_[0, 0, 1].png"
44.033604,-5.530064,"mp-27623_[0, 0, 1].png"
20.286264,-35.852398,"mp-1225143_[0, 0, 1].png"
7.154573,59.94062,"mp-1074175_[0, 0, 1].png"
24.041456,-12.299771,"mp-571312_[0, 0, 1].png"
22.663836,-11.200957,"mp-2716309_[0, 0, 1].png"
19.019728,12.010775,"mp-20255_[0, 0, 1].png"
-20.863457,-2.3111913,"mp-31080_[0, 0, 1].png"
20.80311,-42.892284,"mp-3507_[0, 0, 1].png"
-31.852295,-27.99133,"mp-1034694_[0, 0, 1].png"
-14.767291,1.5469729,"mp-774422_[0, 0, 1].png"
7.359595,-58.315712,"mp-728912_[0, 0, 1].png"
13.882518,-0.8265293,"mp-6955_[0, 0, 1].png"
-8.356544,-25.116463,"mp-1221119_[0, 0, 1].png"
9.224083,-3.7624505,"mp-1227584_[0, 0, 1].png"
-19.131405,-3.137229,"mp-1018784_[0, 0, 1].png"
20.750887,37.21606,"mp-1252396_[0, 0, 1].png"
-4.144803,7.470632,"mp-5400_[0, 0, 1].png"
10.857669,3.0156238,"mp-978253_[0, 0, 1].png"
-3.425683,-18.283672,"mp-755891_[0, 0, 1].png"
-37.817013,21.41164,"mp-29761_[0, 0, 1].png"
53.625454,-5.6046267,"mp-763489_[0, 0, 1].png"
-32.807438,15.854009,"mp-5492_[0, 0, 1].png"
-42.726257,-15.680924,"mp-1225580_[0, 0, 1].png"
0.8834479,10.799366,"mp-10572_[0, 0, 1].png"
-51.87598,-17.098957,"mp-1179195_[0, 0, 1].png"
17.536312,-4.6566086,"mp-2715201_[0, 0, 1].png"
16.529352,-1.5410868,"mp-6844_[0, 0, 1].png"
-9.082425,-32.127003,"mp-1203477_[0, 0, 1].png"
-15.149514,6.194776,"mp-755125_[0, 0, 1].png"
14.62462,30.344816,"mp-780114_[0, 0, 1].png"
-42.949776,-15.633323,"mp-9248_[0, 0, 1].png"
-47.538483,-12.273186,"mp-768161_[0, 0, 1].png"
-17.68066,-43.83554,"mp-2714670_[0, 0, 1].png"
-42.258427,-16.280304,"mp-27852_[0, 0, 1].png"
-28.411966,-20.075684,"mp-1025567_[0, 0, 1].png"
34.678818,34.08044,"mp-1221128_[0, 0, 1].png"
1.2546363,-47.13479,"mp-23736_[0, 0, 1].png"
-59.67212,-19.088894,"mp-541280_[0, 0, 1].png"
3.745604,63.371723,"mp-1211457_[0, 0, 1].png"
25.211893,-0.21291529,"mp-758188_[0, 0, 1].png"
41.70194,30.245785,"mp-27193_[0, 0, 1].png"
20.134815,28.730602,"mp-582357_[0, 0, 1].png"
-49.682617,-15.097303,"mp-24585_[0, 0, 1].png"
17.375765,-8.238195,"mp-2712941_[0, 0, 1].png"
33.608692,-27.567598,"mp-1182812_[0, 0, 1].png"
-2.9837632,-52.79532,"mp-766129_[0, 0, 1].png"
-19.545296,-13.252978,"mp-27042_[0, 0, 1].png"
-55.998047,-8.080907,"mp-1187017_[0, 0, 1].png"
-64.29124,-4.782411,"mp-1017322_[0, 0, 1].png"
-47.91736,-18.59066,"mp-560441_[0, 0, 1].png"
-31.726906,17.160387,"mp-5152_[0, 0, 1].png"
51.282135,-9.165784,"mp-1232371_[0, 0, 1].png"
40.311035,-16.613417,"mp-1223621_[0, 0, 1].png"
-44.280888,-22.15164,"mp-672677_[0, 0, 1].png"
-26.443096,32.9421,"mp-2713319_[0, 0, 1].png"
10.933079,-52.294945,"mp-757838_[0, 0, 1].png"
-21.374956,53.80939,"mp-1172857_[0, 0, 1].png"
57.060333,-6.833673,"mp-705861_[0, 0, 1].png"
0.5245082,-0.3008226,"mp-1222351_[0, 0, 1].png"
9.838368,47.016235,"mp-625094_[0, 0, 1].png"
-21.475348,-7.3451433,"mp-2714581_[0, 0, 1].png"
23.539743,11.919599,"mp-561224_[0, 0, 1].png"
-38.413822,4.359001,"mp-1198198_[0, 0, 1].png"
-18.928389,-9.49761,"mp-677140_[0, 0, 1].png"
-43.230824,22.872482,"mp-12779_[0, 0, 1].png"
49.31022,32.854023,"mp-1225170_[0, 0, 1].png"
-15.731688,-0.92961496,"mp-21298_[0, 0, 1].png"
-32.86596,-0.8617912,"mp-753797_[0, 0, 1].png"
-34.486027,25.958775,"mp-29222_[0, 0, 1].png"
10.083955,-59.373905,"mp-774797_[0, 0, 1].png"
20.607592,33.168236,"mp-1234246_[0, 0, 1].png"
38.05112,-16.401451,"mp-9537_[0, 0, 1].png"
-33.883823,-39.159847,"mp-2714074_[0, 0, 1].png"
0.2040972,11.658335,"mp-2716099_[0, 0, 1].png"
-13.753965,12.718191,"mp-23655_[0, 0, 1].png"
-8.189224,-10.269324,"mp-1075515_[0, 0, 1].png"
-11.193395,9.654211,"mp-2488_[0, 0, 1].png"
-43.83103,24.979122,"mp-15573_[0, 0, 1].png"
-16.342396,-41.857327,"mp-1200287_[0, 0, 1].png"
-17.145329,-50.401695,"mp-768223_[0, 0, 1].png"
-0.34060997,-16.238625,"mp-31094_[0, 0, 1].png"
-53.351994,-17.944658,"mp-1206392_[0, 0, 1].png"
12.788565,37.464405,"mp-16773_[0, 0, 1].png"
42.348454,-27.015347,"mp-1213348_[0, 0, 1].png"
19.48301,2.6744914,"mp-1188558_[0, 0, 1].png"
0.4744425,-52.429737,"mp-2715121_[0, 0, 1].png"
-47.828598,26.565887,"mp-623837_[0, 0, 1].png"
43.380886,-34.047146,"mp-2716194_[0, 0, 1].png"
5.6790676,-47.401447,"mp-2712608_[0, 0, 1].png"
-4.7660947,16.930424,"mp-1217229_[0, 0, 1].png"
-0.9669853,-19.45046,"mp-2713210_[0, 0, 1].png"
49.657692,-0.7535953,"mp-4236_[0, 0, 1].png"
19.653309,-37.786236,"mp-4228_[0, 0, 1].png"
38.301907,40.35713,"mp-1013702_[0, 0, 1].png"
9.064965,-53.151703,"mp-801707_[0, 0, 1].png"
-3.6395824,21.849785,"mp-1075589_[0, 0, 1].png"
3.5009296,60.114697,"mp-1214742_[0, 0, 1].png"
19.43411,23.473885,"mp-753715_[0, 0, 1].png"
19.621498,28.346603,"mp-1378759_[0, 0, 1].png"
-22.222649,34.030704,"mp-755505_[0, 0, 1].png"
-18.98906,10.014732,"mp-752975_[0, 0, 1].png"
33.627407,-26.259863,"mp-1020714_[0, 0, 1].png"
-51.610397,24.099596,"mp-980420_[0, 0, 1].png"
-16.918043,-11.189325,"mp-5802_[0, 0, 1].png"
16.658993,-29.020973,"mp-697910_[0, 0, 1].png"
9.456739,-24.811138,"mp-27230_[0, 0, 1].png"
-30.444271,20.057673,"mp-2713978_[0, 0, 1].png"
-7.506659,4.433774,"mp-641539_[0, 0, 1].png"
-17.849121,-43.171623,"mp-18685_[0, 0, 1].png"
52.14384,17.765593,"mp-8630_[0, 0, 1].png"
-44.74273,-17.717333,"mp-1030826_[0, 0, 1].png"
-36.889412,31.085003,"mp-550314_[0, 0, 1].png"
-12.997127,20.958605,"mp-22565_[0, 0, 1].png"
15.044313,-0.92491436,"mp-549720_[0, 0, 1].png"
15.462608,-14.444402,"mp-555867_[0, 0, 1].png"
-8.915263,-36.82275,"mp-10069_[0, 0, 1].png"
-10.232268,3.7925284,"mp-2715055_[0, 0, 1].png"
0.07096321,36.1722,"mp-755190_[0, 0, 1].png"
-41.78974,15.114191,"mp-1198202_[0, 0, 1].png"
2.6472847,-64.387024,"mp-755680_[0, 0, 1].png"
-0.16004047,41.37194,"mp-770632_[0, 0, 1].png"
-11.019169,-36.942867,"mp-6383_[0, 0, 1].png"
-55.905758,-10.908311,"mp-18786_[0, 0, 1].png"
42.061718,31.438751,"mp-21268_[0, 0, 1].png"
-18.3325,49.04834,"mp-2715652_[0, 0, 1].png"
37.76636,-10.939232,"mp-36381_[0, 0, 1].png"
-0.7943435,-53.169544,"mp-5967_[0, 0, 1].png"
44.81799,-3.8802354,"mp-1205298_[0, 0, 1].png"
-11.859233,5.624582,"mp-2712835_[0, 0, 1].png"
-0.9729057,-56.17325,"mp-1206782_[0, 0, 1].png"
-60.072247,-3.4538653,"mp-568177_[0, 0, 1].png"
-44.29745,17.901176,"mp-556049_[0, 0, 1].png"
0.72593457,18.156267,"mp-23280_[0, 0, 1].png"
4.4789376,-38.436386,"mp-510620_[0, 0, 1].png"
-30.135504,-44.222366,"mp-1029938_[0, 0, 1].png"
44.975914,-34.258125,"mp-1074433_[0, 0, 1].png"
1.5595644,55.544426,"mp-3762_[0, 0, 1].png"
6.143264,-38.223846,"mp-773906_[0, 0, 1].png"
3.4505067,18.679903,"mp-757260_[0, 0, 1].png"
2.919424,-40.066853,"mp-6442_[0, 0, 1].png"
36.325367,6.3824577,"mp-1220593_[0, 0, 1].png"
-21.005213,7.3342233,"mp-1216812_[0, 0, 1].png"
-2.7472937,-7.4492154,"mp-1074429_[0, 0, 1].png"
-30.017487,-37.968212,"mp-1244933_[0, 0, 1].png"
11.439224,35.49634,"mp-972825_[0, 0, 1].png"
20.072472,10.1293125,"mp-2713976_[0, 0, 1].png"
15.016317,-37.149498,"mp-757406_[0, 0, 1].png"
-50.21078,25.86788,"mp-16787_[0, 0, 1].png"
18.519478,-43.65173,"mp-1020147_[0, 0, 1].png"
-11.4375725,3.7158492,"mp-866289_[0, 0, 1].png"
-36.60971,-45.223614,"mp-10430_[0, 0, 1].png"
33.737988,5.3758593,"mp-2715075_[0, 0, 1].png"
-9.667497,-29.692778,"mp-1219347_[0, 0, 1].png"
-39.9298,3.7043154,"mp-1187525_[0, 0, 1].png"
-23.025824,5.5356545,"mp-1213869_[0, 0, 1].png"
-35.586357,14.604819,"mp-18594_[0, 0, 1].png"
41.855404,-32.93,"mp-1030841_[0, 0, 1].png"
28.819586,13.894544,"mp-2713905_[0, 0, 1].png"
1.990856,-38.36848,"mp-2716376_[0, 0, 1].png"
-34.599922,-45.80526,"mp-1103513_[0, 0, 1].png"
14.071535,-9.562085,"mp-757889_[0, 0, 1].png"
-35.07333,31.038464,"mp-979137_[0, 0, 1].png"
58.571354,0.09056826,"mp-14416_[0, 0, 1].png"
22.67974,28.43932,"mp-1074830_[0, 0, 1].png"
-32.224953,-37.91,"mp-2716146_[0, 0, 1].png"
-60.061695,-7.3879423,"mp-1029408_[0, 0, 1].png"
-17.092182,32.862377,"mp-1097230_[0, 0, 1].png"
43.432465,-32.759964,"mp-767556_[0, 0, 1].png"
41.71184,-1.1733192,"mp-758053_[0, 0, 1].png"
-34.65981,-5.9297924,"mp-650601_[0, 0, 1].png"
35.428238,-25.899466,"mp-1287_[0, 0, 1].png"
13.003642,24.946526,"mp-16809_[0, 0, 1].png"
-50.5393,-19.77527,"mp-1226125_[0, 0, 1].png"
1.1938211,-35.00284,"mp-2714238_[0, 0, 1].png"
17.827831,44.472767,"mp-505629_[0, 0, 1].png"
41.54171,-21.486307,"mp-1200205_[0, 0, 1].png"
34.70439,11.868325,"mp-2716486_[0, 0, 1].png"
-16.71813,-47.993916,"mp-642999_[0, 0, 1].png"
-5.6964517,37.875942,"mp-9212_[0, 0, 1].png"
40.257027,23.246326,"mp-1227202_[0, 0, 1].png"
31.765348,1.8281057,"mp-1223674_[0, 0, 1].png"
1.7034451,-21.117771,"mp-677497_[0, 0, 1].png"
-16.117895,7.601071,"mp-1213447_[0, 0, 1].png"
-23.731571,-26.308027,"mp-1034675_[0, 0, 1].png"
14.393124,-9.43417,"mp-2714296_[0, 0, 1].png"
-24.468788,-33.739197,"mp-1105064_[0, 0, 1].png"
-34.403843,-26.049982,"mp-983479_[0, 0, 1].png"
-31.426506,17.428377,"mp-758277_[0, 0, 1].png"
-27.78026,35.2898,"mp-1047387_[0, 0, 1].png"
26.47523,-4.611874,"mp-18440_[0, 0, 1].png"
-40.217,26.142717,"mp-726359_[0, 0, 1].png"
-45.033245,22.20411,"mp-2715943_[0, 0, 1].png"
-22.331444,-17.19973,"mp-2714174_[0, 0, 1].png"
36.23559,26.480686,"mp-978524_[0, 0, 1].png"
4.254272,-50.517567,"mp-2714383_[0, 0, 1].png"
-14.220793,6.8515477,"mp-752893_[0, 0, 1].png"
-7.21327,14.068402,"mp-2716274_[0, 0, 1].png"
-42.61337,24.270765,"mp-1105550_[0, 0, 1].png"
-35.6523,-40.35417,"mp-1094056_[0, 0, 1].png"
-16.76765,-49.53552,"mp-40189_[0, 0, 1].png"
9.980039,-50.196438,"mp-557679_[0, 0, 1].png"
-39.209156,-5.2225685,"mp-14046_[0, 0, 1].png"
-43.43426,21.458523,"mp-771568_[0, 0, 1].png"
58.324684,1.9510672,"mp-1268159_[0, 0, 1].png"
-35.574833,20.020283,"mp-1235848_[0, 0, 1].png"
-6.358547,17.013659,"mp-1026719_[0, 0, 1].png"
16.517622,-34.010475,"mp-6224_[0, 0, 1].png"
15.161202,19.74497,"mp-557690_[0, 0, 1].png"
-17.040905,-48.104195,"mp-23844_[0, 0, 1].png"
32.871605,9.190728,"mp-1154656_[0, 0, 1].png"
-3.0459435,17.599945,"mp-694935_[0, 0, 1].png"
36.35674,-31.807163,"mp-626620_[0, 0, 1].png"
24.355305,8.533034,"mp-18274_[0, 0, 1].png"
7.0972996,49.329147,"mp-2715764_[0, 0, 1].png"
12.0415535,33.33813,"mp-2712919_[0, 0, 1].png"
-3.5445545,-44.055454,"mp-757350_[0, 0, 1].png"
-28.783676,16.88116,"mp-754249_[0, 0, 1].png"
37.942608,-12.9862795,"mp-556940_[0, 0, 1].png"
-42.020115,-41.57526,"mp-2714522_[0, 0, 1].png"
33.095776,-24.099352,"mp-608311_[0, 0, 1].png"
-29.918737,-41.835327,"mp-1219758_[0, 0, 1].png"
52.63395,-5.233898,"mp-771162_[0, 0, 1].png"
4.0305624,39.982506,"mp-1250467_[0, 0, 1].png"
0.4936936,-65.13281,"mp-21441_[0, 0, 1].png"
-2.9837549,51.787506,"mp-5859_[0, 0, 1].png"
32.107594,-18.995228,"mp-1224874_[0, 0, 1].png"
46.70928,-23.188755,"mp-510015_[0, 0, 1].png"
-22.739014,49.55263,"mp-1223057_[0, 0, 1].png"
-6.687195,11.684447,"mp-771264_[0, 0, 1].png"
-8.103782,10.41628,"mp-1040961_[0, 0, 1].png"
3.9470108,5.836112,"mp-684467_[0, 0, 1].png"
-15.274293,-3.443267,"mp-1222195_[0, 0, 1].png"
36.289173,35.397556,"mp-1097121_[0, 0, 1].png"
-11.592262,5.8092775,"mp-2715719_[0, 0, 1].png"
16.905207,-37.180183,"mp-1228032_[0, 0, 1].png"
-22.626818,5.387469,"mp-1228058_[0, 0, 1].png"
-41.937683,23.687056,"mp-568336_[0, 0, 1].png"
-31.748384,2.5964231,"mp-1095563_[0, 0, 1].png"
51.276188,-8.020685,"mp-2713085_[0, 0, 1].png"
-41.89617,-2.9925783,"mp-2715838_[0, 0, 1].png"
15.548024,-10.860652,"mp-29742_[0, 0, 1].png"
-54.28558,-13.686091,"mp-625475_[0, 0, 1].png"
-23.240261,38.969185,"mp-1073083_[0, 0, 1].png"
-48.306873,-17.324232,"mp-555942_[0, 0, 1].png"
12.723133,29.854485,"mp-766974_[0, 0, 1].png"
28.2534,-40.6975,"mp-1264770_[0, 0, 1].png"
17.398878,-37.416798,"mp-1020630_[0, 0, 1].png"
-38.838142,3.923787,"mp-1013843_[0, 0, 1].png"
-50.549183,21.208578,"mp-1233748_[0, 0, 1].png"
-48.280537,30.116783,"mp-2715631_[0, 0, 1].png"
-35.92625,-46.02116,"mp-32959_[0, 0, 1].png"
2.8828957,17.808718,"mp-19052_[0, 0, 1].png"
-20.39115,-10.650729,"mp-1020361_[0, 0, 1].png"
-58.641994,-8.992454,"mp-753567_[0, 0, 1].png"
-3.3412693,-60.47602,"mp-754519_[0, 0, 1].png"
-24.34617,41.469494,"mp-558521_[0, 0, 1].png"
34.399635,14.62689,"mp-1379381_[0, 0, 1].png"
15.374609,-22.159193,"mp-863421_[0, 0, 1].png"
46.3801,-31.796246,"mp-706913_[0, 0, 1].png"
18.525118,-31.013111,"mp-20832_[0, 0, 1].png"
9.612897,55.234516,"mp-1197862_[0, 0, 1].png"
-20.225359,35.974247,"mp-772968_[0, 0, 1].png"
56.5245,-4.0412765,"mp-626785_[0, 0, 1].png"
53.867046,-2.6585934,"mp-1207382_[0, 0, 1].png"
-15.428117,2.172783,"mp-27035_[0, 0, 1].png"
-63.580387,-8.54113,"mp-684746_[0, 0, 1].png"
11.260733,37.318348,"mp-27192_[0, 0, 1].png"
3.8640726,1.1203704,"mp-2715216_[0, 0, 1].png"
34.229134,4.746812,"mp-1222444_[0, 0, 1].png"
22.564419,-23.48278,"mp-760086_[0, 0, 1].png"
-18.085117,42.017498,"mp-1217512_[0, 0, 1].png"
7.2759957,-54.845978,"mp-1220070_[0, 0, 1].png"
42.884518,39.419388,"mp-676851_[0, 0, 1].png"
16.310333,36.77212,"mp-1074276_[0, 0, 1].png"
-42.412804,29.519676,"mp-1043525_[0, 0, 1].png"
5.0367174,-46.435898,"mp-1019782_[0, 0, 1].png"
15.1907625,-3.0184627,"mp-1203085_[0, 0, 1].png"
20.799112,45.5008,"mp-2714374_[0, 0, 1].png"
-37.969776,32.26198,"mp-697408_[0, 0, 1].png"
4.6207213,46.107018,"mp-35308_[0, 0, 1].png"
-46.11804,-20.631092,"mp-1043880_[0, 0, 1].png"
4.440193,3.4824784,"mp-2714043_[0, 0, 1].png"
-1.5392115,37.96908,"mp-1120447_[0, 0, 1].png"
1.0238146,53.96714,"mp-1040930_[0, 0, 1].png"
1.8676053,-18.759857,"mp-2716122_[0, 0, 1].png"
-3.920647,-18.782513,"mp-1208807_[0, 0, 1].png"
-58.94932,-6.868467,"mp-1234076_[0, 0, 1].png"
-11.51154,6.953868,"mp-2716350_[0, 0, 1].png"
-0.64249045,13.295192,"mp-554616_[0, 0, 1].png"
-43.76989,-1.0917352,"mp-2715140_[0, 0, 1].png"
-43.14569,20.021553,"mp-1074181_[0, 0, 1].png"
-25.075056,-6.5350018,"mp-754552_[0, 0, 1].png"
31.850185,3.363607,"mp-1190170_[0, 0, 1].png"
51.10873,-14.092428,"mp-669400_[0, 0, 1].png"
26.922283,-41.782497,"mp-2715618_[0, 0, 1].png"
27.884577,7.0017295,"mp-1227998_[0, 0, 1].png"
32.591034,2.1412323,"mp-567852_[0, 0, 1].png"
19.752535,-10.130817,"mp-23173_[0, 0, 1].png"
-56.09494,-16.482231,"mp-557618_[0, 0, 1].png"
7.013284,-62.64373,"mp-1037585_[0, 0, 1].png"
0.19211374,58.834393,"mp-863062_[0, 0, 1].png"
-11.34608,-35.990444,"mp-1226524_[0, 0, 1].png"
-17.952374,-7.469334,"mp-1075569_[0, 0, 1].png"
7.0669084,-62.047638,"mp-1210923_[0, 0, 1].png"
-41.939476,31.000504,"mp-554145_[0, 0, 1].png"
37.60605,37.16128,"mp-759016_[0, 0, 1].png"
38.11271,-13.370169,"mp-1200846_[0, 0, 1].png"
38.232292,28.306692,"mp-757482_[0, 0, 1].png"
-50.66665,-21.245918,"mp-2716141_[0, 0, 1].png"
29.939877,-0.6639541,"mp-34375_[0, 0, 1].png"
15.462007,-9.328874,"mp-3441_[0, 0, 1].png"
-67.630264,-8.897508,"mp-760313_[0, 0, 1].png"
34.499866,-27.341373,"mp-2715290_[0, 0, 1].png"
-8.305088,-20.928001,"mp-1043569_[0, 0, 1].png"
-39.210335,-20.94359,"mp-2715816_[0, 0, 1].png"
35.460247,40.16946,"mp-1201156_[0, 0, 1].png"
3.7818458,-54.642452,"mp-863437_[0, 0, 1].png"
21.236269,-34.74366,"mp-21374_[0, 0, 1].png"
8.629985,-7.6314707,"mp-1206419_[0, 0, 1].png"
-8.944755,-34.76304,"mp-557923_[0, 0, 1].png"
-50.786037,30.528759,"mp-1073950_[0, 0, 1].png"
-64.62032,-5.0533953,"mp-1075644_[0, 0, 1].png"
-42.720917,20.175783,"mp-1209338_[0, 0, 1].png"
10.073968,56.08051,"mp-1019802_[0, 0, 1].png"
28.87401,-6.7188272,"mp-1025354_[0, 0, 1].png"
21.465294,-43.51879,"mp-6564_[0, 0, 1].png"
-17.246624,-43.480366,"mp-775164_[0, 0, 1].png"
-18.419313,-9.740401,"mp-1211939_[0, 0, 1].png"
36.443954,-20.890055,"mp-557024_[0, 0, 1].png"
-10.86441,19.156773,"mp-2713431_[0, 0, 1].png"
-14.951691,39.099873,"mp-559500_[0, 0, 1].png"
4.7643948,0.97413975,"mp-753012_[0, 0, 1].png"
-37.361412,3.6095142,"mp-2714382_[0, 0, 1].png"
7.342689,27.486685,"mp-1217602_[0, 0, 1].png"
-3.1690266,-51.3105,"mp-17382_[0, 0, 1].png"
23.459696,-40.933056,"mp-1017628_[0, 0, 1].png"
-6.374608,7.2754087,"mp-756651_[0, 0, 1].png"
32.512394,-3.2849534,"mp-850275_[0, 0, 1].png"
-62.821712,-14.098564,"mp-2714227_[0, 0, 1].png"
41.420544,-6.0572395,"mp-6655_[0, 0, 1].png"
48.1236,-13.40748,"mp-1314_[0, 0, 1].png"
-9.369433,23.438116,"mp-1218262_[0, 0, 1].png"
-32.428173,-36.736443,"mp-1233067_[0, 0, 1].png"
19.13926,-10.485802,"mp-1075040_[0, 0, 1].png"
27.421839,7.1887827,"mp-713_[0, 0, 1].png"
-49.63315,22.353779,"mp-12904_[0, 0, 1].png"
47.840527,17.31448,"mp-2713496_[0, 0, 1].png"
30.329725,-25.734829,"mp-2713553_[0, 0, 1].png"
-30.132872,-26.929226,"mp-1018737_[0, 0, 1].png"
48.693474,31.03817,"mp-2715168_[0, 0, 1].png"
-24.18135,51.119247,"mp-1207381_[0, 0, 1].png"
-18.2901,58.57054,"mp-677080_[0, 0, 1].png"
2.327146,2.5464401,"mp-852194_[0, 0, 1].png"
-2.144007,49.685093,"mp-554885_[0, 0, 1].png"
-31.021376,-34.73483,"mp-1046402_[0, 0, 1].png"
-39.168514,26.491102,"mp-1214457_[0, 0, 1].png"
-5.541545,-15.257028,"mp-758973_[0, 0, 1].png"
2.281609,-36.554165,"mp-1206424_[0, 0, 1].png"
21.208687,31.828648,"mp-2716127_[0, 0, 1].png"
0.31935096,25.151943,"mp-557_[0, 0, 1].png"
-8.622903,-29.647387,"mp-29403_[0, 0, 1].png"
-17.057884,-43.102135,"mp-557543_[0, 0, 1].png"
-32.706127,-6.3365145,"mp-1264900_[0, 0, 1].png"
6.9775896,-49.191536,"mp-961687_[0, 0, 1].png"
-0.025563756,-44.470486,"mp-1222440_[0, 0, 1].png"
24.046219,7.8298087,"mp-1074780_[0, 0, 1].png"
33.7968,-15.357211,"mp-2713410_[0, 0, 1].png"
-34.313572,-30.927202,"mp-1222227_[0, 0, 1].png"
52.877636,25.29299,"mp-1044564_[0, 0, 1].png"
-47.798374,24.35287,"mp-555076_[0, 0, 1].png"
-8.891439,10.856761,"mp-1009828_[0, 0, 1].png"
27.401106,-0.7066258,"mp-676361_[0, 0, 1].png"
18.837011,-22.514523,"mp-1221526_[0, 0, 1].png"
-0.47815698,-44.211243,"mp-1195855_[0, 0, 1].png"
-7.9687366,-31.03535,"mp-562302_[0, 0, 1].png"
0.9585668,43.248642,"mp-766094_[0, 0, 1].png"
-46.045696,-22.31985,"mp-1105701_[0, 0, 1].png"
-27.503592,41.229332,"mp-1102732_[0, 0, 1].png"
-17.277277,55.116676,"mp-31243_[0, 0, 1].png"
-1.925988,57.517147,"mp-1202224_[0, 0, 1].png"
17.875448,44.9187,"mp-634410_[0, 0, 1].png"
20.08151,-30.489769,"mp-1206699_[0, 0, 1].png"
38.14306,35.764114,"mp-2716549_[0, 0, 1].png"
-40.462696,33.93822,"mp-1223736_[0, 0, 1].png"
18.987255,41.32654,"mp-26181_[0, 0, 1].png"
0.8675721,-45.955452,"mp-2715537_[0, 0, 1].png"
18.204443,32.81738,"mp-14873_[0, 0, 1].png"
41.16424,-24.208471,"mp-978489_[0, 0, 1].png"
-4.9672866,42.52887,"mp-5677_[0, 0, 1].png"
-14.250367,-48.454617,"mp-557653_[0, 0, 1].png"
15.898171,39.74466,"mp-1043442_[0, 0, 1].png"
-24.401232,40.055443,"mp-27457_[0, 0, 1].png"
-2.3506317,20.986774,"mp-1208318_[0, 0, 1].png"
-18.09226,-40.52416,"mp-30957_[0, 0, 1].png"
-6.768046,-35.172405,"mp-2716553_[0, 0, 1].png"
-1.4837586,-23.461672,"mp-2712907_[0, 0, 1].png"
38.7591,-27.738354,"mp-16327_[0, 0, 1].png"
-24.7205,29.335203,"mp-1221340_[0, 0, 1].png"
-5.202362,-6.7377424,"mp-1208248_[0, 0, 1].png"
27.62104,9.585524,"mp-21266_[0, 0, 1].png"
-21.697306,42.47307,"mp-1191341_[0, 0, 1].png"
-2.4666884,42.01614,"mp-20471_[0, 0, 1].png"
-49.902203,2.942789,"mp-561547_[0, 0, 1].png"
54.363255,-5.9726734,"mp-1019545_[0, 0, 1].png"
1.423394,-44.866745,"mp-771289_[0, 0, 1].png"
-0.6640976,12.304787,"mp-12101_[0, 0, 1].png"
45.26958,3.4268365,"mp-758173_[0, 0, 1].png"
15.303757,20.378397,"mp-1192337_[0, 0, 1].png"
-42.62151,-2.7494214,"mp-504276_[0, 0, 1].png"
-8.208535,17.95921,"mp-7868_[0, 0, 1].png"
-2.1073654,-27.099188,"mp-651688_[0, 0, 1].png"
-45.355385,-18.785961,"mp-780994_[0, 0, 1].png"
4.766597,-47.965763,"mp-2713546_[0, 0, 1].png"
41.979855,39.88813,"mp-24066_[0, 0, 1].png"
-37.432526,-45.020157,"mp-2712596_[0, 0, 1].png"
-37.07252,-40.823277,"mp-1075102_[0, 0, 1].png"
4.4846597,17.575853,"mp-1220471_[0, 0, 1].png"
-13.354364,0.00920534,"mp-2716320_[0, 0, 1].png"
35.940968,-24.341398,"mp-8449_[0, 0, 1].png"
-39.81472,32.13011,"mp-1073459_[0, 0, 1].png"
-51.34993,-18.78789,"mp-1013874_[0, 0, 1].png"
44.21008,-32.450886,"mp-1026870_[0, 0, 1].png"
19.27761,-37.50846,"mp-1228625_[0, 0, 1].png"
-2.107145,-19.522715,"mp-753353_[0, 0, 1].png"
-16.074154,46.7334,"mp-2712868_[0, 0, 1].png"
6.4613028,-4.7993627,"mp-554150_[0, 0, 1].png"
1.1698883,-16.964296,"mp-10470_[0, 0, 1].png"
-33.740055,-32.51178,"mp-1200912_[0, 0, 1].png"
-3.7383764,-7.6922436,"mp-766687_[0, 0, 1].png"
-37.70167,-6.535895,"mp-560334_[0, 0, 1].png"
-0.11436169,41.949894,"mp-1219276_[0, 0, 1].png"
24.388895,-40.63778,"mp-1019550_[0, 0, 1].png"
-29.743093,-41.87069,"mp-11859_[0, 0, 1].png"
18.659946,44.43045,"mp-3520_[0, 0, 1].png"
20.666626,32.133133,"mp-2715573_[0, 0, 1].png"
-19.053299,-41.912506,"mp-1182046_[0, 0, 1].png"
17.859905,-27.636469,"mp-25238_[0, 0, 1].png"
45.052784,29.240887,"mp-20101_[0, 0, 1].png"
18.250826,12.705059,"mp-1017551_[0, 0, 1].png"
-3.4988053,-21.843044,"mp-2714743_[0, 0, 1].png"
-44.971714,8.330938,"mp-978490_[0, 0, 1].png"
1.1585428,19.811272,"mp-18126_[0, 0, 1].png"
40.19603,37.989773,"mp-570589_[0, 0, 1].png"
-61.495544,-13.077714,"mp-2712586_[0, 0, 1].png"
41.173588,39.42273,"mp-1206050_[0, 0, 1].png"
-42.476864,23.468496,"mp-1025301_[0, 0, 1].png"
-6.3108296,5.7033906,"mp-9844_[0, 0, 1].png"
46.605564,17.419249,"mp-1013558_[0, 0, 1].png"
-18.593754,44.11485,"mp-1079910_[0, 0, 1].png"
-2.3533795,25.737938,"mp-1040468_[0, 0, 1].png"
-11.391218,-34.337048,"mp-29570_[0, 0, 1].png"
5.0484633,-4.4742103,"mp-1102216_[0, 0, 1].png"
13.667009,-29.568253,"mp-771154_[0, 0, 1].png"
-16.14265,6.926521,"mp-707302_[0, 0, 1].png"
-19.492567,-3.0211506,"mp-769025_[0, 0, 1].png"
52.048595,-7.374536,"mp-2877_[0, 0, 1].png"
-24.037823,-3.911198,"mp-2716211_[0, 0, 1].png"
1.8507596,2.623708,"mp-2713393_[0, 0, 1].png"
-5.968507,39.757786,"mp-13052_[0, 0, 1].png"
-29.917328,-22.023445,"mp-2715522_[0, 0, 1].png"
-19.363129,43.25091,"mp-2714477_[0, 0, 1].png"
18.04917,31.173582,"mp-1214005_[0, 0, 1].png"
-43.66354,22.990816,"mp-2714530_[0, 0, 1].png"
51.09967,2.8639262,"mp-1236342_[0, 0, 1].png"
3.6010046,2.7224758,"mp-19926_[0, 0, 1].png"
-49.072834,17.946573,"mp-1215601_[0, 0, 1].png"
-22.670534,-14.850037,"mp-559127_[0, 0, 1].png"
38.622448,31.088947,"mp-558134_[0, 0, 1].png"
42.278862,-35.155006,"mp-558891_[0, 0, 1].png"
-24.777489,43.95673,"mp-7120_[0, 0, 1].png"
-20.063658,55.550575,"mp-1011834_[0, 0, 1].png"
22.235798,-36.73672,"mp-1171010_[0, 0, 1].png"
-17.189697,24.19524,"mp-760367_[0, 0, 1].png"
7.283626,-48.818336,"mp-999052_[0, 0, 1].png"
12.814242,-9.193209,"mp-771112_[0, 0, 1].png"
-8.111263,20.692232,"mp-651723_[0, 0, 1].png"
-40.79882,-43.124447,"mp-1045828_[0, 0, 1].png"
1.723389,59.15694,"mp-766089_[0, 0, 1].png"
8.401142,-22.392136,"mp-1173594_[0, 0, 1].png"
-23.79428,37.519985,"mp-30126_[0, 0, 1].png"
37.134533,-14.272627,"mp-972187_[0, 0, 1].png"
23.940626,-38.345383,"mp-2714399_[0, 0, 1].png"
23.925386,-29.915257,"mp-556802_[0, 0, 1].png"
-27.203785,45.75392,"mp-1428949_[0, 0, 1].png"
7.630305,-1.4991443,"mp-567885_[0, 0, 1].png"
17.838598,-3.0410998,"mp-1018118_[0, 0, 1].png"
-40.534473,25.5777,"mp-742054_[0, 0, 1].png"
43.69516,17.515234,"mp-1041219_[0, 0, 1].png"
14.061867,33.469933,"mp-850916_[0, 0, 1].png"
8.915905,-51.969402,"mp-568696_[0, 0, 1].png"
-3.054785,25.594526,"mp-752925_[0, 0, 1].png"
-44.549942,-21.978361,"mp-769384_[0, 0, 1].png"
17.184624,43.57598,"mp-1210688_[0, 0, 1].png"
1.1050591,-20.871393,"mp-26910_[0, 0, 1].png"
49.199993,26.868322,"mp-1259944_[0, 0, 1].png"
-14.478259,-5.9951806,"mp-1222486_[0, 0, 1].png"
36.04415,41.202797,"mp-1206998_[0, 0, 1].png"
-0.9412292,-44.832485,"mp-2714233_[0, 0, 1].png"
-1.0322047,-51.930607,"mp-40143_[0, 0, 1].png"
24.091806,27.268646,"mp-863415_[0, 0, 1].png"
22.253477,44.385757,"mp-1025521_[0, 0, 1].png"
50.314144,26.240284,"mp-7500_[0, 0, 1].png"
43.72236,-36.87977,"mp-554137_[0, 0, 1].png"
34.39177,3.907463,"mp-2713430_[0, 0, 1].png"
-24.820572,38.07482,"mp-18753_[0, 0, 1].png"
-50.926388,30.98516,"mp-2719342_[0, 0, 1].png"
-1.4205645,21.435255,"mp-3896_[0, 0, 1].png"
5.40723,50.09416,"mp-759115_[0, 0, 1].png"
-33.091816,-30.358261,"mp-631694_[0, 0, 1].png"
-2.8889105,21.56788,"mp-1075592_[0, 0, 1].png"
-50.742325,-12.791135,"mp-626088_[0, 0, 1].png"
37.30284,-29.422035,"mp-755754_[0, 0, 1].png"
2.4388227,37.983624,"mp-23797_[0, 0, 1].png"
30.931202,-24.158152,"mp-2713778_[0, 0, 1].png"
-23.353603,-34.33873,"mp-570645_[0, 0, 1].png"
22.382233,27.326788,"mp-1105923_[0, 0, 1].png"
-28.070917,-42.969307,"mp-10469_[0, 0, 1].png"
15.144487,8.153925,"mp-1178782_[0, 0, 1].png"
50.734623,25.290686,"mp-568196_[0, 0, 1].png"
32.093792,4.328952,"mp-1029718_[0, 0, 1].png"
-55.440125,-13.1645975,"mp-1340191_[0, 0, 1].png"
1.3006798,43.996796,"mp-2716557_[0, 0, 1].png"
14.907249,-9.463858,"mp-722865_[0, 0, 1].png"
25.101114,-34.914795,"mp-2713078_[0, 0, 1].png"
-30.097166,-45.14832,"mp-625238_[0, 0, 1].png"
0.3327749,-40.960964,"mp-1202645_[0, 0, 1].png"
9.533517,-49.25854,"mp-2715613_[0, 0, 1].png"
-27.42871,-19.982748,"mp-543079_[0, 0, 1].png"
13.923742,-24.130423,"mp-1079433_[0, 0, 1].png"
35.20233,32.8095,"mp-779539_[0, 0, 1].png"
40.7338,-7.3455396,"mp-505005_[0, 0, 1].png"
28.09395,-5.3813815,"mp-754222_[0, 0, 1].png"
0.23737034,-45.38522,"mp-1084815_[0, 0, 1].png"
-27.612988,-24.68803,"mp-2712795_[0, 0, 1].png"
26.610592,15.641274,"mp-2715325_[0, 0, 1].png"
46.961723,26.615625,"mp-561328_[0, 0, 1].png"
-60.196968,-6.2454534,"mp-976313_[0, 0, 1].png"
-8.67548,10.490633,"mp-2715926_[0, 0, 1].png"
49.599854,-8.623027,"mp-753447_[0, 0, 1].png"
-53.794037,-12.167351,"mp-1260708_[0, 0, 1].png"
58.917213,-4.492814,"mp-22576_[0, 0, 1].png"
-48.224586,5.42247,"mp-1212296_[0, 0, 1].png"
-31.092062,-26.824121,"mp-1075608_[0, 0, 1].png"
-3.442912,-28.058804,"mp-25239_[0, 0, 1].png"
-1.3104438,16.86577,"mp-1221308_[0, 0, 1].png"
45.942142,-3.2788434,"mp-1201761_[0, 0, 1].png"
52.69896,22.912495,"mp-1186715_[0, 0, 1].png"
-37.349,15.464461,"mp-2715104_[0, 0, 1].png"
-34.786705,-41.836647,"mp-11190_[0, 0, 1].png"
-2.1465561,40.662487,"mp-6980_[0, 0, 1].png"
-33.501125,23.210676,"mp-1019720_[0, 0, 1].png"
-2.268831,-55.896484,"mp-1221284_[0, 0, 1].png"
-9.499423,10.8856945,"mp-1197423_[0, 0, 1].png"
51.735287,17.707918,"mp-1205703_[0, 0, 1].png"
-1.1533003,34.823227,"mp-1206420_[0, 0, 1].png"
-44.76276,30.111,"mp-759400_[0, 0, 1].png"
-37.653294,-6.8919716,"mp-818474_[0, 0, 1].png"
-11.425057,-39.538464,"mp-699405_[0, 0, 1].png"
-18.41366,-43.430546,"mp-623044_[0, 0, 1].png"
-46.30669,20.322384,"mp-625837_[0, 0, 1].png"
30.711351,-24.368603,"mp-695170_[0, 0, 1].png"
17.865099,10.017852,"mp-2716445_[0, 0, 1].png"
22.448467,-38.47356,"mp-2715128_[0, 0, 1].png"
-17.923756,-48.726234,"mp-2713178_[0, 0, 1].png"
-19.374174,4.254759,"mp-1208411_[0, 0, 1].png"
8.20764,3.8748353,"mp-5770_[0, 0, 1].png"
28.54771,6.5501547,"mp-984350_[0, 0, 1].png"
43.60663,-2.8091946,"mp-2715186_[0, 0, 1].png"
22.027872,41.392197,"mp-14091_[0, 0, 1].png"
54.74498,-5.1728415,"mp-2715317_[0, 0, 1].png"
41.14392,-23.314964,"mp-1221246_[0, 0, 1].png"
2.0358562,40.664753,"mp-2714371_[0, 0, 1].png"
14.109914,-34.789173,"mp-865472_[0, 0, 1].png"
2.6271899,62.06736,"mp-19806_[0, 0, 1].png"
-37.42026,17.48018,"mp-2715053_[0, 0, 1].png"
10.624789,0.12875792,"mp-8125_[0, 0, 1].png"
-58.892056,-13.858847,"mp-766325_[0, 0, 1].png"
28.098942,-6.247931,"mp-771705_[0, 0, 1].png"
-37.85473,19.884356,"mp-758574_[0, 0, 1].png"
-4.226084,-21.829437,"mp-978652_[0, 0, 1].png"
-15.942344,22.233725,"mp-753951_[0, 0, 1].png"
38.002945,23.422113,"mp-2714410_[0, 0, 1].png"
22.979685,-39.13808,"mp-549207_[0, 0, 1].png"
-37.40992,-46.24761,"mp-675022_[0, 0, 1].png"
-2.9311788,-23.768139,"mp-1075190_[0, 0, 1].png"
-28.399069,-24.319696,"mp-2713002_[0, 0, 1].png"
-27.648674,33.922733,"mp-1041048_[0, 0, 1].png"
42.914803,23.371729,"mp-831259_[0, 0, 1].png"
-36.581352,-44.883873,"mp-672_[0, 0, 1].png"
7.343474,1.6237525,"mp-1550_[0, 0, 1].png"
-16.217718,-36.23127,"mp-2716038_[0, 0, 1].png"
47.651943,-28.37128,"mp-22532_[0, 0, 1].png"
22.099108,39.015327,"mp-1223129_[0, 0, 1].png"
-24.614176,38.901028,"mp-1296460_[0, 0, 1].png"
-24.541819,5.165876,"mp-23321_[0, 0, 1].png"
50.622784,19.786533,"mp-1009088_[0, 0, 1].png"
52.143234,26.643448,"mp-1017362_[0, 0, 1].png"
-37.818527,30.134218,"mp-1043828_[0, 0, 1].png"
-2.4162583,-50.73359,"mp-1203128_[0, 0, 1].png"
26.073889,-32.81354,"mp-1075610_[0, 0, 1].png"
33.695625,-26.309696,"mp-1172435_[0, 0, 1].png"
41.29264,-1.6260226,"mp-571452_[0, 0, 1].png"
-3.2513137,-25.41384,"mp-560809_[0, 0, 1].png"
0.48352778,-16.081442,"mp-2713533_[0, 0, 1].png"
-37.711796,-33.866623,"mp-1181030_[0, 0, 1].png"
0.5305894,-37.260605,"mp-505513_[0, 0, 1].png"
-44.3998,4.9053917,"mp-705676_[0, 0, 1].png"
-36.507893,-31.29386,"mp-1104707_[0, 0, 1].png"
26.738539,17.384842,"mp-722977_[0, 0, 1].png"
14.288223,-30.994972,"mp-766710_[0, 0, 1].png"
15.251152,-24.021067,"mp-753343_[0, 0, 1].png"
2.2217596,-60.309166,"mp-1099335_[0, 0, 1].png"
2.1816235,43.39142,"mp-24509_[0, 0, 1].png"
22.93484,9.147302,"mp-30224_[0, 0, 1].png"
16.06301,31.53027,"mp-7611_[0, 0, 1].png"
7.1692777,1.0465019,"mp-753156_[0, 0, 1].png"
12.47927,25.12873,"mp-542874_[0, 0, 1].png"
21.533966,-23.442413,"mp-777999_[0, 0, 1].png"
-44.89826,-1.341461,"mp-2714269_[0, 0, 1].png"
42.682495,-8.845505,"mp-1662331_[0, 0, 1].png"
-59.619057,-3.4639316,"mp-558016_[0, 0, 1].png"
33.566956,15.795168,"mp-1219399_[0, 0, 1].png"
8.154768,1.1585159,"mp-2715968_[0, 0, 1].png"
-10.134008,16.953959,"mp-1222471_[0, 0, 1].png"
-4.0869427,-24.994268,"mp-2712925_[0, 0, 1].png"
4.4493804,48.53826,"mp-767687_[0, 0, 1].png"
-1.4159216,-59.511856,"mp-1217849_[0, 0, 1].png"
-19.82144,49.636784,"mp-4633_[0, 0, 1].png"
11.925706,-55.532413,"mp-756986_[0, 0, 1].png"
8.139243,29.212759,"mp-1210128_[0, 0, 1].png"
-4.2093797,35.46669,"mp-759479_[0, 0, 1].png"
-27.774628,34.53772,"mp-2739_[0, 0, 1].png"
17.28493,-33.76377,"mp-778554_[0, 0, 1].png"
-51.660725,30.428947,"mp-556101_[0, 0, 1].png"
-25.044533,49.758076,"mp-755568_[0, 0, 1].png"
-21.675926,-6.2960935,"mp-557112_[0, 0, 1].png"
-5.2131653,-28.670605,"mp-677072_[0, 0, 1].png"
-18.539064,57.18143,"mp-728690_[0, 0, 1].png"
38.581844,-11.313116,"mp-1079623_[0, 0, 1].png"
30.768158,3.8286648,"mp-753860_[0, 0, 1].png"
48.898853,17.285177,"mp-978494_[0, 0, 1].png"
-17.78008,-14.276115,"mp-28262_[0, 0, 1].png"
-33.79285,-3.1661127,"mp-1029517_[0, 0, 1].png"
-40.18398,-15.990454,"mp-1103520_[0, 0, 1].png"
38.989704,-18.73454,"mp-772132_[0, 0, 1].png"
41.380093,28.572264,"mp-2713718_[0, 0, 1].png"
43.829437,-36.796425,"mp-754901_[0, 0, 1].png"
0.5813689,-21.456606,"mp-2565_[0, 0, 1].png"
-45.12562,-13.767268,"mp-1074546_[0, 0, 1].png"
51.02169,-2.9171247,"mp-30155_[0, 0, 1].png"
-2.2316196,44.82776,"mp-34857_[0, 0, 1].png"
20.20334,8.293757,"mp-2715726_[0, 0, 1].png"
-59.291542,-19.820274,"mp-4342_[0, 0, 1].png"
0.19099525,0.67038524,"mp-1075734_[0, 0, 1].png"
49.399815,18.486471,"mp-1565615_[0, 0, 1].png"
30.781355,11.503081,"mp-1199716_[0, 0, 1].png"
0.93664527,10.498998,"mp-20474_[0, 0, 1].png"
36.82535,-21.459108,"mp-556591_[0, 0, 1].png"
15.188692,-31.403446,"mp-568116_[0, 0, 1].png"
-42.910866,27.811277,"mp-1019728_[0, 0, 1].png"
1.538363,-41.99627,"mp-2490_[0, 0, 1].png"
34.895782,33.551968,"mp-1077267_[0, 0, 1].png"
-1.3192768,-59.2929,"mp-1199998_[0, 0, 1].png"
-14.655235,-37.202015,"mp-6766_[0, 0, 1].png"
20.544928,36.901466,"mp-542214_[0, 0, 1].png"
28.34907,4.954918,"mp-752660_[0, 0, 1].png"
-21.02401,7.783553,"mp-2715237_[0, 0, 1].png"
-0.031506702,-40.711143,"mp-1044922_[0, 0, 1].png"
27.382868,-43.50631,"mp-41095_[0, 0, 1].png"
3.963819,-18.626911,"mp-5386_[0, 0, 1].png"
-1.4556141,36.38722,"mp-1075422_[0, 0, 1].png"
-11.109048,-21.413345,"mp-2716191_[0, 0, 1].png"
10.489964,-10.484621,"mp-753694_[0, 0, 1].png"
36.995476,-34.062115,"mp-1245287_[0, 0, 1].png"
1.9379,15.278309,"mp-1194721_[0, 0, 1].png"
44.556637,16.002653,"mp-772753_[0, 0, 1].png"
-43.959995,-19.863926,"mp-2713750_[0, 0, 1].png"
-3.5948179,44.866676,"mp-1222120_[0, 0, 1].png"
13.894752,-2.8936474,"mp-2713735_[0, 0, 1].png"
-30.046394,-22.222006,"mp-23418_[0, 0, 1].png"
-27.350746,-35.69092,"mp-1074714_[0, 0, 1].png"
-25.872288,-5.283068,"mp-12023_[0, 0, 1].png"
-15.485155,20.28439,"mp-1004528_[0, 0, 1].png"
-15.137474,22.5132,"mp-721216_[0, 0, 1].png"
-42.29939,-41.154247,"mp-2714218_[0, 0, 1].png"
15.472585,8.232603,"mp-752900_[0, 0, 1].png"
27.902105,18.083307,"mp-557611_[0, 0, 1].png"
27.225456,-2.988924,"mp-1191528_[0, 0, 1].png"
-53.72802,-11.002583,"mp-2713068_[0, 0, 1].png"
25.691597,46.202816,"mp-546285_[0, 0, 1].png"
36.872047,4.585747,"mp-2715139_[0, 0, 1].png"
55.15219,-5.724038,"mp-1073539_[0, 0, 1].png"
44.976643,-4.14518,"mp-1219203_[0, 0, 1].png"
-43.591053,-16.503473,"mp-1213451_[0, 0, 1].png"
43.107372,-2.4247625,"mp-2716310_[0, 0, 1].png"
17.622929,-43.493515,"mp-859107_[0, 0, 1].png"
33.874187,12.311007,"mp-1210543_[0, 0, 1].png"
-34.404907,-31.967623,"mp-36577_[0, 0, 1].png"
14.38796,-13.188956,"mp-1103228_[0, 0, 1].png"
-51.125713,-20.245455,"mp-1213010_[0, 0, 1].png"
12.201173,-52.65276,"mp-1211154_[0, 0, 1].png"
-26.83514,-23.660265,"mp-1216019_[0, 0, 1].png"
-20.854544,1.8441961,"mp-755582_[0, 0, 1].png"
23.405048,35.84311,"mp-1214149_[0, 0, 1].png"
-45.99467,0.42877826,"mp-1026712_[0, 0, 1].png"
57.42871,-5.686912,"mp-1196624_[0, 0, 1].png"
20.141895,41.898632,"mp-7290_[0, 0, 1].png"
-6.872215,39.80322,"mp-1096343_[0, 0, 1].png"
-44.633656,-15.336532,"mp-618177_[0, 0, 1].png"
53.178177,-7.353962,"mp-15205_[0, 0, 1].png"
33.54214,-29.239822,"mp-1880_[0, 0, 1].png"
-32.063232,2.3024027,"mp-16086_[0, 0, 1].png"
-0.6755513,46.831245,"mp-2715505_[0, 0, 1].png"
-1.427783,-16.081617,"mp-1102866_[0, 0, 1].png"
10.064894,29.347103,"mp-753178_[0, 0, 1].png"
-5.4760537,38.01753,"mp-2715425_[0, 0, 1].png"
12.492502,-31.3871,"mp-2715323_[0, 0, 1].png"
22.412872,9.112875,"mp-23353_[0, 0, 1].png"
22.863003,34.093674,"mp-2716255_[0, 0, 1].png"
-3.365505,-60.400375,"mp-1073864_[0, 0, 1].png"
2.4147727,-34.858475,"mp-12838_[0, 0, 1].png"
41.494102,33.662098,"mp-2716018_[0, 0, 1].png"
-48.201256,21.581121,"mp-29510_[0, 0, 1].png"
-62.57203,-7.60375,"mp-753382_[0, 0, 1].png"
1.3873498,54.02709,"mp-4609_[0, 0, 1].png"
-22.060814,-9.1493435,"mp-2713288_[0, 0, 1].png"
-2.2375855,51.18353,"mp-2714849_[0, 0, 1].png"
0.109400734,-8.321924,"mp-1217498_[0, 0, 1].png"
-19.4601,28.74262,"mp-675511_[0, 0, 1].png"
45.7974,24.629929,"mp-1080747_[0, 0, 1].png"
5.203163,62.874657,"mp-8535_[0, 0, 1].png"
42.056606,19.40564,"mp-17633_[0, 0, 1].png"
15.620317,33.58464,"mp-2538_[0, 0, 1].png"
25.844198,-33.677956,"mp-560513_[0, 0, 1].png"
-58.217304,-18.33602,"mp-1541585_[0, 0, 1].png"
27.983873,-1.5091909,"mp-768230_[0, 0, 1].png"
3.7740507,-0.39059293,"mp-570804_[0, 0, 1].png"
24.903067,44.022755,"mp-549697_[0, 0, 1].png"
14.710021,-30.073366,"mp-11773_[0, 0, 1].png"
-5.495541,37.304596,"mp-2714271_[0, 0, 1].png"
46.905857,24.051943,"mp-2712702_[0, 0, 1].png"
1.6332679,19.471132,"mp-753647_[0, 0, 1].png"
-56.865993,-5.945023,"mp-5239_[0, 0, 1].png"
-37.82412,15.706605,"mp-568551_[0, 0, 1].png"
20.859673,-21.944857,"mp-6239_[0, 0, 1].png"
-40.189354,27.965488,"mp-1040460_[0, 0, 1].png"
-27.008968,15.362377,"mp-780709_[0, 0, 1].png"
8.233073,28.510864,"mp-1017442_[0, 0, 1].png"
7.1413054,45.17315,"mp-1025340_[0, 0, 1].png"
-27.222958,36.37125,"mp-1577058_[0, 0, 1].png"
-10.71589,-32.60695,"mp-1074417_[0, 0, 1].png"
30.081396,-18.198925,"mp-6486_[0, 0, 1].png"
5.5911283,0.1417682,"mp-627591_[0, 0, 1].png"
-17.798788,-39.653297,"mp-29877_[0, 0, 1].png"
-24.02213,34.72478,"mp-2714364_[0, 0, 1].png"
26.540865,-33.193123,"mp-864900_[0, 0, 1].png"
-2.2186925,16.977789,"mp-2715410_[0, 0, 1].png"
27.06363,10.607664,"mp-1208991_[0, 0, 1].png"
39.9409,19.853216,"mp-2714270_[0, 0, 1].png"
33.22374,4.577565,"mp-1205304_[0, 0, 1].png"
-26.810274,39.0964,"mp-3677_[0, 0, 1].png"
-1.3767992,-16.411005,"mp-16836_[0, 0, 1].png"
1.7603303,-63.007545,"mp-1179488_[0, 0, 1].png"
-0.9032816,-58.018696,"mp-669318_[0, 0, 1].png"
8.239525,-55.90243,"mp-1046249_[0, 0, 1].png"
10.217915,30.766085,"mp-1095916_[0, 0, 1].png"
5.2755766,59.522736,"mp-1182411_[0, 0, 1].png"
-21.711523,40.0152,"mp-758521_[0, 0, 1].png"
36.108612,25.937832,"mp-1069604_[0, 0, 1].png"
41.61482,-18.405003,"mp-582983_[0, 0, 1].png"
-24.395039,45.026833,"mp-1019792_[0, 0, 1].png"
41.322296,-36.66075,"mp-1189066_[0, 0, 1].png"
16.087042,-32.088177,"mp-568228_[0, 0, 1].png"
-34.916035,-31.918825,"mp-2715153_[0, 0, 1].png"
-22.805214,0.48137414,"mp-8346_[0, 0, 1].png"
8.864993,47.564564,"mp-19349_[0, 0, 1].png"
3.1893284,2.7678816,"mp-17297_[0, 0, 1].png"
-13.232842,6.905886,"mp-2714104_[0, 0, 1].png"
34.07067,28.27226,"mp-37399_[0, 0, 1].png"
9.176119,-52.80439,"mp-530399_[0, 0, 1].png"
-26.254805,-23.839128,"mp-757123_[0, 0, 1].png"
13.51122,33.025528,"mp-1189249_[0, 0, 1].png"
-11.94646,9.802357,"mp-2716214_[0, 0, 1].png"
15.55321,-33.888077,"mp-2716126_[0, 0, 1].png"
-46.437885,-11.117201,"mp-559256_[0, 0, 1].png"
-33.50777,-39.641575,"mp-758597_[0, 0, 1].png"
-16.280813,46.12317,"mp-1234312_[0, 0, 1].png"
1.0899252,-11.8835945,"mp-1185209_[0, 0, 1].png"
2.907916,47.29204,"mp-1255391_[0, 0, 1].png"
34.111763,9.546078,"mp-1013586_[0, 0, 1].png"
13.129067,-26.453098,"mp-1249332_[0, 0, 1].png"
12.935196,-11.674865,"mp-2716052_[0, 0, 1].png"
-49.57076,-24.059069,"mp-555211_[0, 0, 1].png"
-38.36813,31.637625,"mp-772843_[0, 0, 1].png"
10.324898,-21.69644,"mp-978840_[0, 0, 1].png"
-21.460909,32.194283,"mp-752405_[0, 0, 1].png"
-16.939545,-13.2396345,"mp-755693_[0, 0, 1].png"
23.237154,46.73506,"mp-865904_[0, 0, 1].png"
43.277298,16.114084,"mp-1198317_[0, 0, 1].png"
-24.494413,53.616116,"mp-2716195_[0, 0, 1].png"
34.81495,-25.109516,"mp-1219492_[0, 0, 1].png"
3.1975543,-57.47079,"mp-1247482_[0, 0, 1].png"
-1.3449646,19.739258,"mp-675098_[0, 0, 1].png"
-7.657591,-8.5338335,"mp-1073416_[0, 0, 1].png"
-13.683398,4.202881,"mp-674350_[0, 0, 1].png"
11.2598915,-51.10195,"mp-1044873_[0, 0, 1].png"
3.9710104,58.03389,"mp-13108_[0, 0, 1].png"
-56.322968,-19.679695,"mp-1216511_[0, 0, 1].png"
-11.122083,14.183425,"mp-2716020_[0, 0, 1].png"
50.495895,1.186531,"mp-568867_[0, 0, 1].png"
19.81858,44.80157,"mp-675682_[0, 0, 1].png"
-13.926267,-30.209246,"mp-1034615_[0, 0, 1].png"
-42.81102,4.858128,"mp-557147_[0, 0, 1].png"
-50.371456,-21.39122,"mp-10162_[0, 0, 1].png"
-17.96751,1.3743045,"mp-1222116_[0, 0, 1].png"
31.88221,0.7351836,"mp-28792_[0, 0, 1].png"
-43.26351,0.8062141,"mp-762649_[0, 0, 1].png"
3.7964694,43.12398,"mp-1219307_[0, 0, 1].png"
29.243153,-6.1346154,"mp-2712788_[0, 0, 1].png"
45.902863,-6.244919,"mp-9967_[0, 0, 1].png"
8.161153,-26.92972,"mp-1073065_[0, 0, 1].png"
-1.3065753,2.484487,"mp-1048795_[0, 0, 1].png"
6.4587636,-61.26331,"mp-1263751_[0, 0, 1].png"
-27.575062,21.265947,"mp-1196659_[0, 0, 1].png"
-48.661194,5.695454,"mp-754172_[0, 0, 1].png"
35.83724,-16.384804,"mp-1020656_[0, 0, 1].png"
4.671651,18.572554,"mp-1217191_[0, 0, 1].png"
-29.08937,-26.792105,"mp-771892_[0, 0, 1].png"
4.430123,-4.742369,"mp-1075013_[0, 0, 1].png"
-7.582179,-13.743299,"mp-560527_[0, 0, 1].png"
23.91203,37.076855,"mp-1223578_[0, 0, 1].png"
42.79304,-3.0717387,"mp-568536_[0, 0, 1].png"
0.7574397,55.56011,"mp-2712688_[0, 0, 1].png"
12.120261,-58.622463,"mp-6853_[0, 0, 1].png"
-15.99745,51.814667,"mp-1196398_[0, 0, 1].png"
22.889267,-35.01486,"mp-1073861_[0, 0, 1].png"
-2.8954487,24.575743,"mp-757146_[0, 0, 1].png"
18.268719,39.564564,"mp-569070_[0, 0, 1].png"
-29.724764,19.396008,"mp-772645_[0, 0, 1].png"
40.72086,40.64343,"mp-1225473_[0, 0, 1].png"
35.821842,26.22871,"mp-2715252_[0, 0, 1].png"
12.863056,26.364246,"mp-625583_[0, 0, 1].png"
-35.713917,-6.4428024,"mp-1212872_[0, 0, 1].png"
-12.671051,25.158922,"mp-7624_[0, 0, 1].png"
28.763596,6.585124,"mp-10097_[0, 0, 1].png"
-23.419542,-27.518131,"mp-1206584_[0, 0, 1].png"
19.218328,12.46015,"mp-1208515_[0, 0, 1].png"
50.613327,-1.2936664,"mp-1219261_[0, 0, 1].png"
3.0583887,47.617043,"mp-975044_[0, 0, 1].png"
-14.6266165,4.8064976,"mp-978532_[0, 0, 1].png"
-5.638217,-32.500725,"mp-669393_[0, 0, 1].png"
25.077507,-42.863804,"mp-759876_[0, 0, 1].png"
-56.55046,-14.128819,"mp-1204300_[0, 0, 1].png"
46.124752,20.502495,"mp-2714592_[0, 0, 1].png"
-8.553582,-8.752592,"mp-570637_[0, 0, 1].png"
-29.895403,-29.388584,"mp-35695_[0, 0, 1].png"
-16.075674,-0.49209753,"mp-1027884_[0, 0, 1].png"
-34.71513,-6.3162723,"mp-1222090_[0, 0, 1].png"
23.012306,43.565586,"mp-2716399_[0, 0, 1].png"
-24.861933,-30.71233,"mp-1220452_[0, 0, 1].png"
-21.075806,57.593548,"mp-1225379_[0, 0, 1].png"
46.205276,17.511616,"mp-753845_[0, 0, 1].png"
-3.941183,51.787247,"mp-756873_[0, 0, 1].png"
1.0886793,62.29374,"mp-765986_[0, 0, 1].png"
-23.597387,-13.290526,"mp-2713087_[0, 0, 1].png"
6.599523,-62.279915,"mp-8258_[0, 0, 1].png"
33.7253,0.5663771,"mp-753346_[0, 0, 1].png"
-16.745605,-48.274475,"mp-1001843_[0, 0, 1].png"
12.862537,-11.643535,"mp-1208229_[0, 0, 1].png"
15.518589,41.353706,"mp-18391_[0, 0, 1].png"
1.2929828,-37.32341,"mp-560030_[0, 0, 1].png"
-12.040497,-23.495554,"mp-2714381_[0, 0, 1].png"
26.8497,17.505606,"mp-1193671_[0, 0, 1].png"
-19.06122,55.407917,"mp-865782_[0, 0, 1].png"
-3.7241151,-24.270985,"mp-1203642_[0, 0, 1].png"
51.52406,30.850166,"mp-1221039_[0, 0, 1].png"
-2.4752808,34.78552,"mp-703568_[0, 0, 1].png"
58.747387,7.432151,"mp-1403979_[0, 0, 1].png"
-17.897991,31.823217,"mp-555990_[0, 0, 1].png"
44.445374,28.988855,"mp-1217661_[0, 0, 1].png"
55.978024,-0.96900463,"mp-553932_[0, 0, 1].png"
59.606968,-4.814348,"mp-556609_[0, 0, 1].png"
22.26542,34.030838,"mp-626073_[0, 0, 1].png"
2.364511,-64.389015,"mp-1013565_[0, 0, 1].png"
60.265236,3.7515826,"mp-863696_[0, 0, 1].png"
-47.512146,0.3812664,"mp-2961_[0, 0, 1].png"
-41.90969,1.9701488,"mp-1073593_[0, 0, 1].png"
14.612752,-32.9102,"mp-4105_[0, 0, 1].png"
-32.423664,28.86133,"mp-1214062_[0, 0, 1].png"
-17.116905,-43.712368,"mp-505512_[0, 0, 1].png"
40.75563,-3.0568976,"mp-758939_[0, 0, 1].png"
-44.42329,5.6243215,"mp-1182061_[0, 0, 1].png"
25.093838,-45.171803,"mp-1222805_[0, 0, 1].png"
-44.571583,25.189402,"mp-1028270_[0, 0, 1].png"
-14.362349,-32.22923,"mp-1200292_[0, 0, 1].png"
0.03213992,17.601263,"mp-540193_[0, 0, 1].png"
-26.105404,41.49606,"mp-13726_[0, 0, 1].png"
1.5677427,-20.880157,"mp-555411_[0, 0, 1].png"
60.74825,6.369389,"mp-10614_[0, 0, 1].png"
-16.448107,-1.5540278,"mp-16329_[0, 0, 1].png"
58.91164,6.400575,"mp-759281_[0, 0, 1].png"
-59.69804,-11.769172,"mp-1246418_[0, 0, 1].png"
-32.50847,14.983797,"mp-1048318_[0, 0, 1].png"
17.491528,22.027155,"mp-1207426_[0, 0, 1].png"
-49.488445,-20.72398,"mp-8124_[0, 0, 1].png"
38.59769,-28.951015,"mp-1194858_[0, 0, 1].png"
44.046173,-8.458355,"mp-1223631_[0, 0, 1].png"
-13.684718,-29.165216,"mp-1101765_[0, 0, 1].png"
30.808563,-21.606867,"mp-972752_[0, 0, 1].png"
43.196087,-29.40575,"mp-1210796_[0, 0, 1].png"
47.56824,-7.3599353,"mp-31488_[0, 0, 1].png"
27.413624,-5.7167172,"mp-1175_[0, 0, 1].png"
-33.278313,-5.873383,"mp-2713442_[0, 0, 1].png"
39.73609,-31.77319,"mp-759609_[0, 0, 1].png"
1.757574,-0.65595055,"mp-771971_[0, 0, 1].png"
45.544548,-31.41789,"mp-560886_[0, 0, 1].png"
58.23926,0.2638278,"mp-1197175_[0, 0, 1].png"
-2.433269,23.927519,"mp-567416_[0, 0, 1].png"
10.723411,-8.8369,"mp-17766_[0, 0, 1].png"
56.119244,-8.858458,"mp-1194977_[0, 0, 1].png"
-22.428751,25.33216,"mp-2713691_[0, 0, 1].png"
-25.440735,-35.41257,"mp-1073308_[0, 0, 1].png"
18.778805,7.380925,"mp-2716303_[0, 0, 1].png"
20.433266,-36.733597,"mp-758271_[0, 0, 1].png"
28.16197,-40.605087,"mp-30321_[0, 0, 1].png"
18.649519,-8.132731,"mp-759671_[0, 0, 1].png"
36.678432,-26.674173,"mp-2714425_[0, 0, 1].png"
3.5941532,60.734818,"mp-555960_[0, 0, 1].png"
-26.321503,30.19751,"mp-5893_[0, 0, 1].png"
26.11064,17.480364,"mp-3652_[0, 0, 1].png"
18.68538,-38.9319,"mp-21306_[0, 0, 1].png"
-0.13211142,-40.72861,"mp-2715277_[0, 0, 1].png"
18.32947,26.53199,"mp-753932_[0, 0, 1].png"
-34.05867,16.72131,"mp-2712577_[0, 0, 1].png"
-31.504612,18.926905,"mp-5782_[0, 0, 1].png"
-23.47481,-27.98815,"mp-977414_[0, 0, 1].png"
40.971886,17.967667,"mp-1194460_[0, 0, 1].png"
50.511612,26.131586,"mp-2715614_[0, 0, 1].png"
-17.41133,36.956238,"mp-1210804_[0, 0, 1].png"
35.052708,10.993917,"mp-2715052_[0, 0, 1].png"
20.333767,-32.474834,"mp-780871_[0, 0, 1].png"
22.913609,9.409133,"mp-864645_[0, 0, 1].png"
-7.5648127,23.658249,"mp-2715798_[0, 0, 1].png"
50.48642,-7.28467,"mp-1217231_[0, 0, 1].png"
3.6270137,0.20029931,"mp-1217644_[0, 0, 1].png"
-42.754326,18.490248,"mp-5732_[0, 0, 1].png"
-43.600224,24.907389,"mp-1075335_[0, 0, 1].png"
7.415449,-56.64812,"mp-559605_[0, 0, 1].png"
3.8916793,12.833921,"mp-557004_[0, 0, 1].png"
62.021168,9.326935,"mp-11738_[0, 0, 1].png"
44.49068,1.8568972,"mp-18071_[0, 0, 1].png"
11.977726,-2.0711336,"mp-1220075_[0, 0, 1].png"
-32.259766,-31.550713,"mp-541844_[0, 0, 1].png"
1.1190459,41.454147,"mp-1163940_[0, 0, 1].png"
-49.87381,-19.638111,"mp-38011_[0, 0, 1].png"
29.906773,8.476882,"mp-757939_[0, 0, 1].png"
-32.469,18.134327,"mp-556564_[0, 0, 1].png"
23.431168,-11.855117,"mp-1200564_[0, 0, 1].png"
-25.583326,52.672825,"mp-1046184_[0, 0, 1].png"
-25.313728,31.775795,"mp-1073672_[0, 0, 1].png"
-15.440727,22.279608,"mp-15895_[0, 0, 1].png"
1.0343646,-64.74139,"mp-2713614_[0, 0, 1].png"
6.4502015,52.080425,"mp-2712791_[0, 0, 1].png"
18.007095,29.525236,"mp-795_[0, 0, 1].png"
-37.30232,22.142424,"mp-571558_[0, 0, 1].png"
-10.059726,25.206837,"mp-252_[0, 0, 1].png"
45.68378,19.966908,"mp-2713447_[0, 0, 1].png"
-7.447853,22.47882,"mp-771147_[0, 0, 1].png"
-9.9820175,-24.458231,"mp-30990_[0, 0, 1].png"
22.628885,30.632034,"mp-25246_[0, 0, 1].png"
37.279995,41.25424,"mp-1204182_[0, 0, 1].png"
-17.509943,37.36625,"mp-1019510_[0, 0, 1].png"
18.460745,8.953691,"mp-693358_[0, 0, 1].png"
19.40546,46.387867,"mp-2715635_[0, 0, 1].png"
-46.39687,3.6622405,"mp-626037_[0, 0, 1].png"
-32.96932,23.874043,"mp-766023_[0, 0, 1].png"
5.6904764,49.620472,"mp-1074131_[0, 0, 1].png"
23.930536,10.157029,"mp-676278_[0, 0, 1].png"
-38.787216,-20.279104,"mp-1194390_[0, 0, 1].png"
24.121803,29.139143,"mp-1210718_[0, 0, 1].png"
-18.769455,-15.065101,"mp-567353_[0, 0, 1].png"
-34.228016,-6.8799653,"mp-1199507_[0, 0, 1].png"
45.003498,17.028553,"mp-570744_[0, 0, 1].png"
47.236202,-0.62072504,"mp-2715974_[0, 0, 1].png"
-22.106955,-6.134379,"mp-1202253_[0, 0, 1].png"
22.439047,32.658695,"mp-2715896_[0, 0, 1].png"
27.494581,16.977936,"mp-1095507_[0, 0, 1].png"
-30.562534,-22.574614,"mp-21178_[0, 0, 1].png"
-44.638332,0.77886903,"mp-777553_[0, 0, 1].png"
23.401365,7.0534925,"mp-753227_[0, 0, 1].png"
-37.20411,27.81783,"mp-686735_[0, 0, 1].png"
48.031128,24.763397,"mp-2716198_[0, 0, 1].png"
28.454956,17.123388,"mp-8537_[0, 0, 1].png"
-3.4418063,-49.917965,"mp-775293_[0, 0, 1].png"
-37.79952,-45.8157,"mp-1188839_[0, 0, 1].png"
21.188757,12.381726,"mp-673168_[0, 0, 1].png"
-1.1103603,-17.229052,"mp-2715057_[0, 0, 1].png"
9.263908,-22.290422,"mp-1989_[0, 0, 1].png"
30.346558,-19.196478,"mp-5057_[0, 0, 1].png"
-2.4898703,17.903313,"mp-28980_[0, 0, 1].png"
19.812891,12.996795,"mp-2712683_[0, 0, 1].png"
47.59889,-5.074177,"mp-1019737_[0, 0, 1].png"
41.236,19.99665,"mp-1073917_[0, 0, 1].png"
11.850327,1.3601589,"mp-27608_[0, 0, 1].png"
0.78177494,-51.738285,"mp-29881_[0, 0, 1].png"
-23.02394,33.95994,"mp-567817_[0, 0, 1].png"
-1.5024822,-16.461346,"mp-9605_[0, 0, 1].png"
-26.57179,22.729145,"mp-13955_[0, 0, 1].png"
-31.847528,-27.983875,"mp-23563_[0, 0, 1].png"
-15.11664,7.5525866,"mp-2219637_[0, 0, 1].png"
-45.84672,18.961403,"mp-759075_[0, 0, 1].png"
15.192705,-34.621174,"mp-1073495_[0, 0, 1].png"
44.973007,30.098804,"mp-541937_[0, 0, 1].png"
-13.555039,-35.971996,"mp-23909_[0, 0, 1].png"
-53.996765,-13.801097,"mp-571044_[0, 0, 1].png"
-8.774659,22.063396,"mp-760684_[0, 0, 1].png"
-23.659834,40.51425,"mp-2713400_[0, 0, 1].png"
36.394615,-29.192408,"mp-1074350_[0, 0, 1].png"
7.6553254,-29.726547,"mp-1202365_[0, 0, 1].png"
29.790876,3.7271397,"mp-755821_[0, 0, 1].png"
52.528965,3.5709212,"mp-1226886_[0, 0, 1].png"
26.656275,7.2678847,"mp-2715924_[0, 0, 1].png"
25.661896,-35.803745,"mp-1651352_[0, 0, 1].png"
4.097554,21.10579,"mp-675324_[0, 0, 1].png"
16.93635,-37.00418,"mp-3651_[0, 0, 1].png"
40.396656,20.760838,"mp-20281_[0, 0, 1].png"
47.65914,-0.17143069,"mp-10152_[0, 0, 1].png"
-13.575143,7.1882463,"mp-2714570_[0, 0, 1].png"
-2.8642855,-19.491749,"mp-27897_[0, 0, 1].png"
-10.116182,-38.541344,"mp-729576_[0, 0, 1].png"
-37.582584,17.548676,"mp-765142_[0, 0, 1].png"
-11.639755,0.24202217,"mp-2715646_[0, 0, 1].png"
11.762072,38.509148,"mp-7193_[0, 0, 1].png"
20.56235,25.001942,"mp-768176_[0, 0, 1].png"
-31.130054,-45.876595,"mp-567203_[0, 0, 1].png"
6.5703053,63.26885,"mp-1156_[0, 0, 1].png"
6.359521,-1.0432235,"mp-755674_[0, 0, 1].png"
-31.31015,13.068183,"mp-28027_[0, 0, 1].png"
34.050007,32.68403,"mp-1219568_[0, 0, 1].png"
-30.479128,-31.816904,"mp-15307_[0, 0, 1].png"
-26.519098,48.59214,"mp-1074803_[0, 0, 1].png"
-55.293346,-11.391611,"mp-1215386_[0, 0, 1].png"
3.8544266,-5.1755514,"mp-1220602_[0, 0, 1].png"
1.027161,14.186737,"mp-1193111_[0, 0, 1].png"
-39.592968,21.042326,"mp-568358_[0, 0, 1].png"
1.6099335,42.425194,"mp-11321_[0, 0, 1].png"
1.2347274,-35.426342,"mp-29289_[0, 0, 1].png"
2.2041728,11.3746395,"mp-542942_[0, 0, 1].png"
-11.247001,-20.384771,"mp-3194_[0, 0, 1].png"
-47.92228,25.336191,"mp-568259_[0, 0, 1].png"
-5.906578,-27.930262,"mp-1210608_[0, 0, 1].png"
-27.827019,33.43472,"mp-26326_[0, 0, 1].png"
5.1042666,49.74938,"mp-557778_[0, 0, 1].png"
28.664648,16.72451,"mp-2714751_[0, 0, 1].png"
-0.049863208,1.4454339,"mp-622295_[0, 0, 1].png"
-1.4322939,-44.00737,"mp-1195418_[0, 0, 1].png"
-34.61174,-35.115173,"mp-755244_[0, 0, 1].png"
-38.432888,-45.903446,"mp-770967_[0, 0, 1].png"
-34.334824,-45.839466,"mp-1078858_[0, 0, 1].png"
36.53619,-12.928776,"mp-1197716_[0, 0, 1].png"
-5.2237897,-6.8065124,"mp-17404_[0, 0, 1].png"
4.01249,54.909958,"mp-2716474_[0, 0, 1].png"
37.56217,-34.3031,"mp-757122_[0, 0, 1].png"
-3.5113444,23.783363,"mp-758499_[0, 0, 1].png"
30.675478,10.749943,"mp-2714287_[0, 0, 1].png"
58.808815,2.5802908,"mp-5659_[0, 0, 1].png"
0.30617887,41.194878,"mp-34982_[0, 0, 1].png"
41.348686,-27.013494,"mp-1226517_[0, 0, 1].png"
-6.601498,4.884052,"mp-699464_[0, 0, 1].png"
1.9502361,-47.489765,"mp-28508_[0, 0, 1].png"
15.23563,22.719093,"mp-778622_[0, 0, 1].png"
-9.589076,10.296106,"mp-1019099_[0, 0, 1].png"
-34.39371,19.27172,"mp-2715759_[0, 0, 1].png"
-8.450738,7.186789,"mp-1245467_[0, 0, 1].png"
36.518787,-19.361418,"mp-1209344_[0, 0, 1].png"
13.848921,30.844683,"mp-766039_[0, 0, 1].png"
15.60196,21.96814,"mp-767620_[0, 0, 1].png"
-56.477955,-8.924837,"mp-1019570_[0, 0, 1].png"
-35.727333,-29.615046,"mp-18661_[0, 0, 1].png"
-13.427965,-33.122204,"mp-1041662_[0, 0, 1].png"
15.972805,42.59557,"mp-690_[0, 0, 1].png"
21.866726,-23.681168,"mp-154_[0, 0, 1].png"
-22.314333,48.05206,"mp-1025315_[0, 0, 1].png"
43.96216,30.50943,"mp-28842_[0, 0, 1].png"
22.97517,1.7219027,"mp-7548_[0, 0, 1].png"
-24.875792,-35.195183,"mp-1228209_[0, 0, 1].png"
-59.323578,-9.43851,"mp-695648_[0, 0, 1].png"
9.589132,0.31914973,"mp-632326_[0, 0, 1].png"
-30.165398,17.587233,"mp-641917_[0, 0, 1].png"
-5.0969024,15.732994,"mp-1020108_[0, 0, 1].png"
-3.7279563,-24.264517,"mp-29760_[0, 0, 1].png"
-4.017953,-24.33349,"mp-1220823_[0, 0, 1].png"
-5.360583,8.009739,"mp-2715568_[0, 0, 1].png"
5.634417,56.71564,"mp-532143_[0, 0, 1].png"
12.079953,-25.66366,"mp-2716267_[0, 0, 1].png"
3.718275,49.84883,"mp-961665_[0, 0, 1].png"
-12.714838,-38.012863,"mp-556982_[0, 0, 1].png"
-15.490831,42.25312,"mp-1043556_[0, 0, 1].png"
6.1871457,-63.610935,"mp-1264292_[0, 0, 1].png"
-34.70693,-41.687202,"mp-2713845_[0, 0, 1].png"
-6.790957,-22.27067,"mp-1209083_[0, 0, 1].png"
-61.594322,-10.454718,"mp-1188881_[0, 0, 1].png"
-43.677887,1.0671173,"mp-2713836_[0, 0, 1].png"
-21.576931,-12.094476,"mp-2714861_[0, 0, 1].png"
-44.284344,18.78932,"mp-29172_[0, 0, 1].png"
-18.444242,-43.082745,"mp-1157231_[0, 0, 1].png"
22.77171,6.616822,"mp-761765_[0, 0, 1].png"
-64.47322,-4.8263707,"mp-756520_[0, 0, 1].png"
-57.56179,-14.157311,"mp-27272_[0, 0, 1].png"
23.327402,17.112192,"mp-2713770_[0, 0, 1].png"
-17.999132,41.115917,"mp-567542_[0, 0, 1].png"
-21.056944,57.470764,"mp-1022831_[0, 0, 1].png"
12.413868,-2.6636426,"mp-1350370_[0, 0, 1].png"
12.285038,-26.788404,"mp-2716411_[0, 0, 1].png"
-19.340368,-13.910592,"mp-972448_[0, 0, 1].png"
37.471703,34.361343,"mp-640791_[0, 0, 1].png"
20.782913,14.010657,"mp-33606_[0, 0, 1].png"
45.524036,-2.290455,"mp-752535_[0, 0, 1].png"
19.967073,-10.368003,"mp-29466_[0, 0, 1].png"
62.49116,6.010618,"mp-14208_[0, 0, 1].png"
50.44975,-14.332463,"mp-758473_[0, 0, 1].png"
-5.3469105,-8.569877,"mp-756084_[0, 0, 1].png"
-33.850426,4.8673735,"mp-1204608_[0, 0, 1].png"
-19.327192,-10.22416,"mp-754009_[0, 0, 1].png"
-1.4227227,-9.466949,"mp-1073586_[0, 0, 1].png"
24.079605,1.2858616,"mp-35876_[0, 0, 1].png"
2.1078417,-19.123764,"mp-2713015_[0, 0, 1].png"
-48.002083,22.41032,"mp-1194712_[0, 0, 1].png"
3.6399105,-63.204926,"mp-4014_[0, 0, 1].png"
41.936436,36.47661,"mp-23297_[0, 0, 1].png"
-28.759901,16.860268,"mp-2478_[0, 0, 1].png"
15.261837,-25.742517,"mp-1445093_[0, 0, 1].png"
16.09623,20.437298,"mp-1001780_[0, 0, 1].png"
-10.738049,-35.46036,"mp-1247485_[0, 0, 1].png"
32.07166,9.355998,"mp-754919_[0, 0, 1].png"
-46.328125,0.31269765,"mp-978852_[0, 0, 1].png"
27.17272,17.195896,"mp-699393_[0, 0, 1].png"
-33.68651,-26.906342,"mp-780653_[0, 0, 1].png"
-12.640978,-41.206337,"mp-557343_[0, 0, 1].png"
-20.773577,54.57105,"mp-2716419_[0, 0, 1].png"
-48.532852,3.229962,"mp-11653_[0, 0, 1].png"
-32.043148,-1.3703389,"mp-14983_[0, 0, 1].png"
56.304043,1.4773551,"mp-756044_[0, 0, 1].png"
4.8454766,59.25054,"mp-2715619_[0, 0, 1].png"
19.416655,-38.564228,"mp-2712545_[0, 0, 1].png"
11.0699005,-2.4105117,"mp-1650011_[0, 0, 1].png"
-21.884117,38.824505,"mp-1201331_[0, 0, 1].png"
30.922586,11.20831,"mp-2716301_[0, 0, 1].png"
15.0633955,-37.265682,"mp-1026698_[0, 0, 1].png"
25.339874,17.28835,"mp-1039945_[0, 0, 1].png"
37.846054,33.139874,"mp-29109_[0, 0, 1].png"
-24.346725,34.083363,"mp-20778_[0, 0, 1].png"
-22.46088,-3.7639742,"mp-758057_[0, 0, 1].png"
18.477453,6.421409,"mp-2715828_[0, 0, 1].png"
-35.76245,-42.70174,"mp-1222184_[0, 0, 1].png"
15.579244,40.4983,"mp-1073157_[0, 0, 1].png"
-17.936073,4.6116867,"mp-1265172_[0, 0, 1].png"
20.370539,4.7146854,"mp-2716064_[0, 0, 1].png"
-1.6258372,49.657093,"mp-2715988_[0, 0, 1].png"
-51.02302,-16.0427,"mp-556002_[0, 0, 1].png"
30.808939,9.3132305,"mp-1077109_[0, 0, 1].png"
9.053408,-45.333065,"mp-676002_[0, 0, 1].png"
43.71806,-11.838388,"mp-1046375_[0, 0, 1].png"
4.887279,-59.27184,"mp-2716526_[0, 0, 1].png"
-47.336315,2.4436796,"mp-2716482_[0, 0, 1].png"
62.151093,8.758236,"mp-1228004_[0, 0, 1].png"
-42.541615,-42.238934,"mp-1040810_[0, 0, 1].png"
39.673347,-11.61041,"mp-2716571_[0, 0, 1].png"
-44.955273,0.39173585,"mp-1075609_[0, 0, 1].png"
61.88233,9.138249,"mp-756638_[0, 0, 1].png"
-59.136578,-10.811499,"mp-1075412_[0, 0, 1].png"
-47.373543,21.950464,"mp-570102_[0, 0, 1].png"
-59.422657,-10.102561,"mp-8937_[0, 0, 1].png"
40.717415,-20.504553,"mp-2715452_[0, 0, 1].png"
0.078672014,-22.109764,"mp-1211336_[0, 0, 1].png"
-2.7436209,19.722452,"mp-505288_[0, 0, 1].png"
-0.38992468,14.659631,"mp-1011860_[0, 0, 1].png"
14.989791,-20.674911,"mp-2714178_[0, 0, 1].png"
45.692986,-1.6810958,"mp-1202598_[0, 0, 1].png"
-28.890114,-20.084364,"mp-8075_[0, 0, 1].png"
-32.59956,16.535334,"mp-26057_[0, 0, 1].png"
-48.770226,24.19875,"mp-7105_[0, 0, 1].png"
-44.003498,26.114946,"mp-2715514_[0, 0, 1].png"
1.1543958,56.029015,"mp-693620_[0, 0, 1].png"
-23.197865,50.153713,"mp-3382_[0, 0, 1].png"
11.317969,-52.152073,"mp-1228916_[0, 0, 1].png"
-39.24374,-42.966194,"mp-764340_[0, 0, 1].png"
-17.456928,-44.781715,"mp-1095177_[0, 0, 1].png"
-28.85877,47.882225,"mp-705853_[0, 0, 1].png"
4.644715,53.693535,"mp-1191312_[0, 0, 1].png"
-35.83962,20.619955,"mp-2714352_[0, 0, 1].png"
-16.541084,-50.525272,"mp-1193750_[0, 0, 1].png"
-47.65243,18.738735,"mp-643683_[0, 0, 1].png"
27.049553,-40.45404,"mp-2714659_[0, 0, 1].png"
37.12993,-18.867718,"mp-14368_[0, 0, 1].png"
25.295378,-34.793137,"mp-2714126_[0, 0, 1].png"
-19.375189,-0.32796228,"mp-2715674_[0, 0, 1].png"
19.714838,6.0994096,"mp-2713654_[0, 0, 1].png"
19.335522,34.393795,"mp-1215922_[0, 0, 1].png"
-38.58867,-20.574251,"mp-1025320_[0, 0, 1].png"
-7.7005134,-31.720547,"mp-2715642_[0, 0, 1].png"
40.199448,-21.995377,"mp-542168_[0, 0, 1].png"
-0.9074676,35.149384,"mp-1020015_[0, 0, 1].png"
2.1221707,0.22129516,"mp-1043685_[0, 0, 1].png"
25.818424,40.185177,"mp-768127_[0, 0, 1].png"
50.967236,16.946165,"mp-2714602_[0, 0, 1].png"
-30.41937,-22.089155,"mp-1096756_[0, 0, 1].png"
5.5290046,-7.9436574,"mp-1229323_[0, 0, 1].png"
57.57045,2.4811459,"mp-18938_[0, 0, 1].png"
30.561182,5.0494742,"mp-667374_[0, 0, 1].png"
-40.708454,26.91706,"mp-2714911_[0, 0, 1].png"
24.83332,5.5409846,"mp-1047811_[0, 0, 1].png"
-52.96056,-14.210612,"mp-4755_[0, 0, 1].png"
-42.371655,23.962265,"mp-703370_[0, 0, 1].png"
25.665974,-37.345123,"mp-773044_[0, 0, 1].png"
-16.096626,24.914782,"mp-504885_[0, 0, 1].png"
21.52352,43.110477,"mp-1190675_[0, 0, 1].png"
-47.37383,-21.42155,"mp-548403_[0, 0, 1].png"
-6.1870227,42.269783,"mp-758767_[0, 0, 1].png"
28.12913,-42.213684,"mp-1200379_[0, 0, 1].png"
-5.0300007,38.216404,"mp-1044205_[0, 0, 1].png"
-23.056158,36.70065,"mp-24122_[0, 0, 1].png"
9.651471,-9.448325,"mp-1210780_[0, 0, 1].png"
-5.4186993,39.13997,"mp-568791_[0, 0, 1].png"
-2.467109,-19.623877,"mp-979933_[0, 0, 1].png"
44.20667,24.794384,"mp-28873_[0, 0, 1].png"
-8.6844,-33.853416,"mp-1219274_[0, 0, 1].png"
35.51142,-21.322775,"mp-23501_[0, 0, 1].png"
-1.6575288,53.25953,"mp-555191_[0, 0, 1].png"
43.39945,-21.927717,"mp-5948_[0, 0, 1].png"
4.6845374,17.641739,"mp-1234803_[0, 0, 1].png"
-40.19292,22.88533,"mp-962070_[0, 0, 1].png"
4.38763,-42.178997,"mp-1383199_[0, 0, 1].png"
-0.15487565,-22.337002,"mp-1044607_[0, 0, 1].png"
-22.39876,25.531569,"mp-1222203_[0, 0, 1].png"
-26.30454,-35.26969,"mp-1025218_[0, 0, 1].png"
-34.745228,-1.1814611,"mp-1023954_[0, 0, 1].png"
-30.105215,16.582077,"mp-2714985_[0, 0, 1].png"
-2.9069393,-56.767605,"mp-3513_[0, 0, 1].png"
-10.173348,21.756159,"mp-1214735_[0, 0, 1].png"
-35.659714,-46.09914,"mp-2715724_[0, 0, 1].png"
18.966318,-24.57234,"mp-755803_[0, 0, 1].png"
-0.0203844,1.5162872,"mp-2715267_[0, 0, 1].png"
22.574018,34.046227,"mp-1192706_[0, 0, 1].png"
-24.262953,44.014023,"mp-861938_[0, 0, 1].png"
46.06226,3.3195567,"mp-676400_[0, 0, 1].png"
-13.150761,-36.623894,"mp-1043130_[0, 0, 1].png"
-1.6989019,-46.219303,"mp-1024951_[0, 0, 1].png"
-54.158054,-11.583838,"mp-2714945_[0, 0, 1].png"
27.363235,-2.5429657,"mp-1078240_[0, 0, 1].png"
-16.437983,6.586063,"mp-8881_[0, 0, 1].png"
-19.30041,31.99987,"mp-20478_[0, 0, 1].png"
-34.80795,1.918079,"mp-1183054_[0, 0, 1].png"
23.215094,9.7002735,"mp-1024036_[0, 0, 1].png"
-3.6134727,-7.503408,"mp-1075430_[0, 0, 1].png"
15.614078,-30.098639,"mp-34185_[0, 0, 1].png"
-19.890318,-9.456123,"mp-541940_[0, 0, 1].png"
22.302134,28.373158,"mp-1209126_[0, 0, 1].png"
-16.78256,-52.159927,"mp-1200765_[0, 0, 1].png"
41.632668,27.961424,"mp-1078680_[0, 0, 1].png"
59.249935,3.7284927,"mp-6930_[0, 0, 1].png"
46.093292,-25.135315,"mp-1030814_[0, 0, 1].png"
16.363846,-37.544186,"mp-3427_[0, 0, 1].png"
24.853342,-35.350708,"mp-1226025_[0, 0, 1].png"
28.433159,-0.07131466,"mp-753204_[0, 0, 1].png"
2.0956874,-13.349632,"mp-1264119_[0, 0, 1].png"
-0.57468206,-56.131767,"mp-1218268_[0, 0, 1].png"
27.918034,1.5844433,"mp-17486_[0, 0, 1].png"
-28.921011,47.81471,"mp-1209955_[0, 0, 1].png"
-31.636494,-22.709534,"mp-1197910_[0, 0, 1].png"
33.351807,0.2498699,"mp-568450_[0, 0, 1].png"
24.986849,-43.389565,"mp-1075286_[0, 0, 1].png"
62.568436,6.7432947,"mp-1202163_[0, 0, 1].png"
16.738989,-12.776085,"mp-1044279_[0, 0, 1].png"
28.726297,7.4962687,"mp-2714316_[0, 0, 1].png"
-34.730244,0.92018104,"mp-2231130_[0, 0, 1].png"
-50.384712,2.1089904,"mp-1226329_[0, 0, 1].png"
-42.50631,16.102646,"mp-988996_[0, 0, 1].png"
58.288177,6.193257,"mp-16934_[0, 0, 1].png"
39.632397,-35.73959,"mp-620033_[0, 0, 1].png"
19.605982,27.577686,"mp-1221546_[0, 0, 1].png"
49.41738,25.930325,"mp-859111_[0, 0, 1].png"
43.364838,33.39908,"mp-1207224_[0, 0, 1].png"
30.158112,5.518315,"mp-1213227_[0, 0, 1].png"
13.471524,-7.584984,"mp-1931800_[0, 0, 1].png"
-40.281742,2.8753986,"mp-31405_[0, 0, 1].png"
-35.373413,12.996524,"mp-758572_[0, 0, 1].png"
-3.073787,-43.28429,"mp-2713168_[0, 0, 1].png"
4.872755,-0.6242366,"mp-1220152_[0, 0, 1].png"
39.337593,35.19858,"mp-1219302_[0, 0, 1].png"
20.289762,40.002903,"mp-2714686_[0, 0, 1].png"
-35.449337,14.822902,"mp-2979_[0, 0, 1].png"
30.422426,-21.948673,"mp-1221671_[0, 0, 1].png"
-48.129536,3.1160464,"mp-1044343_[0, 0, 1].png"
6.31441,54.061333,"mp-546794_[0, 0, 1].png"
-37.273632,-42.52483,"mp-1020705_[0, 0, 1].png"
-18.840109,-5.691245,"mp-3273_[0, 0, 1].png"
-41.191593,22.189253,"mp-19329_[0, 0, 1].png"
-22.41407,-14.999627,"mp-28944_[0, 0, 1].png"
-27.917791,-20.91006,"mp-1223735_[0, 0, 1].png"
60.5289,3.4180732,"mp-1222117_[0, 0, 1].png"
-1.1872208,12.668544,"mp-1206312_[0, 0, 1].png"
35.48186,-22.635872,"mp-1218762_[0, 0, 1].png"
14.8571205,-34.85488,"mp-558085_[0, 0, 1].png"
-4.97914,-27.79229,"mp-1228828_[0, 0, 1].png"
30.886713,-1.5269752,"mp-1205527_[0, 0, 1].png"
-21.621233,7.517111,"mp-556786_[0, 0, 1].png"
11.84327,-21.020903,"mp-1104732_[0, 0, 1].png"
29.953112,14.63866,"mp-2714549_[0, 0, 1].png"
12.278143,-3.918452,"mp-766049_[0, 0, 1].png"
2.9996717,50.57818,"mp-36262_[0, 0, 1].png"
35.907536,26.084986,"mp-1207991_[0, 0, 1].png"
6.015058,-6.1797147,"mp-1177285_[0, 0, 1].png"
-13.425703,4.13019,"mp-28569_[0, 0, 1].png"
-33.670437,-37.187164,"mp-10744_[0, 0, 1].png"
-38.084164,32.65722,"mp-2712587_[0, 0, 1].png"
-35.713303,-43.66414,"mp-684798_[0, 0, 1].png"
-32.092945,-37.326683,"mp-1013547_[0, 0, 1].png"
-13.081971,21.731827,"mp-17812_[0, 0, 1].png"
6.6004114,27.43426,"mp-2712616_[0, 0, 1].png"
20.35472,24.186945,"mp-1210694_[0, 0, 1].png"
-32.525066,-38.103497,"mp-1045773_[0, 0, 1].png"
-10.864855,1.4499203,"mp-761872_[0, 0, 1].png"
50.483185,-13.096761,"mp-1073904_[0, 0, 1].png"
-10.685227,-24.274258,"mp-850964_[0, 0, 1].png"
46.375835,-33.14959,"mp-1205257_[0, 0, 1].png"
17.409586,-39.319786,"mp-23339_[0, 0, 1].png"
-3.4945583,-23.896753,"mp-2712691_[0, 0, 1].png"
26.231354,18.60882,"mp-1013712_[0, 0, 1].png"
-9.677987,12.810033,"mp-15779_[0, 0, 1].png"
24.76323,-35.473633,"mp-1045883_[0, 0, 1].png"
-37.37796,27.655424,"mp-1029857_[0, 0, 1].png"
-44.34714,-19.978722,"mp-14092_[0, 0, 1].png"
-46.170025,-14.037156,"mp-37839_[0, 0, 1].png"
25.951248,18.245945,"mp-2714066_[0, 0, 1].png"
-16.349716,-45.513462,"mp-2715287_[0, 0, 1].png"
-13.974927,-33.00094,"mp-1210711_[0, 0, 1].png"
8.491161,-58.3885,"mp-1026493_[0, 0, 1].png"
56.84209,4.713018,"mp-4412_[0, 0, 1].png"
-36.446156,23.887676,"mp-541995_[0, 0, 1].png"
-37.151287,-5.562501,"mp-505558_[0, 0, 1].png"
2.9645503,-3.1271973,"mp-1199799_[0, 0, 1].png"
50.209007,-1.7561455,"mp-684770_[0, 0, 1].png"
-16.193573,-10.244235,"mp-657543_[0, 0, 1].png"
36.770287,38.678074,"mp-568595_[0, 0, 1].png"
7.610755,-58.646587,"mp-1009129_[0, 0, 1].png"
23.871052,-33.99868,"mp-8832_[0, 0, 1].png"
0.39399457,-10.320015,"mp-1214093_[0, 0, 1].png"
4.6685834,19.614624,"mp-9916_[0, 0, 1].png"
12.747246,-3.7672877,"mp-1207292_[0, 0, 1].png"
-1.5024792,34.08855,"mp-758436_[0, 0, 1].png"
-63.358345,-3.9152298,"mp-1254519_[0, 0, 1].png"
-24.713488,-13.063209,"mp-542686_[0, 0, 1].png"
16.679401,28.061693,"mp-938_[0, 0, 1].png"
10.176336,-52.001648,"mp-13099_[0, 0, 1].png"
3.8319762,57.847,"mp-2714633_[0, 0, 1].png"
-48.50333,-8.479878,"mp-2714240_[0, 0, 1].png"
-31.17161,-27.04435,"mp-998561_[0, 0, 1].png"
36.114834,38.91,"mp-29505_[0, 0, 1].png"
-19.876091,3.1296008,"mp-2713843_[0, 0, 1].png"
4.8065047,-53.071728,"mp-2715241_[0, 0, 1].png"
2.353949,17.394966,"mp-570991_[0, 0, 1].png"
6.4765544,-5.281405,"mp-1074772_[0, 0, 1].png"
39.096806,34.03745,"mp-570142_[0, 0, 1].png"
29.554594,6.4465895,"mp-14921_[0, 0, 1].png"
46.12043,-29.093594,"mp-2712715_[0, 0, 1].png"
9.187086,-22.433401,"mp-974425_[0, 0, 1].png"
-13.060319,-32.214027,"mp-1190809_[0, 0, 1].png"
-21.539688,55.176422,"mp-2232153_[0, 0, 1].png"
36.59207,-22.683573,"mp-557290_[0, 0, 1].png"
-13.392249,-39.90994,"mp-684503_[0, 0, 1].png"
19.395023,-35.89086,"mp-1189692_[0, 0, 1].png"
-33.65818,-44.729305,"mp-558207_[0, 0, 1].png"
19.049328,9.120761,"mp-1035303_[0, 0, 1].png"
-5.859014,-15.752607,"mp-559670_[0, 0, 1].png"
4.3224344,58.986828,"mp-573908_[0, 0, 1].png"
41.584457,-20.63429,"mp-752498_[0, 0, 1].png"
61.744896,7.8643546,"mp-707333_[0, 0, 1].png"
-12.570566,-37.2099,"mp-760375_[0, 0, 1].png"
-22.022242,-4.7819266,"mp-15939_[0, 0, 1].png"
-39.4201,-21.177734,"mp-6945_[0, 0, 1].png"
19.615995,30.134031,"mp-766231_[0, 0, 1].png"
18.45449,-9.003438,"mp-1245242_[0, 0, 1].png"
2.901772,-37.49417,"mp-567618_[0, 0, 1].png"
-2.5052187,44.822742,"mp-2714196_[0, 0, 1].png"
11.567369,35.838425,"mp-4090_[0, 0, 1].png"
10.09282,-11.946955,"mp-18554_[0, 0, 1].png"
2.414898,-51.22786,"mp-2715015_[0, 0, 1].png"
-52.482758,-14.7677555,"mp-755816_[0, 0, 1].png"
40.292046,29.797348,"mp-1198184_[0, 0, 1].png"
11.8140135,-29.882893,"mp-1029262_[0, 0, 1].png"
-13.850096,-38.08709,"mp-696155_[0, 0, 1].png"
16.389534,-9.9305315,"mp-1228809_[0, 0, 1].png"
59.07145,6.6609116,"mp-1221477_[0, 0, 1].png"
40.229633,25.854982,"mp-1181135_[0, 0, 1].png"
-16.206528,-35.227356,"mp-1103034_[0, 0, 1].png"
15.270995,9.447562,"mp-1022965_[0, 0, 1].png"
43.91489,-23.656734,"mp-6015_[0, 0, 1].png"
-10.973244,-31.80279,"mp-2715086_[0, 0, 1].png"
-6.6302066,-20.978765,"mp-1074287_[0, 0, 1].png"
-3.3004563,34.91667,"mp-569013_[0, 0, 1].png"
-11.703665,6.168929,"mp-765575_[0, 0, 1].png"
-5.939149,42.31679,"mp-2714564_[0, 0, 1].png"
42.16669,-23.114628,"mp-683970_[0, 0, 1].png"
-32.65686,-31.982832,"mp-567771_[0, 0, 1].png"
23.515652,-33.16449,"mp-2228927_[0, 0, 1].png"
-30.799643,-44.378723,"mp-1207540_[0, 0, 1].png"
-22.44039,47.228935,"mp-540284_[0, 0, 1].png"
-1.178661,48.47352,"mp-3108_[0, 0, 1].png"
-2.4438965,-48.915302,"mp-22407_[0, 0, 1].png"
-43.60569,18.094349,"mp-1029584_[0, 0, 1].png"
-28.363184,43.128235,"mp-10428_[0, 0, 1].png"
17.889658,-7.570135,"mp-1041479_[0, 0, 1].png"
-40.183884,5.5696383,"mp-1198259_[0, 0, 1].png"
-31.808037,-24.364084,"mp-2715386_[0, 0, 1].png"
-50.013836,25.921312,"mp-628588_[0, 0, 1].png"
1.1321645,37.91656,"mp-568792_[0, 0, 1].png"
-26.468447,-33.797955,"mp-555394_[0, 0, 1].png"
-40.171474,-6.2837095,"mp-1208204_[0, 0, 1].png"
21.270527,46.44487,"mp-1046153_[0, 0, 1].png"
20.105207,8.888531,"mp-1214046_[0, 0, 1].png"
-51.669575,27.2648,"mp-1227055_[0, 0, 1].png"
3.6456156,-42.791615,"mp-2713493_[0, 0, 1].png"
41.426914,-29.509922,"mp-765964_[0, 0, 1].png"
-9.740223,20.98287,"mp-1119092_[0, 0, 1].png"
-30.402012,20.096682,"mp-19367_[0, 0, 1].png"
-34.38431,20.534826,"mp-1206071_[0, 0, 1].png"
57.00602,7.6843743,"mp-560688_[0, 0, 1].png"
35.363087,-27.187529,"mp-42190_[0, 0, 1].png"
19.198639,9.432077,"mp-1408285_[0, 0, 1].png"
29.160433,2.2823255,"mp-1233788_[0, 0, 1].png"
-26.527855,32.975796,"mp-1008523_[0, 0, 1].png"
35.865242,-21.942505,"mp-2715439_[0, 0, 1].png"
47.511097,-9.983893,"mp-1246278_[0, 0, 1].png"
-0.600193,21.353973,"mp-754712_[0, 0, 1].png"
-28.960176,39.60854,"mp-754977_[0, 0, 1].png"
12.333347,-59.413445,"mp-2714300_[0, 0, 1].png"
-16.295155,-3.448604,"mp-865506_[0, 0, 1].png"
-29.630053,-21.653746,"mp-570217_[0, 0, 1].png"
-27.9313,-34.826977,"mp-1223968_[0, 0, 1].png"
14.413743,35.410744,"mp-755080_[0, 0, 1].png"
38.93767,-12.543429,"mp-557560_[0, 0, 1].png"
-15.893165,-25.32791,"mp-2716498_[0, 0, 1].png"
-23.284325,37.798176,"mp-754056_[0, 0, 1].png"
-18.128017,-9.444152,"mp-757169_[0, 0, 1].png"
-7.0511804,13.113135,"mp-2715596_[0, 0, 1].png"
-27.415916,-20.997416,"mp-705485_[0, 0, 1].png"
-52.864773,24.53349,"mp-1223834_[0, 0, 1].png"
-22.299856,43.281895,"mp-29756_[0, 0, 1].png"
-37.600853,1.0461067,"mp-1250522_[0, 0, 1].png"
10.2186575,54.338203,"mp-1021389_[0, 0, 1].png"
49.6166,-1.4152652,"mp-2713053_[0, 0, 1].png"
-0.30647448,-21.900448,"mp-1074669_[0, 0, 1].png"
-31.211191,23.275198,"mp-2712938_[0, 0, 1].png"
17.443495,30.979424,"mp-756432_[0, 0, 1].png"
2.2283227,-65.11544,"mp-1205773_[0, 0, 1].png"
14.60761,-29.958197,"mp-1073454_[0, 0, 1].png"
42.49259,22.029812,"mp-2712661_[0, 0, 1].png"
-33.813866,21.704454,"mp-1173532_[0, 0, 1].png"
13.465478,-27.64085,"mp-1025261_[0, 0, 1].png"
-1.6018411,48.472836,"mp-2712806_[0, 0, 1].png"
6.085887,-49.431488,"mp-1205624_[0, 0, 1].png"
-19.978083,36.310688,"mp-33723_[0, 0, 1].png"
44.27652,-20.63426,"mp-1073224_[0, 0, 1].png"
9.024137,-23.815289,"mp-406_[0, 0, 1].png"
8.502503,-28.385258,"mp-2714575_[0, 0, 1].png"
24.197847,2.5915573,"mp-1036359_[0, 0, 1].png"
-12.73747,7.0573335,"mp-1073045_[0, 0, 1].png"
-50.94808,-8.111323,"mp-19412_[0, 0, 1].png"
-64.611885,-5.5139914,"mp-1308156_[0, 0, 1].png"
44.311985,-30.564054,"mp-43094_[0, 0, 1].png"
-18.632156,-14.428605,"mp-32899_[0, 0, 1].png"
1.0658153,-48.96937,"mp-1193821_[0, 0, 1].png"
23.35351,12.429565,"mp-726849_[0, 0, 1].png"
37.35685,37.968433,"mp-24402_[0, 0, 1].png"
24.801731,37.824787,"mp-556994_[0, 0, 1].png"
-46.73895,4.610147,"mp-17460_[0, 0, 1].png"
-32.22394,-46.159443,"mp-1046669_[0, 0, 1].png"
54.553734,-8.849034,"mp-1213683_[0, 0, 1].png"
-2.3631756,-49.526535,"mp-1044366_[0, 0, 1].png"
38.49456,36.676632,"mp-1234020_[0, 0, 1].png"
0.41800478,59.406403,"mp-616566_[0, 0, 1].png"
-19.165768,-6.87697,"mp-1209079_[0, 0, 1].png"
-0.04893907,-15.68802,"mp-1188134_[0, 0, 1].png"
8.526049,-27.656313,"mp-1074751_[0, 0, 1].png"
28.74831,-0.1734665,"mp-9124_[0, 0, 1].png"
21.958014,34.291523,"mp-1041044_[0, 0, 1].png"
-48.647625,-21.839958,"mp-1074123_[0, 0, 1].png"
-21.646881,33.990356,"mp-2716199_[0, 0, 1].png"
-11.333719,20.37696,"mp-1008528_[0, 0, 1].png"
49.351475,-10.322913,"mp-2712891_[0, 0, 1].png"
25.784472,-35.428734,"mp-1101327_[0, 0, 1].png"
5.1080427,4.3709173,"mp-18766_[0, 0, 1].png"
-7.1182723,-21.214096,"mp-1245359_[0, 0, 1].png"
-59.300602,-10.306465,"mp-1024047_[0, 0, 1].png"
42.62262,-35.423534,"mp-4899_[0, 0, 1].png"
60.7778,-2.5563128,"mp-780490_[0, 0, 1].png"
25.69038,-35.524048,"mp-9268_[0, 0, 1].png"
-49.97427,28.244911,"mp-1248580_[0, 0, 1].png"
22.120892,-33.69789,"mp-561549_[0, 0, 1].png"
-5.5743246,-24.668459,"mp-978847_[0, 0, 1].png"
51.266594,-14.696772,"mp-9950_[0, 0, 1].png"
22.85995,30.148073,"mp-1203768_[0, 0, 1].png"
-30.793985,-41.11103,"mp-556340_[0, 0, 1].png"
-40.973614,-38.95865,"mp-23828_[0, 0, 1].png"
4.732954,-46.3207,"mp-867907_[0, 0, 1].png"
4.5020804,-42.03271,"mp-1103227_[0, 0, 1].png"
4.0726757,46.480053,"mp-26989_[0, 0, 1].png"
-28.460272,31.768236,"mp-35777_[0, 0, 1].png"
-4.9739604,24.062605,"mp-554248_[0, 0, 1].png"
-5.1393566,-25.461683,"mp-12082_[0, 0, 1].png"
9.68515,-7.896055,"mp-2714471_[0, 0, 1].png"
-7.4932585,-12.137925,"mp-2714026_[0, 0, 1].png"
-12.932725,17.934889,"mp-752974_[0, 0, 1].png"
-51.492096,23.387106,"mp-554769_[0, 0, 1].png"
-3.656421,49.499878,"mp-761931_[0, 0, 1].png"
-41.00516,24.66947,"mp-36252_[0, 0, 1].png"
48.408596,-12.247378,"mp-770905_[0, 0, 1].png"
16.785696,-28.41115,"mp-1225221_[0, 0, 1].png"
-2.81005,19.821402,"mp-2713813_[0, 0, 1].png"
17.307003,38.3506,"mp-1201570_[0, 0, 1].png"
8.390764,47.778477,"mp-27949_[0, 0, 1].png"
-19.92614,41.424854,"mp-1032523_[0, 0, 1].png"
0.2316717,17.371962,"mp-1215731_[0, 0, 1].png"
-61.272495,-6.4755116,"mp-1073823_[0, 0, 1].png"
-2.2992961,-59.708572,"mp-550320_[0, 0, 1].png"
50.41987,4.264315,"mp-1040917_[0, 0, 1].png"
-15.790053,4.6823807,"mp-1227799_[0, 0, 1].png"
-16.799501,-45.849934,"mp-1029368_[0, 0, 1].png"
-43.84222,-15.462577,"mp-1214917_[0, 0, 1].png"
-24.349115,36.851448,"mp-756983_[0, 0, 1].png"
-18.270472,50.8079,"mp-1205603_[0, 0, 1].png"
17.463827,-32.892414,"mp-541317_[0, 0, 1].png"
-1.7067492,54.64266,"mp-1035599_[0, 0, 1].png"
38.275715,-35.948544,"mp-2230268_[0, 0, 1].png"
-14.277415,7.48033,"mp-555891_[0, 0, 1].png"
24.795403,-34.78162,"mp-2714516_[0, 0, 1].png"
-17.238583,46.354385,"mp-2715927_[0, 0, 1].png"
5.2045665,56.573124,"mp-2714808_[0, 0, 1].png"
33.373207,0.11223808,"mp-1078195_[0, 0, 1].png"
-19.162815,-10.777707,"mp-206_[0, 0, 1].png"
-6.4526463,41.715694,"mp-23446_[0, 0, 1].png"
-9.566976,-35.352962,"mp-1106145_[0, 0, 1].png"
-28.626738,-37.30886,"mp-7849_[0, 0, 1].png"
-4.885044,23.833506,"mp-22489_[0, 0, 1].png"
38.59078,23.793259,"mp-2715195_[0, 0, 1].png"
-18.367783,53.732666,"mp-22771_[0, 0, 1].png"
1.3514593,44.947945,"mp-770192_[0, 0, 1].png"
20.927946,36.462788,"mp-31220_[0, 0, 1].png"
22.353556,-11.219518,"mp-554643_[0, 0, 1].png"
19.466667,23.904903,"mp-639695_[0, 0, 1].png"
10.057086,48.210842,"mp-30459_[0, 0, 1].png"
36.13967,31.90605,"mp-1651525_[0, 0, 1].png"
-56.760757,-4.0249906,"mp-3018_[0, 0, 1].png"
-44.85735,23.414696,"mp-734213_[0, 0, 1].png"
23.182549,45.086224,"mp-6825_[0, 0, 1].png"
-44.11333,23.235897,"mp-1217476_[0, 0, 1].png"
1.1980572,40.820614,"mp-771646_[0, 0, 1].png"
-45.141388,0.15592326,"mp-1404968_[0, 0, 1].png"
9.202606,-2.4319208,"mp-1227372_[0, 0, 1].png"
-23.778,-14.757781,"mp-24165_[0, 0, 1].png"
-43.436974,0.011105434,"mp-998193_[0, 0, 1].png"
-9.521106,-23.014437,"mp-9064_[0, 0, 1].png"
-17.975956,8.927934,"mp-1225249_[0, 0, 1].png"
0.4448926,24.357857,"mp-1074283_[0, 0, 1].png"
-15.139883,34.725502,"mp-1224617_[0, 0, 1].png"
24.05835,-35.475407,"mp-1224744_[0, 0, 1].png"
23.834747,3.0747316,"mp-2715016_[0, 0, 1].png"
-27.757305,38.39622,"mp-1019513_[0, 0, 1].png"
18.020288,11.614333,"mp-780575_[0, 0, 1].png"
-9.92911,-19.543673,"mp-10961_[0, 0, 1].png"
8.115857,1.0098829,"mp-557740_[0, 0, 1].png"
52.499096,-4.217777,"mp-1173861_[0, 0, 1].png"
-16.584503,-42.076042,"mp-19886_[0, 0, 1].png"
-14.198146,19.5302,"mp-2713397_[0, 0, 1].png"
26.733778,-36.96641,"mp-2715042_[0, 0, 1].png"
49.054203,-2.0683665,"mp-2715337_[0, 0, 1].png"
42.969353,30.155167,"mp-1094080_[0, 0, 1].png"
43.258408,27.84038,"mp-754676_[0, 0, 1].png"
45.08425,-23.452389,"mp-1215356_[0, 0, 1].png"
22.928213,32.9695,"mp-1179527_[0, 0, 1].png"
-12.454376,26.606012,"mp-757349_[0, 0, 1].png"
-40.95934,7.499484,"mp-760477_[0, 0, 1].png"
-42.703358,17.719757,"mp-1217990_[0, 0, 1].png"
46.67126,-4.7485085,"mp-26819_[0, 0, 1].png"
-45.293987,-12.300015,"mp-753641_[0, 0, 1].png"
-17.273958,-42.480095,"mp-562987_[0, 0, 1].png"
-0.94952315,-43.498005,"mp-2712733_[0, 0, 1].png"
-63.354523,-4.6525316,"mp-22433_[0, 0, 1].png"
23.008902,42.350243,"mp-754604_[0, 0, 1].png"
-1.49556,38.184204,"mp-555731_[0, 0, 1].png"
-22.649054,57.545822,"mp-1180497_[0, 0, 1].png"
0.28381205,56.087856,"mp-6824_[0, 0, 1].png"
-8.757967,12.603897,"mp-775758_[0, 0, 1].png"
11.974482,-8.931436,"mp-20459_[0, 0, 1].png"
50.129486,-2.2973545,"mp-1221115_[0, 0, 1].png"
-63.49941,-3.1513746,"mp-1183429_[0, 0, 1].png"
-24.25346,-13.883193,"mp-1226678_[0, 0, 1].png"
12.149389,1.9912325,"mp-22787_[0, 0, 1].png"
-6.978597,42.232464,"mp-1043476_[0, 0, 1].png"
-29.862728,35.690407,"mp-1195178_[0, 0, 1].png"
10.776775,0.18728398,"mp-2715559_[0, 0, 1].png"
-10.306362,-34.744537,"mp-600006_[0, 0, 1].png"
50.455482,18.795986,"mp-1263953_[0, 0, 1].png"
34.62856,26.648497,"mp-1035249_[0, 0, 1].png"
39.90111,-9.026289,"mp-706477_[0, 0, 1].png"
33.420113,-16.650106,"mp-1226028_[0, 0, 1].png"
18.248657,-12.344457,"mp-27861_[0, 0, 1].png"
17.659801,-11.349044,"mp-1074542_[0, 0, 1].png"
-9.30645,-11.427359,"mp-755842_[0, 0, 1].png"
24.962679,-44.394444,"mp-1020019_[0, 0, 1].png"
38.66294,-22.393805,"mp-600057_[0, 0, 1].png"
-26.199778,-24.821714,"mp-1227865_[0, 0, 1].png"
-37.507065,-40.84549,"mp-865545_[0, 0, 1].png"
-5.587677,-29.498085,"mp-2712550_[0, 0, 1].png"
-17.639408,-3.528027,"mp-6258_[0, 0, 1].png"
17.914347,28.170406,"mp-10623_[0, 0, 1].png"
-4.0435877,49.526943,"mp-754450_[0, 0, 1].png"
15.067823,19.989788,"mp-1056579_[0, 0, 1].png"
10.819974,-29.638924,"mp-722278_[0, 0, 1].png"
-23.517817,38.924408,"mp-1245771_[0, 0, 1].png"
-6.1912427,21.058315,"mp-1860_[0, 0, 1].png"
9.7212305,1.6867464,"mp-776952_[0, 0, 1].png"
17.445683,38.56169,"mp-1016063_[0, 0, 1].png"
35.93807,-20.7101,"mp-766664_[0, 0, 1].png"
23.20479,45.174717,"mp-571217_[0, 0, 1].png"
23.921125,-11.502226,"mp-632296_[0, 0, 1].png"
-16.22551,-48.062202,"mp-961706_[0, 0, 1].png"
55.357956,5.739748,"mp-541220_[0, 0, 1].png"
25.493998,15.459233,"mp-560064_[0, 0, 1].png"
-16.836779,56.55334,"mp-4692_[0, 0, 1].png"
7.5994687,55.641834,"mp-2713937_[0, 0, 1].png"
8.670641,33.107838,"mp-1133325_[0, 0, 1].png"
46.792137,36.71946,"mp-6109_[0, 0, 1].png"
-27.539707,-28.169153,"mp-6800_[0, 0, 1].png"
-12.559074,-40.71194,"mp-38442_[0, 0, 1].png"
-35.796516,-41.959415,"mp-780126_[0, 0, 1].png"
-36.247585,-46.69488,"mp-1102914_[0, 0, 1].png"
12.442145,-24.485062,"mp-1024056_[0, 0, 1].png"
1.502993,-59.615734,"mp-27931_[0, 0, 1].png"
30.833828,4.5805383,"mp-23535_[0, 0, 1].png"
16.957167,24.471077,"mp-10457_[0, 0, 1].png"
37.05832,-25.173998,"mp-775810_[0, 0, 1].png"
41.97044,31.36659,"mp-883454_[0, 0, 1].png"
-29.535835,-24.676277,"mp-684745_[0, 0, 1].png"
-55.631306,-11.063267,"mp-1197461_[0, 0, 1].png"
17.007881,-13.149594,"mp-1073777_[0, 0, 1].png"
2.3843403,-5.3731894,"mp-1068906_[0, 0, 1].png"
-33.66282,28.06624,"mp-30452_[0, 0, 1].png"
-0.47378883,-11.013964,"mp-1217378_[0, 0, 1].png"
-25.444435,47.325638,"mp-554206_[0, 0, 1].png"
52.031216,-8.88718,"mp-557803_[0, 0, 1].png"
0.7719531,50.89991,"mp-1210737_[0, 0, 1].png"
-9.258973,-9.029636,"mp-556422_[0, 0, 1].png"
40.684273,26.189606,"mp-772312_[0, 0, 1].png"
-39.229847,-40.535877,"mp-1247920_[0, 0, 1].png"
-37.599686,30.170177,"mp-1069204_[0, 0, 1].png"
-4.069036,-29.45228,"mp-1227983_[0, 0, 1].png"
17.930048,-41.947784,"mp-1196628_[0, 0, 1].png"
-52.532135,-8.631115,"mp-1221120_[0, 0, 1].png"
37.0207,-14.541755,"mp-2712553_[0, 0, 1].png"
52.94975,21.062115,"mp-1212656_[0, 0, 1].png"
36.52527,-33.89059,"mp-1178876_[0, 0, 1].png"
2.2671957,-17.968609,"mp-2714627_[0, 0, 1].png"
18.162197,-4.9541173,"mp-1190556_[0, 0, 1].png"
-3.58764,18.137424,"mp-1219833_[0, 0, 1].png"
-22.015255,-11.076136,"mp-1032858_[0, 0, 1].png"
38.11526,-34.457584,"mp-1030856_[0, 0, 1].png"
-29.962524,-40.564434,"mp-757183_[0, 0, 1].png"
-6.0391135,39.723244,"mp-1105156_[0, 0, 1].png"
-3.0501096,20.766993,"mp-1225125_[0, 0, 1].png"
25.486303,11.43215,"mp-758708_[0, 0, 1].png"
-16.279259,0.9914132,"mp-1074891_[0, 0, 1].png"
-16.121737,-0.3197118,"mp-766075_[0, 0, 1].png"
15.121114,27.715855,"mp-862790_[0, 0, 1].png"
48.20062,-10.180656,"mp-1220978_[0, 0, 1].png"
9.646102,51.99025,"mp-1251404_[0, 0, 1].png"
-12.244802,4.56174,"mp-1217785_[0, 0, 1].png"
44.65254,35.072945,"mp-2715800_[0, 0, 1].png"
-1.2075654,-46.01714,"mp-41734_[0, 0, 1].png"
9.584185,0.17149715,"mp-9270_[0, 0, 1].png"
-5.2861385,18.115412,"mp-2714160_[0, 0, 1].png"
-31.298521,-39.804573,"mp-753533_[0, 0, 1].png"
46.827236,25.123215,"mp-626835_[0, 0, 1].png"
0.43678123,60.50748,"mp-1044354_[0, 0, 1].png"
-40.47624,-18.226732,"mp-1225409_[0, 0, 1].png"
-8.806217,-27.962511,"mp-11750_[0, 0, 1].png"
-19.83871,37.338646,"mp-1227364_[0, 0, 1].png"
-27.784502,42.921524,"mp-2716295_[0, 0, 1].png"
18.435518,29.774605,"mp-9033_[0, 0, 1].png"
-49.10115,24.708557,"mp-1255353_[0, 0, 1].png"
-32.358982,-34.394993,"mp-6433_[0, 0, 1].png"
-48.68086,18.59136,"mp-11191_[0, 0, 1].png"
62.740746,6.9860396,"mp-1102080_[0, 0, 1].png"
-63.10702,-8.716092,"mp-38240_[0, 0, 1].png"
-10.156114,15.226965,"mp-1210375_[0, 0, 1].png"
-19.995749,53.87876,"mp-765250_[0, 0, 1].png"
-10.917692,-23.659977,"mp-1080037_[0, 0, 1].png"
-7.2897143,3.625437,"mp-559208_[0, 0, 1].png"
-46.388504,-1.0715468,"mp-8653_[0, 0, 1].png"
12.038151,-51.890915,"mp-20337_[0, 0, 1].png"
8.964232,-54.750046,"mp-1027962_[0, 0, 1].png"
2.129726,-61.59207,"mp-1204070_[0, 0, 1].png"
0.19810508,39.145515,"mp-1025386_[0, 0, 1].png"
24.534004,-0.29061478,"mp-2716373_[0, 0, 1].png"
16.841448,-23.224752,"mp-1002223_[0, 0, 1].png"
-21.243093,49.158546,"mp-1179297_[0, 0, 1].png"
31.656513,15.833885,"mp-753010_[0, 0, 1].png"
3.8688705,-18.190216,"mp-770912_[0, 0, 1].png"
32.443913,-26.056171,"mp-1020626_[0, 0, 1].png"
52.245,-3.738662,"mp-766692_[0, 0, 1].png"
10.7326145,-3.8122027,"mp-1019530_[0, 0, 1].png"
7.9241166,-51.666397,"mp-761281_[0, 0, 1].png"
31.04558,12.333985,"mp-726107_[0, 0, 1].png"
38.584564,-36.16312,"mp-998613_[0, 0, 1].png"
-45.98241,19.572733,"mp-534863_[0, 0, 1].png"
44.95908,8.452029,"mp-1222469_[0, 0, 1].png"
43.820465,-13.80167,"mp-758006_[0, 0, 1].png"
-23.519157,52.053272,"mp-3406_[0, 0, 1].png"
-35.088245,-37.690147,"mp-2715234_[0, 0, 1].png"
23.502178,0.12321054,"mp-3545_[0, 0, 1].png"
10.464326,-1.0753872,"mp-1246892_[0, 0, 1].png"
41.954254,-30.581806,"mp-758862_[0, 0, 1].png"
-17.594454,33.850914,"mp-1042026_[0, 0, 1].png"
48.228523,17.138433,"mp-1254259_[0, 0, 1].png"
9.82614,-3.76244,"mp-1221375_[0, 0, 1].png"
4.621855,50.56898,"mp-2714628_[0, 0, 1].png"
-3.5638058,15.931268,"mp-1189227_[0, 0, 1].png"
17.961262,42.08096,"mp-546711_[0, 0, 1].png"
22.099577,17.306047,"mp-998298_[0, 0, 1].png"
4.812082,45.916183,"mp-1020588_[0, 0, 1].png"
10.763852,-6.817454,"mp-2715625_[0, 0, 1].png"
-22.117168,7.034106,"mp-2714173_[0, 0, 1].png"
-26.334465,38.488945,"mp-28391_[0, 0, 1].png"
-16.119804,47.914898,"mp-1210755_[0, 0, 1].png"
2.9817777,-37.651268,"mp-566512_[0, 0, 1].png"
23.540556,4.631465,"mp-7147_[0, 0, 1].png"
-41.824905,0.17635481,"mp-2713381_[0, 0, 1].png"
21.402248,6.995895,"mp-569084_[0, 0, 1].png"
-60.960945,-16.791172,"mp-17863_[0, 0, 1].png"
24.822464,43.876774,"mp-561305_[0, 0, 1].png"
-51.425217,-19.67564,"mp-1278_[0, 0, 1].png"
6.8423033,58.525654,"mp-1226548_[0, 0, 1].png"
-13.701165,4.5920124,"mp-7798_[0, 0, 1].png"
-46.17244,29.856243,"mp-753654_[0, 0, 1].png"
-25.014997,18.587692,"mp-2715561_[0, 0, 1].png"
33.879787,-24.806652,"mp-625560_[0, 0, 1].png"
14.167863,-32.059055,"mp-1074720_[0, 0, 1].png"
-13.524273,-32.376953,"mp-1028210_[0, 0, 1].png"
-0.6173682,-13.410203,"mp-1047188_[0, 0, 1].png"
-47.776882,26.84208,"mp-2714437_[0, 0, 1].png"
12.775237,31.66231,"mp-560708_[0, 0, 1].png"
-1.0840088,-16.415316,"mp-1018890_[0, 0, 1].png"
-20.782686,-8.561312,"mp-735910_[0, 0, 1].png"
-48.656414,25.763594,"mp-1267031_[0, 0, 1].png"
41.480892,-7.083871,"mp-1199231_[0, 0, 1].png"
43.894474,16.251013,"mp-772986_[0, 0, 1].png"
-17.694952,6.919807,"mp-1219313_[0, 0, 1].png"
22.858843,-8.333156,"mp-1224204_[0, 0, 1].png"
3.6957715,63.518467,"mp-2715163_[0, 0, 1].png"
8.160967,25.827795,"mp-686175_[0, 0, 1].png"
20.361513,42.022144,"mp-1023941_[0, 0, 1].png"
32.94273,-25.640493,"mp-1265318_[0, 0, 1].png"
-17.032377,-51.586468,"mp-1029845_[0, 0, 1].png"
-48.217186,26.434155,"mp-541055_[0, 0, 1].png"
17.433956,-40.54778,"mp-11342_[0, 0, 1].png"
-22.697598,43.64285,"mp-1208188_[0, 0, 1].png"
19.879436,26.659622,"mp-756289_[0, 0, 1].png"
-45.28341,4.7652183,"mp-2713850_[0, 0, 1].png"
-54.968,-8.949611,"mp-1215697_[0, 0, 1].png"
52.10003,3.9771414,"mp-2713326_[0, 0, 1].png"
52.212704,-7.795558,"mp-2712722_[0, 0, 1].png"
46.68661,32.657215,"mp-755390_[0, 0, 1].png"
-26.763605,48.300804,"mp-1217966_[0, 0, 1].png"
-29.333317,40.343655,"mp-2716039_[0, 0, 1].png"
40.363045,37.11733,"mp-1040936_[0, 0, 1].png"
-22.386904,55.222767,"mp-2713455_[0, 0, 1].png"
-7.970924,-27.638048,"mp-1013527_[0, 0, 1].png"
35.81852,29.18158,"mp-30186_[0, 0, 1].png"
-8.405204,-8.985,"mp-1225574_[0, 0, 1].png"
25.341913,-45.161346,"mp-19203_[0, 0, 1].png"
19.553736,36.982624,"mp-34011_[0, 0, 1].png"
60.43604,3.762586,"mp-1205654_[0, 0, 1].png"
-19.920938,7.3438425,"mp-27336_[0, 0, 1].png"
25.805437,-34.777794,"mp-556886_[0, 0, 1].png"
-37.10928,-47.28179,"mp-1100462_[0, 0, 1].png"
-16.865328,-7.21887,"mp-1247135_[0, 0, 1].png"
-1.6880118,-53.946903,"mp-648932_[0, 0, 1].png"
-16.86005,-46.62037,"mp-2714258_[0, 0, 1].png"
2.321546,-0.4086653,"mp-1207119_[0, 0, 1].png"
-22.10529,-15.458265,"mp-29689_[0, 0, 1].png"
4.679118,18.9606,"mp-757421_[0, 0, 1].png"
40.845104,21.359081,"mp-1019747_[0, 0, 1].png"
-45.281235,7.3397384,"mp-554733_[0, 0, 1].png"
-54.940903,-10.61488,"mp-2713013_[0, 0, 1].png"
1.5116171,47.84885,"mp-2712611_[0, 0, 1].png"
13.581382,-11.765461,"mp-2713835_[0, 0, 1].png"
19.163126,-13.517486,"mp-1075405_[0, 0, 1].png"
22.09338,-8.103074,"mp-2713458_[0, 0, 1].png"
-6.7469645,-12.409713,"mp-2714685_[0, 0, 1].png"
-7.958692,-10.565941,"mp-556163_[0, 0, 1].png"
49.706455,-13.984014,"mp-27453_[0, 0, 1].png"
15.034945,-34.986088,"mp-36007_[0, 0, 1].png"
31.631577,-26.721973,"mp-2713944_[0, 0, 1].png"
-28.963266,14.027081,"mp-866605_[0, 0, 1].png"
-32.89961,-27.527456,"mp-13589_[0, 0, 1].png"
56.198467,-3.1007435,"mp-558564_[0, 0, 1].png"
50.041298,-14.612293,"mp-7614_[0, 0, 1].png"
-1.7244737,37.54952,"mp-2713815_[0, 0, 1].png"
17.79276,-42.585506,"mp-535042_[0, 0, 1].png"
42.488083,39.58479,"mp-1208374_[0, 0, 1].png"
-16.67893,-48.60719,"mp-1199180_[0, 0, 1].png"
-38.48713,-41.174496,"mp-1235590_[0, 0, 1].png"
-7.9378576,-8.68331,"mp-1328117_[0, 0, 1].png"
5.6055474,30.514341,"mp-1190030_[0, 0, 1].png"
17.849194,23.26908,"mp-1201793_[0, 0, 1].png"
23.538477,29.22515,"mp-1202933_[0, 0, 1].png"
25.001402,14.173451,"mp-1177439_[0, 0, 1].png"
5.8064704,-50.414112,"mp-2714735_[0, 0, 1].png"
16.380623,-24.389484,"mp-15661_[0, 0, 1].png"
-32.233204,-40.227055,"mp-2893_[0, 0, 1].png"
26.568953,5.2588105,"mp-1212767_[0, 0, 1].png"
-22.691994,39.870544,"mp-560004_[0, 0, 1].png"
-1.2710884,-8.950522,"mp-1200444_[0, 0, 1].png"
0.8962148,-50.79093,"mp-1214132_[0, 0, 1].png"
0.3168844,35.41666,"mp-23145_[0, 0, 1].png"
-32.92595,-25.904316,"mp-778499_[0, 0, 1].png"
-30.85869,25.997297,"mp-961682_[0, 0, 1].png"
-4.381612,46.553337,"mp-2712555_[0, 0, 1].png"
-17.022955,-47.25242,"mp-625207_[0, 0, 1].png"
-39.222343,-2.994038,"mp-1017377_[0, 0, 1].png"
51.471794,32.16661,"mp-17250_[0, 0, 1].png"
-28.754461,-44.17278,"mp-1078884_[0, 0, 1].png"
11.599524,-11.142931,"mp-16266_[0, 0, 1].png"
-50.222927,16.349264,"mp-697022_[0, 0, 1].png"
6.5452266,-4.57808,"mp-1210213_[0, 0, 1].png"
-47.79847,16.339128,"mp-1223067_[0, 0, 1].png"
-46.098686,-16.10848,"mp-1044124_[0, 0, 1].png"
11.51912,-9.821264,"mp-2624_[0, 0, 1].png"
11.534817,-5.1181865,"mp-557696_[0, 0, 1].png"
4.3604846,5.046221,"mp-27824_[0, 0, 1].png"
-19.175655,9.160575,"mp-669426_[0, 0, 1].png"
-5.3587837,-25.46002,"mp-19477_[0, 0, 1].png"
-12.159179,9.284824,"mp-2715937_[0, 0, 1].png"
-6.6641583,13.265783,"mp-1225389_[0, 0, 1].png"
-32.223534,4.409379,"mp-686702_[0, 0, 1].png"
57.706448,1.0692563,"mp-574338_[0, 0, 1].png"
-49.364094,-16.188372,"mp-6599_[0, 0, 1].png"
-40.944874,1.6859058,"mp-2713035_[0, 0, 1].png"
-35.558136,0.7800979,"mp-1098280_[0, 0, 1].png"
-12.614177,-42.95047,"mp-677703_[0, 0, 1].png"
-22.36751,25.636782,"mp-8673_[0, 0, 1].png"
-9.321371,-13.804269,"mp-600001_[0, 0, 1].png"
8.799432,53.02973,"mp-1304562_[0, 0, 1].png"
-65.37822,-4.9718394,"mp-961693_[0, 0, 1].png"
-4.1045265,19.850393,"mp-961685_[0, 0, 1].png"
38.30394,-33.864735,"mp-754389_[0, 0, 1].png"
5.653404,0.47675347,"mp-1075674_[0, 0, 1].png"
23.049992,37.062206,"mp-40778_[0, 0, 1].png"
-47.915615,-12.470341,"mp-753749_[0, 0, 1].png"
42.95055,19.859886,"mp-707195_[0, 0, 1].png"
-37.603645,23.003477,"mp-4964_[0, 0, 1].png"
0.34818944,2.2295616,"mp-21892_[0, 0, 1].png"
15.692087,26.312939,"mp-2713889_[0, 0, 1].png"
26.519106,-42.933174,"mp-2713096_[0, 0, 1].png"
-46.15356,17.299072,"mp-1408914_[0, 0, 1].png"
3.0360732,43.617786,"mp-1554_[0, 0, 1].png"
17.52961,28.357466,"mp-567224_[0, 0, 1].png"
17.342106,34.310772,"mp-1216423_[0, 0, 1].png"
18.381334,-6.9178123,"mp-754233_[0, 0, 1].png"
0.44292992,-44.534897,"mp-1223684_[0, 0, 1].png"
-31.47806,36.370144,"mp-28405_[0, 0, 1].png"
17.79442,-34.78324,"mp-2714141_[0, 0, 1].png"
-30.467913,-32.479156,"mp-1207403_[0, 0, 1].png"
40.01734,26.188864,"mp-510274_[0, 0, 1].png"
35.701492,31.442135,"mp-555836_[0, 0, 1].png"
18.330559,-13.610154,"mp-1173811_[0, 0, 1].png"
35.50441,27.425518,"mp-754075_[0, 0, 1].png"
20.745594,33.540215,"mp-1189598_[0, 0, 1].png"
38.716972,-24.68262,"mp-1228177_[0, 0, 1].png"
-1.2000353,-38.639038,"mp-1040459_[0, 0, 1].png"
-8.76113,-22.783575,"mp-1228510_[0, 0, 1].png"
-44.418606,5.0622315,"mp-556882_[0, 0, 1].png"
-19.525288,-0.35387856,"mp-2712561_[0, 0, 1].png"
-3.870089,-7.472926,"mp-1245985_[0, 0, 1].png"
31.351315,-1.5622412,"mp-555874_[0, 0, 1].png"
-17.909685,-0.2263704,"mp-2715457_[0, 0, 1].png"
-50.965553,-14.816017,"mp-1179443_[0, 0, 1].png"
-40.603676,-39.827187,"mp-560869_[0, 0, 1].png"
25.363434,-12.149059,"mp-1196617_[0, 0, 1].png"
20.777456,-36.15733,"mp-4586_[0, 0, 1].png"
45.537952,-3.4024122,"mp-1019736_[0, 0, 1].png"
-7.7000804,-26.36878,"mp-547017_[0, 0, 1].png"
14.815593,-6.1050944,"mp-534935_[0, 0, 1].png"
-34.445095,-34.751686,"mp-5150_[0, 0, 1].png"
-16.058298,22.712675,"mp-21794_[0, 0, 1].png"
58.826225,1.7845204,"mp-7581_[0, 0, 1].png"
-23.085339,33.51504,"mp-861606_[0, 0, 1].png"
46.909634,26.967972,"mp-768074_[0, 0, 1].png"
-12.638618,-34.142433,"mp-1244972_[0, 0, 1].png"
-53.49817,-21.030561,"mp-2714379_[0, 0, 1].png"
-3.5765722,-56.025963,"mp-553923_[0, 0, 1].png"
39.78084,-28.661642,"mp-2714137_[0, 0, 1].png"
51.13658,30.047384,"mp-1042068_[0, 0, 1].png"
9.370175,59.94479,"mp-753370_[0, 0, 1].png"
-6.960318,-15.436189,"mp-4008_[0, 0, 1].png"
20.55141,7.5202003,"mp-1238309_[0, 0, 1].png"
-44.48079,-16.951693,"mp-1195679_[0, 0, 1].png"
-33.023033,-4.229833,"mp-33985_[0, 0, 1].png"
10.495297,-2.1584835,"mp-1103039_[0, 0, 1].png"
-48.485065,-16.827812,"mp-978568_[0, 0, 1].png"
-25.024649,52.515488,"mp-2715986_[0, 0, 1].png"
-32.83824,-27.602716,"mp-1219366_[0, 0, 1].png"
-3.284349,47.27727,"mp-558800_[0, 0, 1].png"
-51.767704,-20.670645,"mp-1188596_[0, 0, 1].png"
-35.153507,16.775448,"mp-2715108_[0, 0, 1].png"
22.383457,46.47547,"mp-6215_[0, 0, 1].png"
-29.091438,17.28069,"mp-754629_[0, 0, 1].png"
2.5184894,15.716909,"mp-558310_[0, 0, 1].png"
53.12758,23.719181,"mp-13334_[0, 0, 1].png"
6.210173,18.421759,"mp-555760_[0, 0, 1].png"
8.586558,-11.515855,"mp-1191372_[0, 0, 1].png"
24.80797,10.850729,"mp-2715322_[0, 0, 1].png"
2.6204815,59.003178,"mp-15206_[0, 0, 1].png"
-18.090439,1.5079066,"mp-1180535_[0, 0, 1].png"
-10.798869,16.288515,"mp-1224589_[0, 0, 1].png"
7.659891,62.45,"mp-2714441_[0, 0, 1].png"
-11.044068,18.200384,"mp-3551_[0, 0, 1].png"
40.781853,40.47987,"mp-1222705_[0, 0, 1].png"
-40.432972,-21.486084,"mp-1205191_[0, 0, 1].png"
1.2382834,11.714664,"mp-1019606_[0, 0, 1].png"
4.7274547,20.671877,"mp-1224868_[0, 0, 1].png"
-29.005302,12.97886,"mp-2715344_[0, 0, 1].png"
8.347635,59.518,"mp-3667_[0, 0, 1].png"
0.019677099,-23.091808,"mp-1220347_[0, 0, 1].png"
1.668133,19.870024,"mp-2716541_[0, 0, 1].png"
-44.81064,-13.6907215,"mp-2713135_[0, 0, 1].png"
-21.559963,51.03189,"mp-625175_[0, 0, 1].png"
15.233122,23.553988,"mp-181_[0, 0, 1].png"
-52.050392,23.85668,"mp-755867_[0, 0, 1].png"
-3.9443932,9.13694,"mp-625112_[0, 0, 1].png"
-2.8105457,17.849031,"mp-2713524_[0, 0, 1].png"
-4.532685,-7.3362727,"mp-1177108_[0, 0, 1].png"
4.879764,-5.9197273,"mp-1195477_[0, 0, 1].png"
52.330254,-6.1153483,"mp-40201_[0, 0, 1].png"
-39.381714,27.600742,"mp-26416_[0, 0, 1].png"
-18.097212,4.318771,"mp-580941_[0, 0, 1].png"
-13.381457,-40.082558,"mp-1205251_[0, 0, 1].png"
-20.741331,54.260845,"mp-1192397_[0, 0, 1].png"
45.462387,-9.828425,"mp-21939_[0, 0, 1].png"
-12.538048,-41.544197,"mp-4937_[0, 0, 1].png"
31.110167,8.1068,"mp-756013_[0, 0, 1].png"
-23.431343,6.324653,"mp-17392_[0, 0, 1].png"
-0.74851865,-46.27871,"mp-27322_[0, 0, 1].png"
-58.50324,-5.576318,"mp-17648_[0, 0, 1].png"
17.780392,-23.68235,"mp-5838_[0, 0, 1].png"
1.4981238,-55.25786,"mp-2713829_[0, 0, 1].png"
28.709011,-21.849087,"mp-1219241_[0, 0, 1].png"
23.554718,41.62822,"mp-1228069_[0, 0, 1].png"
-32.576687,-42.306347,"mp-2715745_[0, 0, 1].png"
30.143272,15.248141,"mp-722866_[0, 0, 1].png"
-37.2568,-2.421477,"mp-686618_[0, 0, 1].png"
-43.811813,-19.323576,"mp-1228229_[0, 0, 1].png"
19.879202,14.447136,"mp-2715585_[0, 0, 1].png"
-11.171939,2.3047318,"mp-752973_[0, 0, 1].png"
-27.057558,35.871803,"mp-772591_[0, 0, 1].png"
-19.924519,0.41632092,"mp-1103684_[0, 0, 1].png"
-22.56891,57.937325,"mp-1225408_[0, 0, 1].png"
41.83887,36.03058,"mp-558022_[0, 0, 1].png"
40.380547,39.3564,"mp-771335_[0, 0, 1].png"
-11.079589,-35.35714,"mp-8842_[0, 0, 1].png"
-26.706186,-30.080713,"mp-753212_[0, 0, 1].png"
35.692955,28.27778,"mp-1073256_[0, 0, 1].png"
10.276301,-50.98408,"mp-17885_[0, 0, 1].png"
39.088627,23.345024,"mp-21521_[0, 0, 1].png"
52.566402,2.0415745,"mp-24017_[0, 0, 1].png"
-30.614727,16.456732,"mp-17367_[0, 0, 1].png"
29.062069,13.023235,"mp-1227651_[0, 0, 1].png"
46.02386,30.16073,"mp-677549_[0, 0, 1].png"
-4.262922,-8.350118,"mp-760343_[0, 0, 1].png"
0.25320652,-45.733585,"mp-4180_[0, 0, 1].png"
53.61017,-9.354561,"mp-554203_[0, 0, 1].png"
-55.92901,-14.794981,"mp-1180172_[0, 0, 1].png"
-27.057568,-34.850018,"mp-567576_[0, 0, 1].png"
16.965212,43.539856,"mp-1163942_[0, 0, 1].png"
22.993393,28.312586,"mp-962057_[0, 0, 1].png"
4.632104,-53.275814,"mp-1074320_[0, 0, 1].png"
-17.984133,37.727665,"mp-570172_[0, 0, 1].png"
47.59653,-10.998647,"mp-1205397_[0, 0, 1].png"
-3.123602,-20.677555,"mp-2713260_[0, 0, 1].png"
-44.656975,29.478096,"mp-2713642_[0, 0, 1].png"
-40.38225,17.014233,"mp-755047_[0, 0, 1].png"
-9.314167,-30.026886,"mp-30076_[0, 0, 1].png"
-11.135298,22.232395,"mp-677042_[0, 0, 1].png"
-12.817609,6.352116,"mp-7121_[0, 0, 1].png"
5.3110285,58.12188,"mp-1078823_[0, 0, 1].png"
-52.965343,-13.608471,"mp-1700_[0, 0, 1].png"
-18.730349,-40.20447,"mp-783909_[0, 0, 1].png"
17.399715,22.870932,"mp-571195_[0, 0, 1].png"
-21.256435,29.82388,"mp-558191_[0, 0, 1].png"
40.745686,21.38862,"mp-11582_[0, 0, 1].png"
-59.460686,-17.833858,"mp-1020715_[0, 0, 1].png"
-38.571983,15.733252,"mp-772595_[0, 0, 1].png"
-17.233418,42.961193,"mp-2714704_[0, 0, 1].png"
15.985304,-11.135243,"mp-1207851_[0, 0, 1].png"
-27.307182,41.164722,"mp-556898_[0, 0, 1].png"
-34.535004,26.226044,"mp-684580_[0, 0, 1].png"
23.298336,7.1321783,"mp-1220385_[0, 0, 1].png"
20.228594,-10.818035,"mp-561543_[0, 0, 1].png"
20.284468,44.95291,"mp-2713781_[0, 0, 1].png"
-25.341463,-33.269405,"mp-2798_[0, 0, 1].png"
-11.072339,2.1252837,"mp-1041338_[0, 0, 1].png"
36.370716,-30.555174,"mp-753197_[0, 0, 1].png"
-45.84045,-17.077435,"mp-13868_[0, 0, 1].png"
2.987484,-3.1887329,"mp-1219388_[0, 0, 1].png"
2.3406537,55.39916,"mp-27854_[0, 0, 1].png"
-15.676194,-9.484093,"mp-1029334_[0, 0, 1].png"
-37.633263,27.605364,"mp-1147551_[0, 0, 1].png"
51.49572,18.083313,"mp-1194467_[0, 0, 1].png"
-59.53829,-9.138213,"mp-24603_[0, 0, 1].png"
13.141397,34.27979,"mp-2714439_[0, 0, 1].png"
38.15995,-31.492971,"mp-2715113_[0, 0, 1].png"
42.319664,-1.9958473,"mp-1176508_[0, 0, 1].png"
-2.9218984,40.548336,"mp-961673_[0, 0, 1].png"
15.727294,24.294458,"mp-569597_[0, 0, 1].png"
51.13629,17.710308,"mp-752464_[0, 0, 1].png"
26.714514,-42.511982,"mp-721582_[0, 0, 1].png"
42.44234,-9.50521,"mp-2715349_[0, 0, 1].png"
-21.686134,-15.429345,"mp-1203655_[0, 0, 1].png"
53.144222,7.3558354,"mp-1217002_[0, 0, 1].png"
-45.193253,28.12355,"mp-1208796_[0, 0, 1].png"
-51.99306,-7.580645,"mp-1219183_[0, 0, 1].png"
-19.13325,1.8533168,"mp-1008491_[0, 0, 1].png"
-4.2050996,9.718252,"mp-1222336_[0, 0, 1].png"
41.689938,18.12104,"mp-720721_[0, 0, 1].png"
-3.05044,-59.85958,"mp-4223_[0, 0, 1].png"
-38.126038,20.360409,"mp-551826_[0, 0, 1].png"
32.967968,-1.3677502,"mp-2716193_[0, 0, 1].png"
-49.69688,25.946714,"mp-22274_[0, 0, 1].png"
34.721626,-19.500748,"mp-755627_[0, 0, 1].png"
31.32611,5.7271776,"mp-2713617_[0, 0, 1].png"
30.921267,12.64049,"mp-2715550_[0, 0, 1].png"
43.427155,-35.44584,"mp-1073274_[0, 0, 1].png"
-37.835037,-46.517654,"mp-1028356_[0, 0, 1].png"
-21.499125,38.8521,"mp-15656_[0, 0, 1].png"
43.50314,33.160606,"mp-614803_[0, 0, 1].png"
13.088655,-37.535316,"mp-569673_[0, 0, 1].png"
-18.582232,52.00955,"mp-2715923_[0, 0, 1].png"
-41.747257,-17.227404,"mp-642273_[0, 0, 1].png"
-39.69617,14.618432,"mp-2712860_[0, 0, 1].png"
45.417927,30.33598,"mp-28444_[0, 0, 1].png"
20.15966,12.273439,"mp-1075060_[0, 0, 1].png"
9.464588,-2.5642529,"mp-1203942_[0, 0, 1].png"
25.65591,-12.273271,"mp-1200353_[0, 0, 1].png"
42.778187,32.750046,"mp-559724_[0, 0, 1].png"
-18.924028,-12.816271,"mp-16917_[0, 0, 1].png"
9.138311,-24.25076,"mp-1025249_[0, 0, 1].png"
43.467327,26.20079,"mp-2715521_[0, 0, 1].png"
3.5250041,60.363796,"mp-2714618_[0, 0, 1].png"
59.664715,4.938555,"mp-17313_[0, 0, 1].png"
-45.92391,2.1421041,"mp-546633_[0, 0, 1].png"
15.122064,-39.902527,"mp-1020595_[0, 0, 1].png"
42.64265,-6.2820067,"mp-625199_[0, 0, 1].png"
49.660645,-3.8830295,"mp-604119_[0, 0, 1].png"
-17.105318,-46.36028,"mp-2714955_[0, 0, 1].png"
-47.92031,-13.5469885,"mp-29379_[0, 0, 1].png"
18.541527,-38.899204,"mp-757570_[0, 0, 1].png"
48.974426,32.38034,"mp-861258_[0, 0, 1].png"
-6.717444,-35.91673,"mp-7375_[0, 0, 1].png"
-18.519377,-47.505955,"mp-555320_[0, 0, 1].png"
20.290514,44.438335,"mp-24097_[0, 0, 1].png"
1.9223595,53.89142,"mp-2714093_[0, 0, 1].png"
-6.2133193,22.60402,"mp-1207209_[0, 0, 1].png"
-34.104607,-33.87493,"mp-12100_[0, 0, 1].png"
14.275283,-14.565417,"mp-2714794_[0, 0, 1].png"
43.268967,-33.620953,"mp-530027_[0, 0, 1].png"
48.495186,-11.554706,"mp-12422_[0, 0, 1].png"
-16.426153,-45.777493,"mp-20618_[0, 0, 1].png"
-27.947481,-34.218166,"mp-2715997_[0, 0, 1].png"
-6.0835967,-23.198719,"mp-1013535_[0, 0, 1].png"
43.951115,27.651434,"mp-1234150_[0, 0, 1].png"
2.343106,2.810582,"mp-762643_[0, 0, 1].png"
-46.30626,-0.5839663,"mp-686203_[0, 0, 1].png"
-52.269936,-18.069748,"mp-12874_[0, 0, 1].png"
19.562422,-30.06516,"mp-1220821_[0, 0, 1].png"
13.075002,-9.342513,"mp-1064667_[0, 0, 1].png"
36.883144,40.87185,"mp-2714537_[0, 0, 1].png"
-1.5864735,56.557514,"mp-760462_[0, 0, 1].png"
7.993036,56.316795,"mp-1028096_[0, 0, 1].png"
30.927559,-21.01051,"mp-989229_[0, 0, 1].png"
14.649846,-23.157085,"mp-2713540_[0, 0, 1].png"
28.689684,2.0719643,"mp-774361_[0, 0, 1].png"
41.35381,-22.764639,"mp-11170_[0, 0, 1].png"
28.293303,18.510836,"mp-2713246_[0, 0, 1].png"
41.72016,16.853636,"mp-2713527_[0, 0, 1].png"
-51.315617,25.150106,"mp-775296_[0, 0, 1].png"
-31.232525,-25.179615,"mp-2287_[0, 0, 1].png"
0.22735882,-9.5138,"mp-21287_[0, 0, 1].png"
0.29031014,14.751609,"mp-2713272_[0, 0, 1].png"
9.583599,0.25555736,"mp-720948_[0, 0, 1].png"
-9.875826,-31.927565,"mp-1218362_[0, 0, 1].png"
11.986409,-52.079727,"mp-1030015_[0, 0, 1].png"
-13.74609,8.987276,"mp-18320_[0, 0, 1].png"
-1.8854507,23.172333,"mp-677437_[0, 0, 1].png"
-10.796202,5.459353,"mp-1205734_[0, 0, 1].png"
30.448717,-1.8473986,"mp-850962_[0, 0, 1].png"
-5.003088,-18.256418,"mp-1245967_[0, 0, 1].png"
26.50665,1.123058,"mp-18407_[0, 0, 1].png"
-50.361786,3.7119129,"mp-2715655_[0, 0, 1].png"
8.95446,-29.677164,"mp-17848_[0, 0, 1].png"
25.555176,-0.42501256,"mp-28295_[0, 0, 1].png"
7.244287,1.0117596,"mp-9480_[0, 0, 1].png"
-2.6246724,-24.616922,"mp-1224452_[0, 0, 1].png"
4.331486,49.041233,"mp-2715407_[0, 0, 1].png"
-0.13011566,-39.478718,"mp-1105959_[0, 0, 1].png"
-1.0737611,36.017746,"mp-28024_[0, 0, 1].png"
-53.604164,-21.022717,"mp-541291_[0, 0, 1].png"
39.62333,-13.432934,"mp-38125_[0, 0, 1].png"
-15.563086,22.6505,"mp-1572_[0, 0, 1].png"
0.40279704,1.630971,"mp-2715928_[0, 0, 1].png"
-61.970425,-7.198323,"mp-19140_[0, 0, 1].png"
18.705517,-23.210735,"mp-1220077_[0, 0, 1].png"
-36.26888,28.31361,"mp-37183_[0, 0, 1].png"
17.767723,30.84937,"mp-1216278_[0, 0, 1].png"
-33.465046,24.101004,"mp-1093711_[0, 0, 1].png"
-23.510975,5.322281,"mp-1246131_[0, 0, 1].png"
5.3164487,-0.25481424,"mp-1047490_[0, 0, 1].png"
-15.569959,-11.438542,"mp-758823_[0, 0, 1].png"
11.792389,-55.460358,"mp-39167_[0, 0, 1].png"
-17.763498,57.06025,"mp-1046410_[0, 0, 1].png"
-57.75495,-10.490477,"mp-1205647_[0, 0, 1].png"
-47.240883,22.958433,"mp-29310_[0, 0, 1].png"
30.105106,6.889373,"mp-1216484_[0, 0, 1].png"
-28.825836,-22.507454,"mp-1182738_[0, 0, 1].png"
0.8035701,51.755646,"mp-697136_[0, 0, 1].png"
-38.147095,-44.36739,"mp-1101243_[0, 0, 1].png"
8.426047,-47.1001,"mp-1195505_[0, 0, 1].png"
16.768429,12.817762,"mp-706268_[0, 0, 1].png"
-24.018438,-2.4086113,"mp-758910_[0, 0, 1].png"
24.371387,-40.330936,"mp-1079645_[0, 0, 1].png"
22.21115,10.49684,"mp-2713875_[0, 0, 1].png"
4.2258234,-45.25811,"mp-752930_[0, 0, 1].png"
-16.78439,-4.927645,"mp-1103527_[0, 0, 1].png"
-29.152658,-21.82409,"mp-555154_[0, 0, 1].png"
-12.239896,-40.194332,"mp-10070_[0, 0, 1].png"
8.930826,-8.652935,"mp-540633_[0, 0, 1].png"
-6.210897,-20.38093,"mp-669320_[0, 0, 1].png"
3.2244842,-4.837806,"mp-17271_[0, 0, 1].png"
52.340122,3.2388542,"mp-1208051_[0, 0, 1].png"
-47.210606,6.4041996,"mp-1200185_[0, 0, 1].png"
18.858706,-23.3842,"mp-643141_[0, 0, 1].png"
-7.9580026,-8.564888,"mp-1183020_[0, 0, 1].png"
22.831068,-0.95864975,"mp-14782_[0, 0, 1].png"
13.258325,-20.27636,"mp-1074729_[0, 0, 1].png"
36.9409,39.735527,"mp-626843_[0, 0, 1].png"
-10.71764,23.114195,"mp-1216206_[0, 0, 1].png"
-36.59108,15.703843,"mp-1176384_[0, 0, 1].png"
-45.82393,7.561627,"mp-1211466_[0, 0, 1].png"
5.0514436,-50.297386,"mp-1225450_[0, 0, 1].png"
23.027544,-32.178936,"mp-1220745_[0, 0, 1].png"
49.639957,-19.635891,"mp-1038039_[0, 0, 1].png"
42.70862,-22.592701,"mp-16961_[0, 0, 1].png"
0.104022376,54.959373,"mp-1188445_[0, 0, 1].png"
19.859951,31.688406,"mp-4275_[0, 0, 1].png"
33.5012,14.604921,"mp-11613_[0, 0, 1].png"
-35.389374,-47.912605,"mp-864966_[0, 0, 1].png"
-25.159925,-0.6780553,"mp-782667_[0, 0, 1].png"
-15.416243,-25.180065,"mp-2716523_[0, 0, 1].png"
-6.746063,24.801056,"mp-570457_[0, 0, 1].png"
-47.62203,-16.660318,"mp-1220967_[0, 0, 1].png"
20.004654,-37.78817,"mp-556866_[0, 0, 1].png"
5.3958225,-63.6483,"mp-1212074_[0, 0, 1].png"
-3.3421936,-60.828743,"mp-2715420_[0, 0, 1].png"
3.9175825,-0.5957946,"mp-743762_[0, 0, 1].png"
-34.505104,31.929502,"mp-1067042_[0, 0, 1].png"
53.17866,-8.519278,"mp-1220757_[0, 0, 1].png"
-51.548367,24.852118,"mp-7173_[0, 0, 1].png"
-0.5475437,41.024044,"mp-2713104_[0, 0, 1].png"
41.789974,-7.9539776,"mp-1154758_[0, 0, 1].png"
-33.631767,-25.438686,"mp-675634_[0, 0, 1].png"
7.398678,27.371212,"mp-1073136_[0, 0, 1].png"
18.725237,-33.976913,"mp-607953_[0, 0, 1].png"
-11.387086,24.199469,"mp-1193130_[0, 0, 1].png"
0.46160027,39.768486,"mp-1209017_[0, 0, 1].png"
-11.0320425,8.162823,"mp-697853_[0, 0, 1].png"
-42.575413,25.073606,"mp-626068_[0, 0, 1].png"
48.76691,-18.446964,"mp-1040893_[0, 0, 1].png"
40.686314,-21.647491,"mp-10246_[0, 0, 1].png"
17.101265,31.771059,"mp-653838_[0, 0, 1].png"
-50.75702,-14.954837,"mp-1221158_[0, 0, 1].png"
-5.3637757,-26.867695,"mp-761849_[0, 0, 1].png"
-10.426933,23.40807,"mp-505077_[0, 0, 1].png"
-33.322407,16.383593,"mp-2229691_[0, 0, 1].png"
-15.829605,55.939575,"mp-2712847_[0, 0, 1].png"
-40.122845,15.840455,"mp-4767_[0, 0, 1].png"
-8.857479,19.776258,"mp-6870_[0, 0, 1].png"
43.858112,30.895716,"mp-29909_[0, 0, 1].png"
-24.278801,-26.884062,"mp-705635_[0, 0, 1].png"
46.078056,21.591698,"mp-1235436_[0, 0, 1].png"
5.740078,-3.7235086,"mp-2714460_[0, 0, 1].png"
59.443382,-3.4868197,"mp-1103176_[0, 0, 1].png"
9.563503,33.76,"mp-1202503_[0, 0, 1].png"
34.39293,26.618732,"mp-767720_[0, 0, 1].png"
16.85978,7.5036907,"mp-1073455_[0, 0, 1].png"
1.6440569,-47.351974,"mp-732315_[0, 0, 1].png"
42.91954,28.945356,"mp-1069882_[0, 0, 1].png"
48.524086,-3.096812,"mp-776015_[0, 0, 1].png"
-17.604382,-44.211926,"mp-2714480_[0, 0, 1].png"
50.331142,-13.9741535,"mp-17210_[0, 0, 1].png"
63.39739,8.589576,"mp-19043_[0, 0, 1].png"
22.068705,10.122423,"mp-1228632_[0, 0, 1].png"
1.6111659,37.302025,"mp-24040_[0, 0, 1].png"
19.832487,36.01114,"mp-756668_[0, 0, 1].png"
-11.9992075,-24.482588,"mp-541190_[0, 0, 1].png"
-15.463528,-29.54979,"mp-10281_[0, 0, 1].png"
-4.8049364,-10.943214,"mp-1194952_[0, 0, 1].png"
12.030808,-20.340324,"mp-760360_[0, 0, 1].png"
23.434322,34.292515,"mp-555497_[0, 0, 1].png"
-1.754467,57.663746,"mp-558807_[0, 0, 1].png"
-23.284292,-15.873845,"mp-33024_[0, 0, 1].png"
-8.620967,-27.123302,"mp-1206778_[0, 0, 1].png"
20.851986,-7.4854326,"mp-560836_[0, 0, 1].png"
-32.966175,-2.84859,"mp-753649_[0, 0, 1].png"
-27.363358,-28.325855,"mp-634059_[0, 0, 1].png"
15.501275,41.40406,"mp-556151_[0, 0, 1].png"
5.5606112,5.4343777,"mp-1014251_[0, 0, 1].png"
2.1868005,12.594544,"mp-15521_[0, 0, 1].png"
-2.089191,-60.718964,"mp-18502_[0, 0, 1].png"
-43.825542,26.353422,"mp-2714500_[0, 0, 1].png"
-1.6040865,38.293888,"mp-1247373_[0, 0, 1].png"
-49.49137,-18.261404,"mp-2715698_[0, 0, 1].png"
22.188726,0.4663325,"mp-1214205_[0, 0, 1].png"
39.95593,-20.769806,"mp-775319_[0, 0, 1].png"
35.226868,-7.5935006,"mp-1202514_[0, 0, 1].png"
1.7854307,-1.3853103,"mp-1202728_[0, 0, 1].png"
19.797733,25.263561,"mp-31310_[0, 0, 1].png"
45.005238,-23.465029,"mp-850922_[0, 0, 1].png"
-48.770958,31.42282,"mp-2713974_[0, 0, 1].png"
40.29235,26.82863,"mp-638035_[0, 0, 1].png"
-45.546295,-19.062708,"mp-1019511_[0, 0, 1].png"
-41.922585,-40.725376,"mp-9427_[0, 0, 1].png"
23.718376,0.2666362,"mp-1190689_[0, 0, 1].png"
-4.0678163,-52.55613,"mp-726420_[0, 0, 1].png"
13.615109,-26.193768,"mp-4400_[0, 0, 1].png"
4.0815187,60.79144,"mp-703684_[0, 0, 1].png"
-3.9096808,-28.463808,"mp-2713463_[0, 0, 1].png"
40.582188,-36.808086,"mp-1220265_[0, 0, 1].png"
18.731306,-28.054813,"mp-11925_[0, 0, 1].png"
25.258738,37.606277,"mp-1173602_[0, 0, 1].png"
-28.75682,-30.170834,"mp-1521882_[0, 0, 1].png"
3.588466,19.904058,"mp-9042_[0, 0, 1].png"
8.22441,2.4834526,"mp-753813_[0, 0, 1].png"
-45.094734,17.40323,"mp-557237_[0, 0, 1].png"
23.26893,43.49784,"mp-720985_[0, 0, 1].png"
20.813917,2.3703465,"mp-707170_[0, 0, 1].png"
-39.46879,-38.593964,"mp-642729_[0, 0, 1].png"
43.47723,-21.792072,"mp-1215304_[0, 0, 1].png"
-1.5652268,-55.679386,"mp-1227873_[0, 0, 1].png"
-6.944094,-16.219217,"mp-570867_[0, 0, 1].png"
0.2039268,0.9732051,"mp-1073021_[0, 0, 1].png"
-3.6810098,-9.222018,"mp-2713452_[0, 0, 1].png"
38.901485,-23.61994,"mp-600003_[0, 0, 1].png"
-24.04464,40.48245,"mp-1206787_[0, 0, 1].png"
-0.3457343,38.367817,"mp-5508_[0, 0, 1].png"
48.271187,31.781784,"mp-2714800_[0, 0, 1].png"
49.27058,-8.023021,"mp-11175_[0, 0, 1].png"
-22.826542,-5.7076635,"mp-757199_[0, 0, 1].png"
3.8961143,57.89109,"mp-1197419_[0, 0, 1].png"
22.520359,43.808296,"mp-771255_[0, 0, 1].png"
-36.425484,26.688318,"mp-1041488_[0, 0, 1].png"
-40.8968,6.925847,"mp-25403_[0, 0, 1].png"
-4.1635056,26.543201,"mp-662522_[0, 0, 1].png"
-27.394949,47.46907,"mp-2715353_[0, 0, 1].png"
-48.004803,28.211853,"mp-20351_[0, 0, 1].png"
25.84646,-46.177715,"mp-771013_[0, 0, 1].png"
14.292197,-26.334148,"mp-2713101_[0, 0, 1].png"
53.837082,19.786028,"mp-546787_[0, 0, 1].png"
-14.917191,19.977127,"mp-777840_[0, 0, 1].png"
38.006496,-29.119198,"mp-1373149_[0, 0, 1].png"
-2.1842768,-27.474949,"mp-2713128_[0, 0, 1].png"
-14.446864,25.305323,"mp-37436_[0, 0, 1].png"
27.54339,8.465359,"mp-559847_[0, 0, 1].png"
5.718319,47.579967,"mp-1328088_[0, 0, 1].png"
-12.3905325,-38.079895,"mp-1075724_[0, 0, 1].png"
-0.40452838,57.322292,"mp-1194877_[0, 0, 1].png"
41.697792,-38.325478,"mp-2716353_[0, 0, 1].png"
-19.179394,44.359108,"mp-2714508_[0, 0, 1].png"
3.870181,18.68318,"mp-696946_[0, 0, 1].png"
-41.962566,32.315365,"mp-29163_[0, 0, 1].png"
2.1087565,-61.6955,"mp-2712797_[0, 0, 1].png"
-12.154422,-27.046047,"mp-541557_[0, 0, 1].png"
-20.748425,52.284126,"mp-2716272_[0, 0, 1].png"
45.72685,-11.066671,"mp-2715539_[0, 0, 1].png"
-40.794777,-43.07056,"mp-863754_[0, 0, 1].png"
-32.899773,-26.94514,"mp-2713686_[0, 0, 1].png"
34.15543,5.0287857,"mp-1221336_[0, 0, 1].png"
-29.88971,-30.61989,"mp-1040985_[0, 0, 1].png"
-12.009101,-41.66576,"mp-1039875_[0, 0, 1].png"
-16.638908,24.575872,"mp-14049_[0, 0, 1].png"
29.492119,-19.133299,"mp-1043403_[0, 0, 1].png"
54.14214,-1.2814258,"mp-557954_[0, 0, 1].png"
21.972723,37.765724,"mp-559904_[0, 0, 1].png"
-10.811546,-36.164703,"mp-27171_[0, 0, 1].png"
-24.046877,4.7604375,"mp-2715030_[0, 0, 1].png"
18.227232,-39.292446,"mp-1045855_[0, 0, 1].png"
-19.803883,2.6440473,"mp-1073785_[0, 0, 1].png"
-14.761263,39.25101,"mp-2712614_[0, 0, 1].png"
-6.027052,-28.609215,"mp-556423_[0, 0, 1].png"
-24.997833,-28.532482,"mp-11631_[0, 0, 1].png"
0.33793736,-11.647626,"mp-1249531_[0, 0, 1].png"
38.21038,25.378138,"mp-23702_[0, 0, 1].png"
14.636292,-20.785332,"mp-2715152_[0, 0, 1].png"
-1.6776124,-25.178534,"mp-1069191_[0, 0, 1].png"
-8.641432,22.5202,"mp-1218957_[0, 0, 1].png"
33.96341,-24.178522,"mp-765775_[0, 0, 1].png"
15.121185,-11.991021,"mp-42022_[0, 0, 1].png"
-10.691979,-30.025597,"mp-18262_[0, 0, 1].png"
23.118435,-37.728455,"mp-1223191_[0, 0, 1].png"
-1.3981718,50.64826,"mp-540118_[0, 0, 1].png"
48.96907,32.44801,"mp-1217347_[0, 0, 1].png"
-34.63355,-40.127575,"mp-2715969_[0, 0, 1].png"
-16.951635,-3.2053232,"mp-2713520_[0, 0, 1].png"
5.6889253,-50.0281,"mp-643829_[0, 0, 1].png"
-21.706783,-1.4248894,"mp-2713420_[0, 0, 1].png"
28.897497,17.793507,"mp-637220_[0, 0, 1].png"
1.858696,-40.04758,"mp-1194392_[0, 0, 1].png"
15.746792,34.379753,"mp-1218926_[0, 0, 1].png"
-30.181568,-33.152985,"mp-1006118_[0, 0, 1].png"
32.622494,9.294699,"mp-1210891_[0, 0, 1].png"
-35.920197,-42.328754,"mp-1223224_[0, 0, 1].png"
-37.52568,-47.994804,"mp-1217_[0, 0, 1].png"
15.230516,-0.56641996,"mp-1077902_[0, 0, 1].png"
-23.739637,-29.993916,"mp-1197037_[0, 0, 1].png"
-38.386276,26.50298,"mp-558351_[0, 0, 1].png"
-9.102244,-36.07109,"mp-2715066_[0, 0, 1].png"
-42.15938,-21.388138,"mp-1173475_[0, 0, 1].png"
25.576784,5.0111585,"mp-2716334_[0, 0, 1].png"
17.012331,-35.056686,"mp-1157822_[0, 0, 1].png"
15.43405,43.474823,"mp-1265115_[0, 0, 1].png"
4.693435,-1.3577915,"mp-15776_[0, 0, 1].png"
4.2506094,-1.203461,"mp-27579_[0, 0, 1].png"
4.0423136,0.17255527,"mp-2715658_[0, 0, 1].png"
0.04977364,-40.700474,"mp-22740_[0, 0, 1].png"
-17.699806,-40.889587,"mp-1074467_[0, 0, 1].png"
-42.05714,-0.36888358,"mp-7441_[0, 0, 1].png"
-35.32696,18.20849,"mp-504894_[0, 0, 1].png"
-4.512632,-8.182496,"mp-505381_[0, 0, 1].png"
53.601406,-2.2408082,"mp-9550_[0, 0, 1].png"
-26.624489,31.17355,"mp-2714998_[0, 0, 1].png"
-25.23836,-24.643393,"mp-1073737_[0, 0, 1].png"
5.039821,-61.414722,"mp-555903_[0, 0, 1].png"
26.004536,40.40598,"mp-555256_[0, 0, 1].png"
21.437523,14.649635,"mp-1034986_[0, 0, 1].png"
-19.769545,-9.5313425,"mp-1210092_[0, 0, 1].png"
-14.067798,0.14320676,"mp-2715068_[0, 0, 1].png"
36.945972,-22.185984,"mp-2713309_[0, 0, 1].png"
-26.28745,-24.507647,"mp-625136_[0, 0, 1].png"
-37.331383,-41.636196,"mp-1264368_[0, 0, 1].png"
17.885584,10.902804,"mp-2713018_[0, 0, 1].png"
-9.166878,19.471992,"mp-1214762_[0, 0, 1].png"
39.303493,18.16255,"mp-1205145_[0, 0, 1].png"
-17.78689,-47.168125,"mp-559176_[0, 0, 1].png"
-29.592035,15.130246,"mp-1179481_[0, 0, 1].png"
45.816982,-0.796913,"mp-3731_[0, 0, 1].png"
-15.493418,23.226336,"mp-2712985_[0, 0, 1].png"
49.371212,20.270836,"mp-22657_[0, 0, 1].png"
-14.392239,-0.109013915,"mp-760396_[0, 0, 1].png"
-18.038689,-47.870182,"mp-16841_[0, 0, 1].png"
24.322092,-12.7106285,"mp-1093774_[0, 0, 1].png"
37.007164,39.65164,"mp-2712761_[0, 0, 1].png"
-32.150265,19.826864,"mp-2713558_[0, 0, 1].png"
-3.4766157,-60.496082,"mp-696231_[0, 0, 1].png"
-28.808056,13.389216,"mp-1187767_[0, 0, 1].png"
47.431664,17.42864,"mp-1206583_[0, 0, 1].png"
13.892898,-27.91184,"mp-1238298_[0, 0, 1].png"
52.913666,23.060286,"mp-561942_[0, 0, 1].png"
52.71868,-8.10979,"mp-638009_[0, 0, 1].png"
33.034725,-23.369226,"mp-1046947_[0, 0, 1].png"
-38.4907,2.1058543,"mp-2713338_[0, 0, 1].png"
0.72357464,18.126587,"mp-1075790_[0, 0, 1].png"
-24.813755,0.4148093,"mp-1100451_[0, 0, 1].png"
-19.043264,38.711807,"mp-568668_[0, 0, 1].png"
-34.845478,-44.29799,"mp-2715005_[0, 0, 1].png"
-44.40134,4.320445,"mp-23331_[0, 0, 1].png"
15.236859,-24.526163,"mp-2714577_[0, 0, 1].png"
24.30668,-39.23268,"mp-1102811_[0, 0, 1].png"
40.5394,-22.537203,"mp-4939_[0, 0, 1].png"
-5.4781623,9.099359,"mp-1226902_[0, 0, 1].png"
14.414096,19.219107,"mp-1103787_[0, 0, 1].png"
-1.2901062,-56.993423,"mp-2715809_[0, 0, 1].png"
4.668839,21.3362,"mp-857353_[0, 0, 1].png"
18.448095,36.47677,"mp-1017427_[0, 0, 1].png"
-27.27389,52.290394,"mp-758341_[0, 0, 1].png"
-14.434052,-28.257586,"mp-755478_[0, 0, 1].png"
-15.981798,-25.530607,"mp-2714365_[0, 0, 1].png"
-35.706833,17.047503,"mp-1206533_[0, 0, 1].png"
20.056086,25.319946,"mp-2712544_[0, 0, 1].png"
-29.58931,41.842083,"mp-29187_[0, 0, 1].png"
-8.41663,19.490873,"mp-19833_[0, 0, 1].png"
-0.21247506,-53.54532,"mp-2714771_[0, 0, 1].png"
-0.23468252,49.18285,"mp-762820_[0, 0, 1].png"
20.375902,7.069943,"mp-727389_[0, 0, 1].png"
56.211357,4.7342725,"mp-2715501_[0, 0, 1].png"
40.066906,-37.020214,"mp-41191_[0, 0, 1].png"
35.700535,7.6293335,"mp-752636_[0, 0, 1].png"
-32.135128,12.900377,"mp-1194728_[0, 0, 1].png"
56.34272,0.9425501,"mp-556296_[0, 0, 1].png"
-44.816803,2.2402294,"mp-1034860_[0, 0, 1].png"
-19.257166,31.054289,"mp-17490_[0, 0, 1].png"
-4.937345,47.22934,"mp-1074349_[0, 0, 1].png"
50.01462,-3.7441812,"mp-1163927_[0, 0, 1].png"
-47.095833,4.6159344,"mp-2714039_[0, 0, 1].png"
-2.1477873,-58.309475,"mp-1075120_[0, 0, 1].png"
-24.268206,32.17642,"mp-1043481_[0, 0, 1].png"
8.914193,1.2483075,"mp-625113_[0, 0, 1].png"
-25.957157,21.326416,"mp-765046_[0, 0, 1].png"
-18.973616,-9.187368,"mp-1025377_[0, 0, 1].png"
-17.367228,56.005486,"mp-1029932_[0, 0, 1].png"
-17.544483,-47.32899,"mp-1221089_[0, 0, 1].png"
40.970192,26.871239,"mp-7083_[0, 0, 1].png"
-40.880157,-41.863827,"mp-1210829_[0, 0, 1].png"
45.680805,27.77954,"mp-1204107_[0, 0, 1].png"
-32.462914,-39.836452,"mp-3772_[0, 0, 1].png"
-42.848885,-14.734774,"mp-4934_[0, 0, 1].png"
-16.82168,-49.57027,"mp-1221993_[0, 0, 1].png"
-56.04021,-18.20375,"mp-863408_[0, 0, 1].png"
3.1460195,61.111843,"mp-15492_[0, 0, 1].png"
-24.147848,43.193127,"mp-18000_[0, 0, 1].png"
35.812595,-25.289312,"mp-1031567_[0, 0, 1].png"
-30.777243,18.140503,"mp-864638_[0, 0, 1].png"
-20.86364,46.823063,"mp-34150_[0, 0, 1].png"
-60.625988,-7.6728125,"mp-19784_[0, 0, 1].png"
-23.162037,-11.972717,"mp-1074279_[0, 0, 1].png"
-28.717274,-22.684446,"mp-1227091_[0, 0, 1].png"
-26.360004,40.22341,"mp-1267433_[0, 0, 1].png"
-46.221256,3.6673856,"mp-961698_[0, 0, 1].png"
-34.43355,26.231524,"mp-765285_[0, 0, 1].png"
-59.118076,-7.655815,"mp-1025213_[0, 0, 1].png"
30.579733,-19.48744,"mp-2716234_[0, 0, 1].png"
-34.509617,-29.69239,"mp-1229128_[0, 0, 1].png"
3.7488143,55.037518,"mp-613733_[0, 0, 1].png"
-25.250782,-5.8923,"mp-866640_[0, 0, 1].png"
26.143045,6.3957276,"mp-1189710_[0, 0, 1].png"
31.83734,-25.243225,"mp-2715919_[0, 0, 1].png"
14.3913,-8.591653,"mp-862946_[0, 0, 1].png"
8.171102,61.46174,"mp-1210640_[0, 0, 1].png"
21.415276,36.4035,"mp-639463_[0, 0, 1].png"
-49.098545,30.115408,"mp-2714127_[0, 0, 1].png"
-13.481779,10.586217,"mp-1199429_[0, 0, 1].png"
42.155018,35.4972,"mp-2714910_[0, 0, 1].png"
-11.087211,-0.32394624,"mp-1220157_[0, 0, 1].png"
-6.8680773,-32.32398,"mp-984055_[0, 0, 1].png"
-17.848806,45.688282,"mp-11705_[0, 0, 1].png"
-37.47776,2.421725,"mp-1222121_[0, 0, 1].png"
44.455498,22.831757,"mp-22913_[0, 0, 1].png"
2.4541464,-36.595657,"mp-1023936_[0, 0, 1].png"
-46.938522,-15.325595,"mp-2716347_[0, 0, 1].png"
-15.409182,47.375137,"mp-1219279_[0, 0, 1].png"
-39.03912,6.8053427,"mp-23843_[0, 0, 1].png"
39.74963,36.103096,"mp-1173790_[0, 0, 1].png"
-8.131569,-23.878256,"mp-25289_[0, 0, 1].png"
25.514065,45.76512,"mp-23894_[0, 0, 1].png"
-61.473145,-11.869978,"mp-23598_[0, 0, 1].png"
2.9963765,-63.99917,"mp-633099_[0, 0, 1].png"
50.686413,-9.375979,"mp-1042009_[0, 0, 1].png"
19.001291,39.047245,"mp-983359_[0, 0, 1].png"
41.678043,27.843464,"mp-6240_[0, 0, 1].png"
-42.16781,19.3375,"mp-1073070_[0, 0, 1].png"
-43.757195,21.71371,"mp-1217270_[0, 0, 1].png"
-31.528013,18.131575,"mp-1223563_[0, 0, 1].png"
3.6760263,17.38093,"mp-1227993_[0, 0, 1].png"
-17.40266,9.210928,"mp-632282_[0, 0, 1].png"
37.153778,40.42912,"mp-1244968_[0, 0, 1].png"
26.658068,6.7668633,"mp-22756_[0, 0, 1].png"
23.253204,-45.392838,"mp-1013711_[0, 0, 1].png"
-29.339157,-20.670618,"mp-19294_[0, 0, 1].png"
24.354694,-42.815395,"mp-1043643_[0, 0, 1].png"
41.47107,-19.454594,"mp-1180494_[0, 0, 1].png"
-44.237926,28.169163,"mp-2714457_[0, 0, 1].png"
41.73472,-36.62274,"mp-1188581_[0, 0, 1].png"
39.089767,38.04067,"mp-744386_[0, 0, 1].png"
42.097527,-22.07528,"mp-554947_[0, 0, 1].png"
1.0893621,13.013455,"mp-2715224_[0, 0, 1].png"
-1.3774025,19.724255,"mp-863005_[0, 0, 1].png"
-20.582111,-15.005728,"mp-20177_[0, 0, 1].png"
6.5433083,17.02839,"mp-1211039_[0, 0, 1].png"
5.40041,2.41142,"mp-569450_[0, 0, 1].png"
-2.8500183,19.614355,"mp-734368_[0, 0, 1].png"
-8.89793,25.334623,"mp-2712833_[0, 0, 1].png"
-40.89215,-17.200169,"mp-766229_[0, 0, 1].png"
-13.91911,-33.445576,"mp-707304_[0, 0, 1].png"
-3.1613424,7.469062,"mp-1250755_[0, 0, 1].png"
-26.762283,-20.35554,"mp-759510_[0, 0, 1].png"
22.072079,45.155792,"mp-2714488_[0, 0, 1].png"
-27.58337,-19.898333,"mp-1220969_[0, 0, 1].png"
-20.766758,55.611443,"mp-1222445_[0, 0, 1].png"
-2.669793,54.9019,"mp-754323_[0, 0, 1].png"
14.229307,-31.967606,"mp-1220802_[0, 0, 1].png"
-44.667034,-12.724511,"mp-998560_[0, 0, 1].png"
24.785894,-34.197205,"mp-36053_[0, 0, 1].png"
22.085083,-37.373928,"mp-1221041_[0, 0, 1].png"
-36.50639,-45.629417,"mp-1224515_[0, 0, 1].png"
-54.73683,-18.395504,"mp-1245535_[0, 0, 1].png"
-16.849543,-9.5132885,"mp-18129_[0, 0, 1].png"
-26.11858,53.682533,"mp-35152_[0, 0, 1].png"
9.801652,49.20974,"mp-1019743_[0, 0, 1].png"
-20.216183,-4.651142,"mp-10074_[0, 0, 1].png"
-28.077194,-19.109482,"mp-1197730_[0, 0, 1].png"
21.249208,-37.94817,"mp-753874_[0, 0, 1].png"
4.897873,-43.08812,"mp-3938_[0, 0, 1].png"
47.830322,-10.6274,"mp-1100709_[0, 0, 1].png"
31.537836,4.7755303,"mp-6008_[0, 0, 1].png"
-49.31632,-10.292172,"mp-2714525_[0, 0, 1].png"
-10.930452,10.415567,"mp-13859_[0, 0, 1].png"
22.108576,46.695755,"mp-1207928_[0, 0, 1].png"
-50.40923,-13.974243,"mp-1022456_[0, 0, 1].png"
0.46600172,44.064434,"mp-775304_[0, 0, 1].png"
13.632232,-24.802235,"mp-1216871_[0, 0, 1].png"
2.8366356,60.717457,"mp-545974_[0, 0, 1].png"
-10.461185,23.971367,"mp-767222_[0, 0, 1].png"
11.728869,-25.023424,"mp-1227940_[0, 0, 1].png"
-48.812157,24.589808,"mp-1225887_[0, 0, 1].png"
-10.488327,-10.757378,"mp-6607_[0, 0, 1].png"
-21.648148,-10.750419,"mp-1180844_[0, 0, 1].png"
38.54252,-26.281721,"mp-581263_[0, 0, 1].png"
-22.91992,-2.6645973,"mp-677011_[0, 0, 1].png"
4.5631485,21.814156,"mp-2713102_[0, 0, 1].png"
-23.372152,34.00565,"mp-2230127_[0, 0, 1].png"
-9.001904,23.034067,"mp-3338_[0, 0, 1].png"
-1.4721547,-61.73083,"mp-16577_[0, 0, 1].png"
46.05063,-26.724186,"mp-866810_[0, 0, 1].png"
0.2287879,40.391426,"mp-863368_[0, 0, 1].png"
-17.33102,57.929317,"mp-754568_[0, 0, 1].png"
27.749575,15.312958,"mp-2712531_[0, 0, 1].png"
-34.489067,28.12427,"mp-644097_[0, 0, 1].png"
61.945736,7.804432,"mp-2716014_[0, 0, 1].png"
47.540154,-13.721159,"mp-1219243_[0, 0, 1].png"
39.10713,39.843796,"mp-555321_[0, 0, 1].png"
8.042739,52.448357,"mp-675475_[0, 0, 1].png"
1.5747882,-20.68209,"mp-1209154_[0, 0, 1].png"
-1.418735,16.932928,"mp-36111_[0, 0, 1].png"
47.306328,-6.3657646,"mp-2715805_[0, 0, 1].png"
-45.063107,1.122985,"mp-2714583_[0, 0, 1].png"
-28.577,14.411502,"mp-1195989_[0, 0, 1].png"
5.0192566,-0.43588328,"mp-1226105_[0, 0, 1].png"
18.0394,-31.84611,"mp-1043103_[0, 0, 1].png"
-17.380121,-7.3546205,"mp-556319_[0, 0, 1].png"
-18.4082,55.995285,"mp-2712768_[0, 0, 1].png"
6.802109,-47.17876,"mp-753369_[0, 0, 1].png"
49.592278,2.4058826,"mp-2714822_[0, 0, 1].png"
-18.845959,6.4137487,"mp-3078_[0, 0, 1].png"
3.908197,1.1153759,"mp-972751_[0, 0, 1].png"
-22.748034,-6.2883124,"mp-1102314_[0, 0, 1].png"
-18.257753,-0.016279794,"mp-1194892_[0, 0, 1].png"
30.725025,-22.141644,"mp-2714372_[0, 0, 1].png"
2.2212446,-1.5559932,"mp-1256499_[0, 0, 1].png"
6.963406,-56.250446,"mp-672966_[0, 0, 1].png"
23.062857,-31.756008,"mp-753509_[0, 0, 1].png"
-35.372143,0.24556805,"mp-1021360_[0, 0, 1].png"
-0.32626495,-57.461536,"mp-9197_[0, 0, 1].png"
21.40065,4.491369,"mp-1205614_[0, 0, 1].png"
20.741861,3.8385835,"mp-757956_[0, 0, 1].png"
-40.188515,-38.671104,"mp-1179548_[0, 0, 1].png"
-0.2731957,-8.560718,"mp-1219290_[0, 0, 1].png"
51.005257,18.856869,"mp-1228922_[0, 0, 1].png"
-1.5147697,-41.22355,"mp-2713226_[0, 0, 1].png"
13.496606,32.79573,"mp-1182475_[0, 0, 1].png"
-40.445454,-42.22937,"mp-697111_[0, 0, 1].png"
17.836058,32.87201,"mp-1217322_[0, 0, 1].png"
-16.931883,36.391724,"mp-757107_[0, 0, 1].png"
55.080975,-0.06445273,"mp-1219293_[0, 0, 1].png"
60.23191,4.257613,"mp-1196961_[0, 0, 1].png"
-6.1529207,41.320595,"mp-1364379_[0, 0, 1].png"
-50.569607,-14.359429,"mp-1214322_[0, 0, 1].png"
20.687464,-43.628334,"mp-561491_[0, 0, 1].png"
24.877176,43.87082,"mp-772044_[0, 0, 1].png"
2.514938,45.957745,"mp-1225060_[0, 0, 1].png"
-24.926989,43.285503,"mp-762264_[0, 0, 1].png"
-11.9692745,-35.184357,"mp-22981_[0, 0, 1].png"
37.727493,31.27694,"mp-1262552_[0, 0, 1].png"
55.370804,6.8889594,"mp-2712786_[0, 0, 1].png"
17.37749,-4.3787785,"mp-2715786_[0, 0, 1].png"
57.65453,-6.195278,"mp-18483_[0, 0, 1].png"
-19.635056,55.399624,"mp-771168_[0, 0, 1].png"
-3.6468077,-26.70658,"mp-1204710_[0, 0, 1].png"
22.698694,-25.74852,"mp-1023926_[0, 0, 1].png"
-19.785482,50.794907,"mp-1223741_[0, 0, 1].png"
-26.99332,41.00813,"mp-690687_[0, 0, 1].png"
-47.213158,-16.446056,"mp-558808_[0, 0, 1].png"
59.227642,-5.258417,"mp-17894_[0, 0, 1].png"
4.7560797,-0.049789805,"mp-555509_[0, 0, 1].png"
6.506295,44.501442,"mp-546027_[0, 0, 1].png"
-19.166313,-15.25676,"mp-1171437_[0, 0, 1].png"
-34.53849,-33.907375,"mp-2712966_[0, 0, 1].png"
39.613136,-6.5512023,"mp-2715495_[0, 0, 1].png"
41.308277,17.843115,"mp-1026684_[0, 0, 1].png"
-41.465717,6.248513,"mp-557076_[0, 0, 1].png"
-16.35269,2.1223493,"mp-559391_[0, 0, 1].png"
21.33776,10.167601,"mp-971662_[0, 0, 1].png"
-8.995642,-13.732179,"mp-1205545_[0, 0, 1].png"
50.46313,-12.1606245,"mp-558387_[0, 0, 1].png"
-55.621193,-12.773477,"mp-561551_[0, 0, 1].png"
46.303684,-29.570415,"mp-1332_[0, 0, 1].png"
31.158556,6.4977674,"mp-18246_[0, 0, 1].png"
-27.33618,13.976639,"mp-19931_[0, 0, 1].png"
14.616005,-14.186722,"mp-570922_[0, 0, 1].png"
-62.011353,-10.078808,"mp-2715271_[0, 0, 1].png"
-38.153572,18.935751,"mp-562216_[0, 0, 1].png"
-20.812922,-14.802309,"mp-2716241_[0, 0, 1].png"
-17.508438,-15.363366,"mp-35327_[0, 0, 1].png"
51.50484,26.165789,"mp-685146_[0, 0, 1].png"
17.21595,-28.950834,"mp-1225210_[0, 0, 1].png"
9.655596,-26.698511,"mp-1019512_[0, 0, 1].png"
-33.259842,4.771018,"mp-1073829_[0, 0, 1].png"
-32.87414,15.815874,"mp-560152_[0, 0, 1].png"
3.7321641,55.053337,"mp-1233123_[0, 0, 1].png"
30.733234,-5.428994,"mp-1013552_[0, 0, 1].png"
-29.414644,18.68778,"mp-569779_[0, 0, 1].png"
58.424877,-1.3754771,"mp-29013_[0, 0, 1].png"
15.305708,-33.695004,"mp-1205037_[0, 0, 1].png"
-8.926651,25.546701,"mp-1229170_[0, 0, 1].png"
18.046902,44.856808,"mp-1213517_[0, 0, 1].png"
40.418186,29.246977,"mp-684728_[0, 0, 1].png"
-39.83758,30.44525,"mp-752561_[0, 0, 1].png"
-32.78043,2.019089,"mp-556469_[0, 0, 1].png"
-0.36642146,21.303398,"mp-558753_[0, 0, 1].png"
-36.398373,27.57651,"mp-1191643_[0, 0, 1].png"
-29.118422,-21.86006,"mp-1025289_[0, 0, 1].png"
45.65758,17.797966,"mp-36526_[0, 0, 1].png"
-40.04079,-5.6972218,"mp-756622_[0, 0, 1].png"
-2.6832051,-17.33581,"mp-1025453_[0, 0, 1].png"
-16.569775,53.722153,"mp-1075513_[0, 0, 1].png"
-41.677296,-20.793177,"mp-1034896_[0, 0, 1].png"
-1.3951735,51.460068,"mp-1040902_[0, 0, 1].png"
52.77959,-6.1860423,"mp-560584_[0, 0, 1].png"
26.978079,-41.329372,"mp-1221229_[0, 0, 1].png"
-10.088922,9.015243,"mp-2715542_[0, 0, 1].png"
-50.32111,-9.558954,"mp-1022604_[0, 0, 1].png"
-26.951727,20.083345,"mp-1073728_[0, 0, 1].png"
-27.22962,-36.025513,"mp-561104_[0, 0, 1].png"
-19.727106,0.45616558,"mp-1068782_[0, 0, 1].png"
-23.447504,-27.544506,"mp-1195517_[0, 0, 1].png"
-31.856392,-27.843775,"mp-30160_[0, 0, 1].png"
7.5964594,29.029057,"mp-11661_[0, 0, 1].png"
43.7535,-3.7735064,"mp-1194845_[0, 0, 1].png"
8.52643,3.9731917,"mp-560889_[0, 0, 1].png"
21.712227,37.464664,"mp-1074009_[0, 0, 1].png"
-16.287066,-45.403526,"mp-662706_[0, 0, 1].png"
1.8924581,56.37978,"mp-1203730_[0, 0, 1].png"
18.235275,-30.6498,"mp-764945_[0, 0, 1].png"
16.16001,18.99893,"mp-555560_[0, 0, 1].png"
-62.980175,-5.010394,"mp-1075578_[0, 0, 1].png"
59.15412,5.2419996,"mp-557933_[0, 0, 1].png"
-22.425962,-15.883535,"mp-1219249_[0, 0, 1].png"
-22.247015,43.23959,"mp-1132757_[0, 0, 1].png"
9.099292,-50.547085,"mp-1185634_[0, 0, 1].png"
-14.476581,8.30867,"mp-23771_[0, 0, 1].png"
-23.984583,-12.995598,"mp-18230_[0, 0, 1].png"
42.41143,17.353968,"mp-18195_[0, 0, 1].png"
57.415016,0.00068294216,"mp-9392_[0, 0, 1].png"
37.79067,33.880108,"mp-8876_[0, 0, 1].png"
23.641098,-42.63671,"mp-2712850_[0, 0, 1].png"
7.388418,-42.117794,"mp-1044649_[0, 0, 1].png"
41.593792,-8.35859,"mp-1226620_[0, 0, 1].png"
45.216885,31.480341,"mp-1008556_[0, 0, 1].png"
49.939243,31.439835,"mp-1100392_[0, 0, 1].png"
4.6465263,52.883083,"mp-2716275_[0, 0, 1].png"
-2.4257476,-16.897406,"mp-1074193_[0, 0, 1].png"
-17.05647,-47.132137,"mp-1216166_[0, 0, 1].png"
-29.171343,37.862865,"mp-985584_[0, 0, 1].png"
-27.29165,13.511495,"mp-550998_[0, 0, 1].png"
14.448105,-30.783136,"mp-695616_[0, 0, 1].png"
10.656141,-25.139086,"mp-14030_[0, 0, 1].png"
54.47985,-10.371574,"mp-734012_[0, 0, 1].png"
46.05173,28.356707,"mp-2712879_[0, 0, 1].png"
0.63145304,3.9641123,"mp-34903_[0, 0, 1].png"
-55.263096,-19.37056,"mp-27755_[0, 0, 1].png"
62.49507,8.183406,"mp-1074333_[0, 0, 1].png"
-39.560883,-5.4302855,"mp-541460_[0, 0, 1].png"
-21.520548,37.35374,"mp-752446_[0, 0, 1].png"
-8.069368,-21.524788,"mp-1043756_[0, 0, 1].png"
6.669539,1.821227,"mp-600078_[0, 0, 1].png"
-10.300536,20.401775,"mp-779348_[0, 0, 1].png"
1.5297942,18.44862,"mp-29196_[0, 0, 1].png"
17.580784,-42.71839,"mp-1188541_[0, 0, 1].png"
-50.267662,-22.556206,"mp-1080533_[0, 0, 1].png"
16.247171,43.110653,"mp-625378_[0, 0, 1].png"
-2.7003675,38.40861,"mp-1073692_[0, 0, 1].png"
57.158035,3.5883775,"mp-755949_[0, 0, 1].png"
10.755824,31.72586,"mp-1226904_[0, 0, 1].png"
36.14315,5.832337,"mp-1199031_[0, 0, 1].png"
-45.94885,-12.145556,"mp-1073369_[0, 0, 1].png"
-0.81943905,-63.16167,"mp-2713234_[0, 0, 1].png"
-1.4866878,45.699142,"mp-2715720_[0, 0, 1].png"
10.788757,-9.209744,"mp-1364577_[0, 0, 1].png"
15.398976,44.19864,"mp-1221226_[0, 0, 1].png"
36.54577,24.557594,"mp-1220525_[0, 0, 1].png"
20.20459,39.618298,"mp-28007_[0, 0, 1].png"
36.46746,36.43194,"mp-759364_[0, 0, 1].png"
16.760283,-27.17894,"mp-765579_[0, 0, 1].png"
40.802956,35.539326,"mp-34932_[0, 0, 1].png"
-15.325886,6.5855103,"mp-24018_[0, 0, 1].png"
-0.60083544,57.260723,"mp-561525_[0, 0, 1].png"
19.571882,24.229673,"mp-1106069_[0, 0, 1].png"
50.64524,-8.900751,"mp-4309_[0, 0, 1].png"
44.837845,-27.304192,"mp-4428_[0, 0, 1].png"
-11.366961,25.71318,"mp-15701_[0, 0, 1].png"
46.20933,-12.022036,"mp-850895_[0, 0, 1].png"
-7.7796926,10.139137,"mp-1105594_[0, 0, 1].png"
25.580011,43.38632,"mp-22830_[0, 0, 1].png"
-20.79672,47.88588,"mp-1100433_[0, 0, 1].png"
0.13973647,24.498981,"mp-675120_[0, 0, 1].png"
-35.472935,-6.4434686,"mp-559366_[0, 0, 1].png"
-8.278403,-20.432213,"mp-773418_[0, 0, 1].png"
9.294509,-57.357235,"mp-23803_[0, 0, 1].png"
9.404727,-29.42228,"mp-640917_[0, 0, 1].png"
-0.9203837,2.002958,"mp-1143109_[0, 0, 1].png"
17.835146,4.740231,"mp-34486_[0, 0, 1].png"
-0.94791085,-24.887688,"mp-1206157_[0, 0, 1].png"
44.870804,16.338934,"mp-1020633_[0, 0, 1].png"
10.824137,-26.19648,"mp-775808_[0, 0, 1].png"
39.441944,-16.282438,"mp-696125_[0, 0, 1].png"
41.22108,-24.384617,"mp-10096_[0, 0, 1].png"
7.12064,4.8124948,"mp-766202_[0, 0, 1].png"
-16.2307,-6.7029533,"mp-4024_[0, 0, 1].png"
-18.705957,5.483839,"mp-760405_[0, 0, 1].png"
-50.11555,22.669386,"mp-14730_[0, 0, 1].png"
-55.244083,-14.126058,"mp-21661_[0, 0, 1].png"
-23.67926,-1.0236619,"mp-1215654_[0, 0, 1].png"
-26.840082,13.246504,"mp-15144_[0, 0, 1].png"
-27.73647,-34.322956,"mp-23683_[0, 0, 1].png"
8.663579,-57.573692,"mp-1224140_[0, 0, 1].png"
-33.175163,17.094366,"mp-2712836_[0, 0, 1].png"
14.141295,-2.4815414,"mp-1207959_[0, 0, 1].png"
-60.19028,-11.276601,"mp-18582_[0, 0, 1].png"
13.642815,-20.308853,"mp-677348_[0, 0, 1].png"
-4.1991863,19.46478,"mp-1217678_[0, 0, 1].png"
54.824463,6.7237077,"mp-778490_[0, 0, 1].png"
-39.503967,-19.706451,"mp-758113_[0, 0, 1].png"
45.76079,32.76926,"mp-2713083_[0, 0, 1].png"
-7.9325027,-9.5249605,"mp-25243_[0, 0, 1].png"
-11.73331,21.514233,"mp-1079815_[0, 0, 1].png"
11.566999,-55.39851,"mp-1095573_[0, 0, 1].png"
20.334309,-7.5013084,"mp-571302_[0, 0, 1].png"
-20.82135,-15.309207,"mp-753378_[0, 0, 1].png"
49.221962,-5.2053246,"mp-755753_[0, 0, 1].png"
57.354282,4.4549403,"mp-676284_[0, 0, 1].png"
37.949265,-28.746511,"mp-1073903_[0, 0, 1].png"
-10.873142,24.730787,"mp-2715755_[0, 0, 1].png"
7.753023,1.7796198,"mp-23162_[0, 0, 1].png"
25.905962,44.53404,"mp-17834_[0, 0, 1].png"
38.882973,-18.050348,"mp-1225706_[0, 0, 1].png"
-14.272067,-30.739426,"mp-23910_[0, 0, 1].png"
-28.016098,36.16668,"mp-8781_[0, 0, 1].png"
-60.32864,-5.510722,"mp-1045779_[0, 0, 1].png"
24.932585,6.9924765,"mp-1228617_[0, 0, 1].png"
-48.539337,4.885868,"mp-1245989_[0, 0, 1].png"
16.084959,-8.52735,"mp-4391_[0, 0, 1].png"
-3.2744565,-51.32416,"mp-1253396_[0, 0, 1].png"
23.630499,32.863792,"mp-1225555_[0, 0, 1].png"
-15.94505,0.07598054,"mp-1074028_[0, 0, 1].png"
-30.225271,-22.02263,"mp-1188590_[0, 0, 1].png"
-3.9691172,-15.578327,"mp-1074218_[0, 0, 1].png"
-37.216564,-41.08014,"mp-1045241_[0, 0, 1].png"
8.314547,-44.80046,"mp-1186349_[0, 0, 1].png"
15.403297,-8.218159,"mp-1013588_[0, 0, 1].png"
-22.216537,57.45034,"mp-1194326_[0, 0, 1].png"
-34.26371,-24.60883,"mp-676561_[0, 0, 1].png"
44.817833,24.754938,"mp-34381_[0, 0, 1].png"
34.525467,4.899518,"mp-972082_[0, 0, 1].png"
-26.185772,33.639153,"mp-11192_[0, 0, 1].png"
41.487846,-32.489178,"mp-4936_[0, 0, 1].png"
1.8845311,51.478397,"mp-559415_[0, 0, 1].png"
-60.296486,-13.246691,"mp-2714345_[0, 0, 1].png"
-19.991339,3.2503245,"mp-2712933_[0, 0, 1].png"
-0.60937095,14.373059,"mp-1202405_[0, 0, 1].png"
11.646106,-56.84407,"mp-22653_[0, 0, 1].png"
17.170862,28.258507,"mp-4674_[0, 0, 1].png"
-55.697575,-11.017937,"mp-1225135_[0, 0, 1].png"
20.456257,30.660036,"mp-2714458_[0, 0, 1].png"
53.22459,30.27123,"mp-2713664_[0, 0, 1].png"
-11.928146,-24.666645,"mp-1020712_[0, 0, 1].png"
22.88046,-35.063774,"mp-5048_[0, 0, 1].png"
36.16201,36.380714,"mp-1046188_[0, 0, 1].png"
-22.779755,34.345318,"mp-19270_[0, 0, 1].png"
-40.544228,2.2289486,"mp-643814_[0, 0, 1].png"
-43.5637,5.6343827,"mp-2715898_[0, 0, 1].png"
-0.49921763,-24.29027,"mp-554405_[0, 0, 1].png"
-19.87853,6.209736,"mp-1220863_[0, 0, 1].png"
-29.052063,-32.465675,"mp-1157227_[0, 0, 1].png"
-32.401775,-2.2563004,"mp-1210380_[0, 0, 1].png"
54.639965,5.5969405,"mp-2715368_[0, 0, 1].png"
54.947704,-8.743187,"mp-2716476_[0, 0, 1].png"
-18.174984,-3.2225993,"mp-559747_[0, 0, 1].png"
-4.8009224,-19.888205,"mp-1074855_[0, 0, 1].png"
42.178234,17.597605,"mp-17265_[0, 0, 1].png"
17.484247,40.968513,"mp-737304_[0, 0, 1].png"
-32.455677,-42.319347,"mp-306_[0, 0, 1].png"
5.042506,-44.641403,"mp-559347_[0, 0, 1].png"
20.489344,30.05116,"mp-380_[0, 0, 1].png"
-34.302494,-6.7776113,"mp-2715710_[0, 0, 1].png"
16.996479,-41.905926,"mp-641754_[0, 0, 1].png"
10.402027,47.62565,"mp-754234_[0, 0, 1].png"
1.1003492,-35.106842,"mp-26559_[0, 0, 1].png"
-43.074413,17.222502,"mp-1225375_[0, 0, 1].png"
45.4237,-8.490919,"mp-3159_[0, 0, 1].png"
-39.273823,-20.628334,"mp-541712_[0, 0, 1].png"
43.950405,-1.1915107,"mp-1013536_[0, 0, 1].png"
43.660534,18.349182,"mp-23492_[0, 0, 1].png"
44.064564,34.48635,"mp-2716384_[0, 0, 1].png"
-18.577854,53.965717,"mp-1228558_[0, 0, 1].png"
12.1787,-0.14250542,"mp-5493_[0, 0, 1].png"
37.29773,-22.583323,"mp-2712599_[0, 0, 1].png"
35.30178,29.031158,"mp-1038035_[0, 0, 1].png"
-19.108547,35.71377,"mp-10676_[0, 0, 1].png"
-26.533981,54.005512,"mp-1225838_[0, 0, 1].png"
-43.489635,25.991756,"mp-555800_[0, 0, 1].png"
-2.7047563,48.14748,"mp-1177732_[0, 0, 1].png"
-44.492573,1.9785646,"mp-1094057_[0, 0, 1].png"
1.0413145,45.975113,"mp-30931_[0, 0, 1].png"
39.855034,-28.988955,"mp-1220777_[0, 0, 1].png"
41.717476,25.653542,"mp-1073908_[0, 0, 1].png"
-40.43605,25.786018,"mp-1041480_[0, 0, 1].png"
-10.276334,-30.762339,"mp-7885_[0, 0, 1].png"
-13.334845,9.092943,"mp-10748_[0, 0, 1].png"
-21.010345,54.495792,"mp-2713125_[0, 0, 1].png"
3.8877347,-54.121574,"mp-643263_[0, 0, 1].png"
58.28135,-2.997096,"mp-16964_[0, 0, 1].png"
-58.60367,-8.889049,"mp-1220801_[0, 0, 1].png"
22.961315,4.8043785,"mp-625142_[0, 0, 1].png"
-23.15159,30.220778,"mp-1041240_[0, 0, 1].png"
44.075054,20.285128,"mp-556605_[0, 0, 1].png"
-31.60185,19.473068,"mp-754401_[0, 0, 1].png"
8.328646,3.8886774,"mp-1020059_[0, 0, 1].png"
39.658096,-17.984585,"mp-1245559_[0, 0, 1].png"
-17.3361,0.6631201,"mp-8602_[0, 0, 1].png"
17.72098,-28.170773,"mp-2715588_[0, 0, 1].png"
14.715266,-31.282564,"mp-558318_[0, 0, 1].png"
-23.229137,-6.394522,"mp-28768_[0, 0, 1].png"
1.4705672,41.42008,"mp-1220564_[0, 0, 1].png"
-7.5304747,42.48445,"mp-38103_[0, 0, 1].png"
-46.11614,-21.994987,"mp-7364_[0, 0, 1].png"
30.228025,16.23682,"mp-703470_[0, 0, 1].png"
23.626316,12.259328,"mp-1954_[0, 0, 1].png"
17.89351,22.191242,"mp-28712_[0, 0, 1].png"
-1.570981,23.040531,"mp-20261_[0, 0, 1].png"
-43.924183,-14.777402,"mp-558347_[0, 0, 1].png"
-30.933487,38.884136,"mp-2713115_[0, 0, 1].png"
-57.91076,-18.01566,"mp-569748_[0, 0, 1].png"
31.458157,11.442587,"mp-510422_[0, 0, 1].png"
1.5296875,42.08505,"mp-781030_[0, 0, 1].png"
-22.57673,-8.623652,"mp-14568_[0, 0, 1].png"
26.932045,-34.432434,"mp-770647_[0, 0, 1].png"
-40.73783,27.773804,"mp-30294_[0, 0, 1].png"
16.58492,-23.905855,"mp-1206882_[0, 0, 1].png"
-35.21516,31.254007,"mp-7544_[0, 0, 1].png"
14.458579,-35.187466,"mp-1012668_[0, 0, 1].png"
15.681387,-22.176573,"mp-39259_[0, 0, 1].png"
49.565056,0.28515196,"mp-1105259_[0, 0, 1].png"
37.302483,-22.658207,"mp-1189144_[0, 0, 1].png"
6.2735233,1.09203,"mp-1043652_[0, 0, 1].png"
4.2402644,-2.664453,"mp-22464_[0, 0, 1].png"
-35.713818,1.4724098,"mp-1102925_[0, 0, 1].png"
24.900877,14.037485,"mp-777585_[0, 0, 1].png"
-9.571282,-34.686127,"mp-1228280_[0, 0, 1].png"
-16.407087,34.477318,"mp-40226_[0, 0, 1].png"
-17.24041,-11.2745905,"mp-22307_[0, 0, 1].png"
38.50082,-32.69554,"mp-1070146_[0, 0, 1].png"
59.32957,3.041452,"mp-1198772_[0, 0, 1].png"
19.414158,-23.137983,"mp-2714251_[0, 0, 1].png"
-52.495373,-12.829372,"mp-21255_[0, 0, 1].png"
-42.95805,-14.89671,"mp-34116_[0, 0, 1].png"
-60.287685,-12.174339,"mp-2712839_[0, 0, 1].png"
41.796356,30.319752,"mp-733509_[0, 0, 1].png"
11.494605,-5.857617,"mp-754295_[0, 0, 1].png"
3.5431335,56.76355,"mp-5976_[0, 0, 1].png"
27.47996,-0.2997979,"mp-2783_[0, 0, 1].png"
-22.590029,50.634388,"mp-600014_[0, 0, 1].png"
-50.47487,-14.275164,"mp-2715893_[0, 0, 1].png"
-27.568436,-26.983662,"mp-8377_[0, 0, 1].png"
49.612602,-9.150469,"mp-28872_[0, 0, 1].png"
27.782248,10.818867,"mp-449_[0, 0, 1].png"
34.240047,-30.48293,"mp-1377713_[0, 0, 1].png"
-32.32851,-31.678722,"mp-2715520_[0, 0, 1].png"
-8.991271,0.76356715,"mp-23063_[0, 0, 1].png"
-27.236603,12.368761,"mp-1193463_[0, 0, 1].png"
29.932573,-19.967201,"mp-1226572_[0, 0, 1].png"
14.974835,-10.256817,"mp-570363_[0, 0, 1].png"
36.22573,-32.667362,"mp-1223332_[0, 0, 1].png"
2.941055,-19.22169,"mp-1196212_[0, 0, 1].png"
9.863091,-10.891068,"mp-867855_[0, 0, 1].png"
56.279026,4.063478,"mp-754637_[0, 0, 1].png"
-19.24298,8.972925,"mp-1208992_[0, 0, 1].png"
-8.998324,-10.55569,"mp-1046238_[0, 0, 1].png"
15.3911,-29.99415,"mp-757428_[0, 0, 1].png"
-24.687712,31.229498,"mp-756494_[0, 0, 1].png"
-10.799511,23.31373,"mp-2712889_[0, 0, 1].png"
-35.398304,18.04994,"mp-18591_[0, 0, 1].png"
-2.0238922,-26.379087,"mp-1016197_[0, 0, 1].png"
-46.242363,-15.949767,"mp-558931_[0, 0, 1].png"
24.87153,-32.516792,"mp-4644_[0, 0, 1].png"
17.93947,21.440823,"mp-1208996_[0, 0, 1].png"
27.085022,9.512229,"mp-754406_[0, 0, 1].png"
23.967796,-30.213198,"mp-1029418_[0, 0, 1].png"
-1.5074718,15.110891,"mp-5392_[0, 0, 1].png"
9.7612915,-10.010989,"mp-1075456_[0, 0, 1].png"
-6.725935,-26.10742,"mp-1225810_[0, 0, 1].png"
-2.86609,22.531036,"mp-569030_[0, 0, 1].png"
53.80646,-5.010981,"mp-759312_[0, 0, 1].png"
-18.557728,-0.061627902,"mp-849793_[0, 0, 1].png"
59.29621,1.2738968,"mp-1043735_[0, 0, 1].png"
-1.6120771,21.39782,"mp-1043542_[0, 0, 1].png"
-2.5761447,-27.212086,"mp-1211961_[0, 0, 1].png"
-43.82081,-19.602041,"mp-19448_[0, 0, 1].png"
-10.099006,23.884356,"mp-555976_[0, 0, 1].png"
4.4839897,57.854134,"mp-555021_[0, 0, 1].png"
34.24041,1.5038918,"mp-1208915_[0, 0, 1].png"
-12.876855,-28.448803,"mp-7907_[0, 0, 1].png"
2.1984541,22.837366,"mp-18959_[0, 0, 1].png"
16.146702,24.20919,"mp-1154534_[0, 0, 1].png"
6.0329022,20.131067,"mp-559608_[0, 0, 1].png"
-25.860323,31.184822,"mp-2714354_[0, 0, 1].png"
37.39964,-14.637221,"mp-1043509_[0, 0, 1].png"
-31.883347,-1.2193096,"mp-2715766_[0, 0, 1].png"
21.323923,6.1451764,"mp-2712751_[0, 0, 1].png"
-43.59503,-20.465885,"mp-2716256_[0, 0, 1].png"
17.629871,10.233073,"mp-1029652_[0, 0, 1].png"
1.2650143,-36.200195,"mp-631362_[0, 0, 1].png"
8.994129,-22.308289,"mp-1258028_[0, 0, 1].png"
-4.129916,39.43874,"mp-1183797_[0, 0, 1].png"
47.733627,-20.20849,"mp-1070394_[0, 0, 1].png"
3.9961462,15.579449,"mp-1025554_[0, 0, 1].png"
-23.55042,5.496163,"mp-601420_[0, 0, 1].png"
-0.92226326,26.160873,"mp-865792_[0, 0, 1].png"
-19.107656,57.70327,"mp-541914_[0, 0, 1].png"
17.020874,-34.07025,"mp-758465_[0, 0, 1].png"
16.328949,13.068206,"mp-1222742_[0, 0, 1].png"
-3.1982265,-44.667084,"mp-6493_[0, 0, 1].png"
-34.453182,26.65291,"mp-859876_[0, 0, 1].png"
-6.1222506,21.072498,"mp-5481_[0, 0, 1].png"
-18.012022,-48.481388,"mp-559773_[0, 0, 1].png"
-2.6094341,56.321983,"mp-29966_[0, 0, 1].png"
-35.941124,-30.43663,"mp-1200168_[0, 0, 1].png"
-40.807003,-14.013128,"mp-1214286_[0, 0, 1].png"
37.37568,-20.049583,"mp-850713_[0, 0, 1].png"
-0.34685606,53.713196,"mp-3082_[0, 0, 1].png"
1.3626281,49.710926,"mp-1009829_[0, 0, 1].png"
-54.841995,-9.905591,"mp-2713321_[0, 0, 1].png"
5.019118,63.34484,"mp-541629_[0, 0, 1].png"
28.680721,-7.372987,"mp-772842_[0, 0, 1].png"
-23.831295,-25.153326,"mp-1214122_[0, 0, 1].png"
-51.90997,-8.945702,"mp-556005_[0, 0, 1].png"
-2.48011,43.275555,"mp-13033_[0, 0, 1].png"
-17.654114,-47.33451,"mp-1041003_[0, 0, 1].png"
-42.69035,0.24280715,"mp-2713560_[0, 0, 1].png"
-59.14489,-19.545984,"mp-1043215_[0, 0, 1].png"
46.39178,-5.372522,"mp-23973_[0, 0, 1].png"
25.420414,1.445622,"mp-1099217_[0, 0, 1].png"
-21.316353,1.1040059,"mp-1074843_[0, 0, 1].png"
-19.827524,54.414017,"mp-2713198_[0, 0, 1].png"
-39.170864,15.502123,"mp-2715659_[0, 0, 1].png"
6.824702,3.856331,"mp-557134_[0, 0, 1].png"
-44.20973,1.1214714,"mp-1195231_[0, 0, 1].png"
-11.865487,10.852663,"mp-541462_[0, 0, 1].png"
-11.027843,24.925632,"mp-32566_[0, 0, 1].png"
-9.011214,-26.297228,"mp-2713608_[0, 0, 1].png"
-4.2853947,21.115528,"mp-1074_[0, 0, 1].png"
28.653898,3.7173505,"mp-2715502_[0, 0, 1].png"
5.607184,-0.70526785,"mp-1217321_[0, 0, 1].png"
-15.153284,2.644091,"mp-1173771_[0, 0, 1].png"
0.095910385,48.374416,"mp-1048900_[0, 0, 1].png"
34.660713,8.439884,"mp-675677_[0, 0, 1].png"
-12.324375,-38.239456,"mp-579616_[0, 0, 1].png"
-1.5991426,56.295338,"mp-2716335_[0, 0, 1].png"
-39.454315,-40.768925,"mp-1233408_[0, 0, 1].png"
-7.8755317,36.474113,"mp-1211355_[0, 0, 1].png"
-17.233713,40.367546,"mp-2714501_[0, 0, 1].png"
-35.05439,-43.866806,"mp-2713449_[0, 0, 1].png"
1.7181349,60.451496,"mp-19917_[0, 0, 1].png"
-21.649391,-16.202696,"mp-2714504_[0, 0, 1].png"
-42.59624,-16.740543,"mp-1092268_[0, 0, 1].png"
-55.808727,-8.773685,"mp-1043771_[0, 0, 1].png"
5.24463,55.166103,"mp-1222189_[0, 0, 1].png"
16.761707,33.287304,"mp-1196058_[0, 0, 1].png"
32.709187,-15.429495,"mp-29927_[0, 0, 1].png"
39.493168,-15.767065,"mp-1004_[0, 0, 1].png"
9.147208,-6.9969964,"mp-1074820_[0, 0, 1].png"
-10.7861395,-19.936089,"mp-2714389_[0, 0, 1].png"
1.547923,-39.066944,"mp-17916_[0, 0, 1].png"
-22.47537,47.059788,"mp-1048765_[0, 0, 1].png"
-42.694885,-20.673666,"mp-2715653_[0, 0, 1].png"
12.316067,-11.371053,"mp-505429_[0, 0, 1].png"
22.866497,-7.8155885,"mp-753816_[0, 0, 1].png"
36.746048,-22.004543,"mp-1041866_[0, 0, 1].png"
13.56321,1.9570594,"mp-1341160_[0, 0, 1].png"
9.341883,34.29236,"mp-2712626_[0, 0, 1].png"
27.561245,17.49139,"mp-581644_[0, 0, 1].png"
9.409968,-11.069823,"mp-13252_[0, 0, 1].png"
-28.324202,-22.354305,"mp-1073921_[0, 0, 1].png"
42.027294,-8.990421,"mp-558118_[0, 0, 1].png"
-31.683044,-31.718672,"mp-7848_[0, 0, 1].png"
-8.972001,-12.151728,"mp-2714326_[0, 0, 1].png"
15.392361,-5.7896705,"mp-2716504_[0, 0, 1].png"
20.045033,-23.632524,"mp-1073688_[0, 0, 1].png"
10.215026,0.36625674,"mp-1101787_[0, 0, 1].png"
46.297806,3.309938,"mp-1218327_[0, 0, 1].png"
36.778137,-23.02467,"mp-1019533_[0, 0, 1].png"
-18.630587,41.89343,"mp-1227888_[0, 0, 1].png"
0.51831424,-19.786661,"mp-557561_[0, 0, 1].png"
18.174744,-23.838026,"mp-849770_[0, 0, 1].png"
0.19486338,21.25707,"mp-1577488_[0, 0, 1].png"
-51.899754,-11.915705,"mp-2716101_[0, 0, 1].png"
-39.763657,-41.61607,"mp-1216908_[0, 0, 1].png"
-5.131945,20.126955,"mp-2716422_[0, 0, 1].png"
5.813824,-61.77178,"mp-558830_[0, 0, 1].png"
0.20043468,2.6242495,"mp-2713809_[0, 0, 1].png"
-0.2435405,-62.11173,"mp-1197582_[0, 0, 1].png"
-19.873043,2.2257664,"mp-9062_[0, 0, 1].png"
4.0968184,-56.942,"mp-4515_[0, 0, 1].png"
-35.94768,-47.221737,"mp-22206_[0, 0, 1].png"
6.3348227,59.17767,"mp-768813_[0, 0, 1].png"
5.8676243,-52.637226,"mp-2716573_[0, 0, 1].png"
12.229615,-52.84604,"mp-1178014_[0, 0, 1].png"
-3.2362356,-8.544763,"mp-752745_[0, 0, 1].png"
42.353374,39.648636,"mp-1044011_[0, 0, 1].png"
-8.970944,-13.397542,"mp-2715638_[0, 0, 1].png"
43.099144,18.115393,"mp-9252_[0, 0, 1].png"
-51.728966,-13.977143,"mp-12804_[0, 0, 1].png"
26.083267,-43.276672,"mp-1216948_[0, 0, 1].png"
-20.468252,52.69677,"mp-754838_[0, 0, 1].png"
4.0820255,-49.146454,"mp-567949_[0, 0, 1].png"
-0.9829759,-12.739461,"mp-1208053_[0, 0, 1].png"
31.553635,-16.392626,"mp-504535_[0, 0, 1].png"
-35.538486,-29.227938,"mp-2713376_[0, 0, 1].png"
43.228218,-24.070637,"mp-39140_[0, 0, 1].png"
-31.272379,-24.043549,"mp-2714952_[0, 0, 1].png"
-3.9319124,12.919779,"mp-1196145_[0, 0, 1].png"
25.514517,7.168409,"mp-1186999_[0, 0, 1].png"
-16.408823,33.10669,"mp-26982_[0, 0, 1].png"
20.4034,-7.435944,"mp-11684_[0, 0, 1].png"
19.628946,11.86862,"mp-2715733_[0, 0, 1].png"
-11.335825,4.9258356,"mp-761098_[0, 0, 1].png"
46.443172,29.744116,"mp-545552_[0, 0, 1].png"
5.1109886,52.881424,"mp-1219840_[0, 0, 1].png"
-48.811302,31.53837,"mp-1020721_[0, 0, 1].png"
8.068026,-59.362106,"mp-1216245_[0, 0, 1].png"
20.725801,41.10137,"mp-1217970_[0, 0, 1].png"
-47.75361,22.606993,"mp-1227116_[0, 0, 1].png"
32.97248,8.998899,"mp-29252_[0, 0, 1].png"
30.54603,17.139828,"mp-1246887_[0, 0, 1].png"
-27.741085,-32.798145,"mp-2712967_[0, 0, 1].png"
18.81697,7.742142,"mp-758876_[0, 0, 1].png"
18.724178,-42.919456,"mp-1211029_[0, 0, 1].png"
43.02505,-22.779629,"mp-15308_[0, 0, 1].png"
20.056366,-43.81958,"mp-10044_[0, 0, 1].png"
-40.94328,-41.8606,"mp-1227034_[0, 0, 1].png"
2.7991085,42.13319,"mp-6481_[0, 0, 1].png"
-19.040579,-8.614174,"mp-2715740_[0, 0, 1].png"
-15.108737,-23.367033,"mp-1094030_[0, 0, 1].png"
8.24183,-50.700394,"mp-1192543_[0, 0, 1].png"
-61.60524,-9.134685,"mp-504908_[0, 0, 1].png"
-46.970863,5.3007326,"mp-757596_[0, 0, 1].png"
-47.728313,22.078537,"mp-30530_[0, 0, 1].png"
-0.068913564,42.769978,"mp-1193684_[0, 0, 1].png"
-10.560902,-24.041525,"mp-2712538_[0, 0, 1].png"
41.546177,25.520287,"mp-10192_[0, 0, 1].png"
20.870037,-24.899109,"mp-15983_[0, 0, 1].png"
-1.5523278,56.549572,"mp-1225211_[0, 0, 1].png"
-50.508858,5.031492,"mp-19441_[0, 0, 1].png"
46.442707,-6.0251584,"mp-1036604_[0, 0, 1].png"
50.02723,-13.705151,"mp-2715044_[0, 0, 1].png"
-35.721172,17.850813,"mp-31493_[0, 0, 1].png"
-15.993339,-50.092068,"mp-1198133_[0, 0, 1].png"
-27.056568,31.472685,"mp-9946_[0, 0, 1].png"
-28.178036,-41.164597,"mp-643378_[0, 0, 1].png"
-10.365542,18.077793,"mp-1220106_[0, 0, 1].png"
-1.3356892,42.40749,"mp-8491_[0, 0, 1].png"
49.777287,26.429972,"mp-19061_[0, 0, 1].png"
44.77336,-32.22923,"mp-972828_[0, 0, 1].png"
37.4664,26.307993,"mp-1143773_[0, 0, 1].png"
35.336937,-22.28846,"mp-766894_[0, 0, 1].png"
-13.968103,6.841199,"mp-7580_[0, 0, 1].png"
24.375751,45.597282,"mp-1204130_[0, 0, 1].png"
-25.33861,-10.544048,"mp-1173749_[0, 0, 1].png"
-2.737439,26.96778,"mp-760432_[0, 0, 1].png"
5.802143,-49.84875,"mp-1219421_[0, 0, 1].png"
-23.338097,49.41068,"mp-1100414_[0, 0, 1].png"
-42.9211,-15.190768,"mp-28995_[0, 0, 1].png"
-7.1827207,-31.001923,"mp-772413_[0, 0, 1].png"
56.403164,-6.0929713,"mp-1223617_[0, 0, 1].png"
-35.768166,26.544178,"mp-1224425_[0, 0, 1].png"
1.3899423,11.492489,"mp-1221104_[0, 0, 1].png"
-13.31012,-40.809093,"mp-15336_[0, 0, 1].png"
51.7059,25.275269,"mp-2714639_[0, 0, 1].png"
33.12241,11.295986,"mp-559460_[0, 0, 1].png"
-13.583673,-29.98782,"mp-766808_[0, 0, 1].png"
48.730507,-4.6931677,"mp-4453_[0, 0, 1].png"
-2.4912999,-15.199809,"mp-752573_[0, 0, 1].png"
-2.2643344,20.10498,"mp-703515_[0, 0, 1].png"
14.002297,-0.8289577,"mp-1218778_[0, 0, 1].png"
7.742893,-3.1410818,"mp-1025245_[0, 0, 1].png"
-11.571323,-24.797615,"mp-29257_[0, 0, 1].png"
0.48052245,-48.062355,"mp-1069_[0, 0, 1].png"
1.4955925,50.970654,"mp-1390750_[0, 0, 1].png"
-30.950632,-44.350597,"mp-560675_[0, 0, 1].png"
-43.73437,29.450361,"mp-2712958_[0, 0, 1].png"
47.686916,-28.751194,"mp-137_[0, 0, 1].png"
-46.56255,7.4111304,"mp-1200437_[0, 0, 1].png"
27.85106,14.835219,"mp-758182_[0, 0, 1].png"
-14.172328,20.72857,"mp-752801_[0, 0, 1].png"
-8.798552,-13.09366,"mp-2713861_[0, 0, 1].png"
-21.284002,53.95091,"mp-16237_[0, 0, 1].png"
47.820103,-5.181538,"mp-1204013_[0, 0, 1].png"
-22.635256,-1.9529448,"mp-1173755_[0, 0, 1].png"
-0.31990436,-37.561222,"mp-546190_[0, 0, 1].png"
-42.815876,24.188463,"mp-1026701_[0, 0, 1].png"
2.7715523,-39.059265,"mp-1195298_[0, 0, 1].png"
4.665441,2.285527,"mp-753940_[0, 0, 1].png"
41.569313,-36.315083,"mp-3277_[0, 0, 1].png"
-2.009086,-47.480274,"mp-1044910_[0, 0, 1].png"
45.14734,-30.110554,"mp-639748_[0, 0, 1].png"
34.565884,11.436874,"mp-1073114_[0, 0, 1].png"
-6.4954677,-20.454493,"mp-1019380_[0, 0, 1].png"
9.023101,29.10595,"mp-2712950_[0, 0, 1].png"
41.72591,35.108524,"mp-1042561_[0, 0, 1].png"
-5.454642,48.770103,"mp-1104843_[0, 0, 1].png"
-42.6877,18.73261,"mp-1226390_[0, 0, 1].png"
-36.802967,25.863937,"mp-1026792_[0, 0, 1].png"
-1.9524198,18.049225,"mp-1383360_[0, 0, 1].png"
21.372604,31.854666,"mp-675109_[0, 0, 1].png"
-42.162548,16.185524,"mp-16084_[0, 0, 1].png"
14.878672,-10.689535,"mp-2715196_[0, 0, 1].png"
-11.030013,3.5139272,"mp-1041213_[0, 0, 1].png"
24.854984,-1.4073755,"mp-560937_[0, 0, 1].png"
-32.131603,-41.821526,"mp-2713139_[0, 0, 1].png"
-4.4414883,-44.805367,"mp-29066_[0, 0, 1].png"
18.031641,-5.955196,"mp-1025420_[0, 0, 1].png"
20.139534,-40.310944,"mp-863751_[0, 0, 1].png"
-45.08986,3.784107,"mp-540997_[0, 0, 1].png"
43.329838,34.748886,"mp-871_[0, 0, 1].png"
-8.560133,-25.8702,"mp-2714964_[0, 0, 1].png"
-0.23797743,-53.696785,"mp-684609_[0, 0, 1].png"
11.158837,-28.05384,"mp-1019713_[0, 0, 1].png"
25.084576,-12.870495,"mp-33775_[0, 0, 1].png"
-1.4772044,12.334804,"mp-571485_[0, 0, 1].png"
-11.059586,-25.134943,"mp-676650_[0, 0, 1].png"
-48.610363,23.442139,"mp-1030833_[0, 0, 1].png"
-28.595427,-35.098194,"mp-1229240_[0, 0, 1].png"
56.474754,-5.955636,"mp-2713797_[0, 0, 1].png"
18.868214,42.633533,"mp-775203_[0, 0, 1].png"
0.7654743,-51.415752,"mp-2715855_[0, 0, 1].png"
23.030085,33.869167,"mp-1069809_[0, 0, 1].png"
-7.70059,-35.88868,"mp-1323719_[0, 0, 1].png"
-4.741449,10.908072,"mp-1025324_[0, 0, 1].png"
-39.185368,-17.591194,"mp-14399_[0, 0, 1].png"
33.411892,-19.696545,"mp-625509_[0, 0, 1].png"
5.1175203,-49.649635,"mp-2714734_[0, 0, 1].png"
-29.254349,-25.936762,"mp-721034_[0, 0, 1].png"
-27.93104,13.270481,"mp-1205894_[0, 0, 1].png"
37.071968,-26.964836,"mp-4122_[0, 0, 1].png"
16.85389,32.47409,"mp-24104_[0, 0, 1].png"
17.967493,25.322401,"mp-1190340_[0, 0, 1].png"
47.34639,-19.331348,"mp-996956_[0, 0, 1].png"
-13.519106,20.848211,"mp-1220946_[0, 0, 1].png"
17.662983,-40.69428,"mp-768269_[0, 0, 1].png"
29.21748,-18.78648,"mp-2715850_[0, 0, 1].png"
-32.343605,-2.4147613,"mp-1226455_[0, 0, 1].png"
50.88922,17.701694,"mp-1216853_[0, 0, 1].png"
-45.981647,4.845541,"mp-32669_[0, 0, 1].png"
30.177319,-4.2086496,"mp-29559_[0, 0, 1].png"
-1.2241863,-14.416804,"mp-759069_[0, 0, 1].png"
29.794321,13.652468,"mp-2714515_[0, 0, 1].png"
10.940425,-1.622621,"mp-2715681_[0, 0, 1].png"
7.8908324,52.492863,"mp-571506_[0, 0, 1].png"
-39.83218,24.102234,"mp-1217620_[0, 0, 1].png"
50.882717,-14.280696,"mp-3618_[0, 0, 1].png"
-21.26751,-8.482998,"mp-15339_[0, 0, 1].png"
16.039782,37.725582,"mp-556100_[0, 0, 1].png"
-24.544407,30.04646,"mp-1041683_[0, 0, 1].png"
11.664827,34.380436,"mp-761252_[0, 0, 1].png"
21.857706,-35.87344,"mp-2715149_[0, 0, 1].png"
-28.427494,-41.198235,"mp-768729_[0, 0, 1].png"
12.2924795,-7.889227,"mp-1211165_[0, 0, 1].png"
-12.642508,-35.230747,"mp-1080606_[0, 0, 1].png"
-24.577303,-34.135788,"mp-1186079_[0, 0, 1].png"
-46.372364,17.662693,"mp-2715379_[0, 0, 1].png"
15.833838,10.42167,"mp-1224288_[0, 0, 1].png"
-31.661905,17.791706,"mp-1189383_[0, 0, 1].png"
16.205912,10.848818,"mp-10695_[0, 0, 1].png"
-17.914665,2.346013,"mp-1037409_[0, 0, 1].png"
18.80377,-6.875015,"mp-28769_[0, 0, 1].png"
-42.260788,20.690073,"mp-1103351_[0, 0, 1].png"
-34.879498,13.50107,"mp-1196983_[0, 0, 1].png"
16.332098,41.481853,"mp-1245541_[0, 0, 1].png"
-22.04652,54.53895,"mp-2715097_[0, 0, 1].png"
-18.91151,-12.414979,"mp-36775_[0, 0, 1].png"
-58.871437,-9.087705,"mp-1019323_[0, 0, 1].png"
-58.379654,-5.9291196,"mp-752722_[0, 0, 1].png"
42.121918,-1.1776707,"mp-1217825_[0, 0, 1].png"
-39.790745,21.28817,"mp-758745_[0, 0, 1].png"
-14.916002,9.399093,"mp-13234_[0, 0, 1].png"
-52.877373,-20.119019,"mp-2715014_[0, 0, 1].png"
-0.5799784,10.878454,"mp-2715115_[0, 0, 1].png"
16.380392,28.165018,"mp-27843_[0, 0, 1].png"
9.807281,-0.114693336,"mp-1216481_[0, 0, 1].png"
39.18953,39.563633,"mp-19481_[0, 0, 1].png"
-35.35571,-40.28971,"mp-6638_[0, 0, 1].png"
31.62878,16.101366,"mp-1233752_[0, 0, 1].png"
-18.287834,48.578156,"mp-1211576_[0, 0, 1].png"
6.9732165,-45.50928,"mp-1225287_[0, 0, 1].png"
40.704304,21.264246,"mp-18929_[0, 0, 1].png"
-5.0658154,11.65752,"mp-752430_[0, 0, 1].png"
-20.30699,8.81475,"mp-1045783_[0, 0, 1].png"
-26.15888,-27.719282,"mp-1208866_[0, 0, 1].png"
-5.7630043,-8.50859,"mp-1399135_[0, 0, 1].png"
5.008882,-45.513683,"mp-1031493_[0, 0, 1].png"
9.547437,-11.084899,"mp-758712_[0, 0, 1].png"
-43.11246,26.435598,"mp-753965_[0, 0, 1].png"
-1.0543883,-51.29829,"mp-1205057_[0, 0, 1].png"
43.339844,-35.757526,"mp-1205538_[0, 0, 1].png"
18.786024,21.538322,"mp-1204163_[0, 0, 1].png"
54.498226,2.0917802,"mp-761842_[0, 0, 1].png"
22.162216,12.71361,"mp-753195_[0, 0, 1].png"
2.265579,61.948883,"mp-1173671_[0, 0, 1].png"
8.365981,33.39925,"mp-1210618_[0, 0, 1].png"
3.9164138,61.66526,"mp-1080057_[0, 0, 1].png"
-23.56542,-32.116592,"mp-2712789_[0, 0, 1].png"
22.904697,-8.222438,"mp-3647_[0, 0, 1].png"
24.665924,-44.855453,"mp-557632_[0, 0, 1].png"
-13.415169,17.269173,"mp-639705_[0, 0, 1].png"
-34.11428,-5.196684,"mp-1044316_[0, 0, 1].png"
-43.410385,-0.90195334,"mp-2714568_[0, 0, 1].png"
56.41491,-7.918342,"mp-554791_[0, 0, 1].png"
51.080788,18.990726,"mp-559232_[0, 0, 1].png"
-16.172457,-36.230553,"mp-1214903_[0, 0, 1].png"
48.317432,22.859264,"mp-1246251_[0, 0, 1].png"
-47.674942,-13.510387,"mp-5246_[0, 0, 1].png"
-1.2447712,-15.427318,"mp-29820_[0, 0, 1].png"
-34.597084,-44.568058,"mp-3998_[0, 0, 1].png"
-28.360147,-21.775509,"mp-1214510_[0, 0, 1].png"
37.546577,38.941696,"mp-2715597_[0, 0, 1].png"
21.011549,44.71179,"mp-849504_[0, 0, 1].png"
-35.54551,5.686423,"mp-1211102_[0, 0, 1].png"
7.027609,-56.24879,"mp-4356_[0, 0, 1].png"
-31.362173,-31.262373,"mp-1190773_[0, 0, 1].png"
-31.03386,-31.158697,"mp-2713818_[0, 0, 1].png"
-54.61612,-15.32235,"mp-558980_[0, 0, 1].png"
-44.129227,7.7063937,"mp-1074149_[0, 0, 1].png"
38.73523,-34.89748,"mp-763318_[0, 0, 1].png"
-42.262413,-16.649971,"mp-1207633_[0, 0, 1].png"
-19.926983,55.068314,"mp-2713089_[0, 0, 1].png"
59.557762,-5.7783628,"mp-1220297_[0, 0, 1].png"
4.44913,63.38475,"mp-11713_[0, 0, 1].png"
1.2615229,38.30404,"mp-16804_[0, 0, 1].png"
29.197319,4.369772,"mp-556356_[0, 0, 1].png"
13.806532,-33.437103,"mp-1212937_[0, 0, 1].png"
-43.95173,-1.9434677,"mp-27809_[0, 0, 1].png"
-58.711555,-19.452738,"mp-2716192_[0, 0, 1].png"
20.526161,13.921223,"mp-34328_[0, 0, 1].png"
49.91915,31.651712,"mp-731864_[0, 0, 1].png"
-5.2073317,8.557376,"mp-2293_[0, 0, 1].png"
47.74145,-20.879612,"mp-675488_[0, 0, 1].png"
-31.738653,17.41004,"mp-1184252_[0, 0, 1].png"
-18.138968,-40.950302,"mp-1218710_[0, 0, 1].png"
-24.318296,50.508194,"mp-2716316_[0, 0, 1].png"
-3.568627,11.174454,"mp-29186_[0, 0, 1].png"
-41.58269,4.614443,"mp-19414_[0, 0, 1].png"
10.227367,-50.10657,"mp-1212437_[0, 0, 1].png"
28.215683,-43.28484,"mp-555696_[0, 0, 1].png"
-10.983646,-20.74045,"mp-1044815_[0, 0, 1].png"
8.998348,-4.37573,"mp-2712759_[0, 0, 1].png"
19.884247,-35.277412,"mp-1073359_[0, 0, 1].png"
-24.838104,-31.40183,"mp-753305_[0, 0, 1].png"
43.033817,25.339533,"mp-1074636_[0, 0, 1].png"
-27.745659,34.147694,"mp-20032_[0, 0, 1].png"
14.994452,31.935305,"mp-757204_[0, 0, 1].png"
-61.48187,-8.592324,"mp-1207841_[0, 0, 1].png"
-21.25183,-4.0854235,"mp-2715583_[0, 0, 1].png"
57.841652,5.7801948,"mp-2713789_[0, 0, 1].png"
19.886145,-42.464935,"mp-2714576_[0, 0, 1].png"
33.663788,10.774319,"mp-676920_[0, 0, 1].png"
22.961863,-44.266342,"mp-1224354_[0, 0, 1].png"
-1.2147664,-9.166071,"mp-1182504_[0, 0, 1].png"
-2.7358348,39.57802,"mp-559122_[0, 0, 1].png"
-22.554672,41.565804,"mp-1207108_[0, 0, 1].png"
6.4300513,-60.857224,"mp-1019893_[0, 0, 1].png"
-18.622868,32.095272,"mp-15840_[0, 0, 1].png"
17.730434,11.410484,"mp-13673_[0, 0, 1].png"
3.1181016,2.1245246,"mp-2105_[0, 0, 1].png"
4.5025673,-52.55524,"mp-755571_[0, 0, 1].png"
-8.30185,-25.045795,"mp-1227191_[0, 0, 1].png"
-42.53025,-20.871788,"mp-676464_[0, 0, 1].png"
-13.61271,17.778185,"mp-1226011_[0, 0, 1].png"
-4.219411,-25.2502,"mp-1020164_[0, 0, 1].png"
-43.317055,-2.0692003,"mp-1080455_[0, 0, 1].png"
-41.460934,19.383734,"mp-1226107_[0, 0, 1].png"
-0.27185556,48.987747,"mp-1013599_[0, 0, 1].png"
30.574116,-22.676357,"mp-11772_[0, 0, 1].png"
-54.782333,-16.503805,"mp-753398_[0, 0, 1].png"
-13.914253,-0.9143243,"mp-1246195_[0, 0, 1].png"
9.212033,-2.482412,"mp-762870_[0, 0, 1].png"
-18.034498,-44.886234,"mp-1261423_[0, 0, 1].png"
24.176573,-36.87062,"mp-1205044_[0, 0, 1].png"
29.22887,15.141591,"mp-5588_[0, 0, 1].png"
-7.3385324,-19.786709,"mp-7982_[0, 0, 1].png"
23.423273,43.612617,"mp-1213706_[0, 0, 1].png"
-0.86522704,12.087714,"mp-1037676_[0, 0, 1].png"
40.006107,-19.087828,"mp-764348_[0, 0, 1].png"
25.154572,-43.957607,"mp-1105580_[0, 0, 1].png"
-45.46101,-12.92223,"mp-752904_[0, 0, 1].png"
-39.672504,16.27685,"mp-767149_[0, 0, 1].png"
-41.630665,15.005795,"mp-635393_[0, 0, 1].png"
-0.2437717,47.57106,"mp-1262777_[0, 0, 1].png"
-12.572891,-42.016495,"mp-1188158_[0, 0, 1].png"
18.552341,-4.5846634,"mp-568452_[0, 0, 1].png"
-17.94913,7.6928544,"mp-1031233_[0, 0, 1].png"
-33.124645,-42.421066,"mp-2713277_[0, 0, 1].png"
-20.79151,7.476628,"mp-510670_[0, 0, 1].png"
-19.153328,49.296146,"mp-510657_[0, 0, 1].png"
21.49946,42.794956,"mp-1219147_[0, 0, 1].png"
42.354496,-27.058517,"mp-1223421_[0, 0, 1].png"
-0.82367855,23.487217,"mp-752472_[0, 0, 1].png"
-23.84022,-26.850416,"mp-2714811_[0, 0, 1].png"
-46.283337,-0.334027,"mp-757466_[0, 0, 1].png"
43.30867,27.407906,"mp-2713150_[0, 0, 1].png"
-58.84202,-18.716204,"mp-1032522_[0, 0, 1].png"
18.97037,-36.82594,"mp-686636_[0, 0, 1].png"
-15.37585,24.771292,"mp-28108_[0, 0, 1].png"
-13.788531,23.429312,"mp-1223470_[0, 0, 1].png"
-59.34969,-11.956357,"mp-753256_[0, 0, 1].png"
-50.363758,6.037472,"mp-534850_[0, 0, 1].png"
-38.79294,-6.449455,"mp-626143_[0, 0, 1].png"
-31.08068,2.2814014,"mp-7087_[0, 0, 1].png"
-49.862423,-12.969723,"mp-2714054_[0, 0, 1].png"
-34.320816,1.1975304,"mp-2714788_[0, 0, 1].png"
-4.7169924,-46.404438,"mp-1188924_[0, 0, 1].png"
-8.917056,23.086758,"mp-16314_[0, 0, 1].png"
-0.040410325,38.25529,"mp-1020598_[0, 0, 1].png"
25.787315,-34.28843,"mp-27987_[0, 0, 1].png"
-16.14531,55.59296,"mp-29168_[0, 0, 1].png"
-7.069491,-31.297667,"mp-686583_[0, 0, 1].png"
21.078857,45.561073,"mp-41414_[0, 0, 1].png"
17.604612,-24.393246,"mp-758389_[0, 0, 1].png"
-28.21068,-31.938044,"mp-2712971_[0, 0, 1].png"
-20.550194,-9.284425,"mp-16194_[0, 0, 1].png"
33.139362,-25.053383,"mp-1569720_[0, 0, 1].png"
-23.622816,-26.49166,"mp-698025_[0, 0, 1].png"
-19.261158,8.971474,"mp-1208651_[0, 0, 1].png"
38.27998,-13.799054,"mp-978533_[0, 0, 1].png"
22.96093,-11.6415205,"mp-36248_[0, 0, 1].png"
6.33978,-46.879944,"mp-29845_[0, 0, 1].png"
-21.46837,56.712,"mp-1227693_[0, 0, 1].png"
-39.441723,-41.102276,"mp-2715788_[0, 0, 1].png"
-45.209484,17.93118,"mp-22222_[0, 0, 1].png"
-16.413696,5.8689113,"mp-756771_[0, 0, 1].png"
-23.55223,40.25625,"mp-2713653_[0, 0, 1].png"
16.908733,-37.045536,"mp-1213976_[0, 0, 1].png"
2.7569094,14.499837,"mp-766542_[0, 0, 1].png"
-11.896992,-30.488478,"mp-560829_[0, 0, 1].png"
-35.41755,-7.867798,"mp-553884_[0, 0, 1].png"
-22.074652,45.009796,"mp-2715878_[0, 0, 1].png"
25.972881,-32.970272,"mp-1209137_[0, 0, 1].png"
28.071589,10.450844,"mp-559088_[0, 0, 1].png"
-21.540579,46.037994,"mp-2714052_[0, 0, 1].png"
51.75598,30.923544,"mp-505822_[0, 0, 1].png"
0.034427065,-49.23603,"mp-29157_[0, 0, 1].png"
1.2012333,43.377663,"mp-976_[0, 0, 1].png"
-23.83306,-14.662493,"mp-1216430_[0, 0, 1].png"
6.974701,-43.042587,"mp-2715409_[0, 0, 1].png"
30.911602,-20.8816,"mp-30293_[0, 0, 1].png"
28.243587,-6.449922,"mp-1209887_[0, 0, 1].png"
-42.726505,32.162727,"mp-1093872_[0, 0, 1].png"
-19.389397,-7.3222837,"mp-3387_[0, 0, 1].png"
8.542292,-54.74271,"mp-758411_[0, 0, 1].png"
-37.14208,26.023952,"mp-12350_[0, 0, 1].png"
13.963544,32.41406,"mp-1204595_[0, 0, 1].png"
-3.06174,-17.74264,"mp-1042021_[0, 0, 1].png"
8.643465,24.27271,"mp-6426_[0, 0, 1].png"
49.653378,27.53591,"mp-1102518_[0, 0, 1].png"
-20.955988,31.700191,"mp-766689_[0, 0, 1].png"
-48.27658,1.937633,"mp-778194_[0, 0, 1].png"
33.597332,14.966223,"mp-510346_[0, 0, 1].png"
15.989236,-14.209935,"mp-6700_[0, 0, 1].png"
48.55134,-11.98308,"mp-1220775_[0, 0, 1].png"
30.247263,0.54996586,"mp-21234_[0, 0, 1].png"
-48.789272,-11.320845,"mp-570450_[0, 0, 1].png"
-10.1971,10.426938,"mp-540440_[0, 0, 1].png"
-35.51038,-7.7875137,"mp-1105764_[0, 0, 1].png"
43.219296,-34.32811,"mp-1218043_[0, 0, 1].png"
-25.16965,35.435425,"mp-1227663_[0, 0, 1].png"
-7.0819936,21.277443,"mp-1095145_[0, 0, 1].png"
-52.22066,-11.0506735,"mp-3491_[0, 0, 1].png"
-16.106188,43.485405,"mp-1228502_[0, 0, 1].png"
-27.147324,-27.17881,"mp-34042_[0, 0, 1].png"
28.960125,12.519257,"mp-1216427_[0, 0, 1].png"
-10.888196,9.843796,"mp-1207621_[0, 0, 1].png"
18.281925,12.637945,"mp-2715157_[0, 0, 1].png"
21.534462,-32.931355,"mp-16433_[0, 0, 1].png"
-22.662592,32.80699,"mp-1039854_[0, 0, 1].png"
57.58198,0.38407877,"mp-28144_[0, 0, 1].png"
-20.762218,-17.103636,"mp-17037_[0, 0, 1].png"
18.772837,27.303568,"mp-21662_[0, 0, 1].png"
-51.733814,24.304766,"mp-4439_[0, 0, 1].png"
-19.850283,-1.9841058,"mp-2715629_[0, 0, 1].png"
-3.0974488,-16.286968,"mp-2715577_[0, 0, 1].png"
14.920974,-11.065285,"mp-2714896_[0, 0, 1].png"
16.587154,35.793674,"mp-20731_[0, 0, 1].png"
-30.034838,-34.59673,"mp-2715780_[0, 0, 1].png"
14.452586,24.03081,"mp-1046414_[0, 0, 1].png"
-65.18753,-6.6725254,"mp-704718_[0, 0, 1].png"
36.428177,-27.293425,"mp-779689_[0, 0, 1].png"
-5.513961,19.625566,"mp-2714208_[0, 0, 1].png"
-44.477554,17.070871,"mp-1228724_[0, 0, 1].png"
-2.6501305,14.9958105,"mp-2715236_[0, 0, 1].png"
-27.881172,-22.847294,"mp-752731_[0, 0, 1].png"
48.888847,-12.32782,"mp-2713485_[0, 0, 1].png"
-35.885536,14.316647,"mp-600024_[0, 0, 1].png"
-18.54785,-1.7464741,"mp-625455_[0, 0, 1].png"
33.3849,5.07063,"mp-1222366_[0, 0, 1].png"
-5.785434,-32.515694,"mp-1075341_[0, 0, 1].png"
-3.77176,-27.33208,"mp-774355_[0, 0, 1].png"
19.145985,-29.745247,"mp-758991_[0, 0, 1].png"
-43.137756,27.641996,"mp-556066_[0, 0, 1].png"
-3.2236316,46.78117,"mp-2716392_[0, 0, 1].png"
44.442715,-10.256111,"mp-1190679_[0, 0, 1].png"
-28.04585,15.014069,"mp-1198027_[0, 0, 1].png"
-35.32626,4.902488,"mp-422_[0, 0, 1].png"
21.891825,6.3880696,"mp-707226_[0, 0, 1].png"
5.4287434,-48.39318,"mp-999558_[0, 0, 1].png"
2.952808,-52.128086,"mp-2714588_[0, 0, 1].png"
-45.21792,3.1582735,"mp-542100_[0, 0, 1].png"
6.8136845,-10.210962,"mp-2715684_[0, 0, 1].png"
38.12304,41.40808,"mp-545399_[0, 0, 1].png"
30.013485,10.319354,"mp-2714786_[0, 0, 1].png"
37.07208,40.2278,"mp-569462_[0, 0, 1].png"
8.417633,32.414196,"mp-2715400_[0, 0, 1].png"
-22.61381,5.6187367,"mp-1192867_[0, 0, 1].png"
44.644165,1.1578192,"mp-655048_[0, 0, 1].png"
-38.211002,26.52869,"mp-1070152_[0, 0, 1].png"
7.5278745,-61.576405,"mp-5986_[0, 0, 1].png"
31.779493,-18.510895,"mp-1255651_[0, 0, 1].png"
25.522411,3.124962,"mp-978495_[0, 0, 1].png"
-0.74046266,59.319767,"mp-1221207_[0, 0, 1].png"
-21.207642,40.6768,"mp-1075009_[0, 0, 1].png"
18.103937,-34.889732,"mp-1212467_[0, 0, 1].png"
-53.87663,-8.306875,"mp-2713838_[0, 0, 1].png"
-56.17469,-8.145429,"mp-2214664_[0, 0, 1].png"
-61.906773,-14.756894,"mp-2712825_[0, 0, 1].png"
14.794614,35.473885,"mp-561681_[0, 0, 1].png"
-22.484238,42.78862,"mp-1195058_[0, 0, 1].png"
-24.158278,-21.770224,"mp-1219339_[0, 0, 1].png"
15.849159,-26.407265,"mp-560186_[0, 0, 1].png"
38.48114,37.164566,"mp-600061_[0, 0, 1].png"
-49.812855,22.698355,"mp-30925_[0, 0, 1].png"
-3.0791,-59.075325,"mp-765618_[0, 0, 1].png"
-61.95232,-7.6719165,"mp-755636_[0, 0, 1].png"
-16.812304,-50.72098,"mp-1208434_[0, 0, 1].png"
-44.4137,18.697018,"mp-9791_[0, 0, 1].png"
-43.80403,30.837044,"mp-1194557_[0, 0, 1].png"
-6.198683,-7.3870554,"mp-1186167_[0, 0, 1].png"
52.70387,29.322815,"mp-1195724_[0, 0, 1].png"
-29.769026,-22.766544,"mp-625924_[0, 0, 1].png"
-13.655558,-43.15617,"mp-758793_[0, 0, 1].png"
36.383198,-22.173294,"mp-6485_[0, 0, 1].png"
28.117329,0.7443064,"mp-2716207_[0, 0, 1].png"
7.880689,58.092525,"mp-753323_[0, 0, 1].png"
-3.6002789,-29.474857,"mp-1228104_[0, 0, 1].png"
-0.34994733,35.78825,"mp-1075761_[0, 0, 1].png"
-58.65058,-14.949118,"mp-1179651_[0, 0, 1].png"
0.71934086,-64.429146,"mp-9911_[0, 0, 1].png"
-16.521017,-50.487602,"mp-1102658_[0, 0, 1].png"
11.690292,-1.1519822,"mp-996959_[0, 0, 1].png"
50.604565,-3.0731225,"mp-1041594_[0, 0, 1].png"
14.423588,-4.1081657,"mp-756967_[0, 0, 1].png"
35.234833,28.422247,"mp-1219355_[0, 0, 1].png"
-59.02451,-8.082917,"mp-1012678_[0, 0, 1].png"
-30.393608,-31.18576,"mp-1218379_[0, 0, 1].png"
57.08118,-0.87075,"mp-1044825_[0, 0, 1].png"
-21.277903,52.053684,"mp-1073568_[0, 0, 1].png"
-32.56986,28.636074,"mp-1250723_[0, 0, 1].png"
-17.967026,52.21189,"mp-772809_[0, 0, 1].png"
10.173616,-58.020676,"mp-17853_[0, 0, 1].png"
-49.21124,-18.631338,"mp-39843_[0, 0, 1].png"
-36.320877,-47.598427,"mp-23792_[0, 0, 1].png"
-47.203827,-0.81461775,"mp-3239_[0, 0, 1].png"
-2.4772646,51.937576,"mp-2713943_[0, 0, 1].png"
61.762745,7.5252867,"mp-686744_[0, 0, 1].png"
-3.3225226,43.349716,"mp-27609_[0, 0, 1].png"
62.50145,6.9093227,"mp-1017366_[0, 0, 1].png"
-47.251583,23.77455,"mp-2715000_[0, 0, 1].png"
52.632755,-2.106343,"mp-638731_[0, 0, 1].png"
-46.316425,-17.33754,"mp-753401_[0, 0, 1].png"
24.083782,31.001764,"mp-561055_[0, 0, 1].png"
-1.5829084,52.795982,"mp-760415_[0, 0, 1].png"
-11.45938,-32.37986,"mp-2716271_[0, 0, 1].png"
14.767771,-6.714543,"mp-995216_[0, 0, 1].png"
-34.473198,19.01198,"mp-1266684_[0, 0, 1].png"
-20.683369,3.8413212,"mp-14001_[0, 0, 1].png"
-31.478107,-27.849611,"mp-864928_[0, 0, 1].png"
38.13624,-13.529373,"mp-20310_[0, 0, 1].png"
39.44706,-16.319368,"mp-1031821_[0, 0, 1].png"
50.218426,5.4263296,"mp-21791_[0, 0, 1].png"
2.931717,47.063446,"mp-756830_[0, 0, 1].png"
-17.29364,-6.510369,"mp-567677_[0, 0, 1].png"
13.610409,32.985447,"mp-1260235_[0, 0, 1].png"
6.3951283,-5.306803,"mp-1077133_[0, 0, 1].png"
25.129177,-34.93528,"mp-27399_[0, 0, 1].png"
-22.476572,31.834919,"mp-1019526_[0, 0, 1].png"
2.8486304,-65.34818,"mp-1022974_[0, 0, 1].png"
-58.673695,-16.130177,"mp-2713067_[0, 0, 1].png"
-45.256268,25.46192,"mp-1008559_[0, 0, 1].png"
-2.1457086,-44.017223,"mp-570032_[0, 0, 1].png"
-22.60597,54.8665,"mp-1073330_[0, 0, 1].png"
-14.667652,7.6937566,"mp-2712999_[0, 0, 1].png"
12.276425,2.2976289,"mp-25418_[0, 0, 1].png"
-1.3897953,-46.533752,"mp-1018796_[0, 0, 1].png"
59.173073,-0.26483196,"mp-1120751_[0, 0, 1].png"
-35.003174,-0.9678346,"mp-2713687_[0, 0, 1].png"
52.589054,-2.2113307,"mp-1223228_[0, 0, 1].png"
6.786019,-9.641239,"mp-8982_[0, 0, 1].png"
-3.6012664,-58.992332,"mp-696210_[0, 0, 1].png"
-0.552076,-23.292463,"mp-600059_[0, 0, 1].png"
-34.76516,0.5669704,"mp-16164_[0, 0, 1].png"
1.7622732,22.246468,"mp-23333_[0, 0, 1].png"
0.43090725,58.981052,"mp-11189_[0, 0, 1].png"
49.136967,24.816612,"mp-1102363_[0, 0, 1].png"
-3.5286133,20.80348,"mp-2229044_[0, 0, 1].png"
-22.011364,57.231163,"mp-36358_[0, 0, 1].png"
-10.262097,0.27334255,"mp-20817_[0, 0, 1].png"
-2.092932,25.880571,"mp-7829_[0, 0, 1].png"
-28.707022,-20.742418,"mp-1209489_[0, 0, 1].png"
23.13078,-40.105354,"mp-1221146_[0, 0, 1].png"
-24.143663,57.520134,"mp-2714430_[0, 0, 1].png"
-55.505447,-12.010931,"mp-626435_[0, 0, 1].png"
-23.634043,49.776608,"mp-1218189_[0, 0, 1].png"
-34.10403,-5.5395722,"mp-1229249_[0, 0, 1].png"
14.493494,19.276539,"mp-685935_[0, 0, 1].png"
31.132547,5.3793755,"mp-13456_[0, 0, 1].png"
-57.925224,-11.881004,"mp-766013_[0, 0, 1].png"
16.830374,19.840412,"mp-14630_[0, 0, 1].png"
5.590439,0.47574413,"mp-557355_[0, 0, 1].png"
-50.82001,-18.256224,"mp-10259_[0, 0, 1].png"
7.00346,-60.813305,"mp-1246007_[0, 0, 1].png"
-36.14389,-37.668655,"mp-1227978_[0, 0, 1].png"
-8.568136,-8.794444,"mp-1097640_[0, 0, 1].png"
-48.002537,-15.580634,"mp-1385211_[0, 0, 1].png"
-13.563054,-37.185184,"mp-1197061_[0, 0, 1].png"
36.45799,-13.49154,"mp-15335_[0, 0, 1].png"
-49.861687,2.4747052,"mp-1227711_[0, 0, 1].png"
14.560434,43.23506,"mp-1220284_[0, 0, 1].png"
9.433602,-24.569967,"mp-631318_[0, 0, 1].png"
39.118156,18.468538,"mp-1206329_[0, 0, 1].png"
28.127234,-13.441706,"mp-1018275_[0, 0, 1].png"
51.69553,23.272303,"mp-2714206_[0, 0, 1].png"
-3.1067119,-48.64732,"mp-1043153_[0, 0, 1].png"
11.702638,29.304636,"mp-1197725_[0, 0, 1].png"
-52.195534,25.21983,"mp-29826_[0, 0, 1].png"
-0.06467044,-49.729313,"mp-2712585_[0, 0, 1].png"
-14.561356,4.8335485,"mp-1017436_[0, 0, 1].png"
0.06744386,20.483692,"mp-2716282_[0, 0, 1].png"
-2.4006975,-27.344961,"mp-1213874_[0, 0, 1].png"
-8.447557,-8.893157,"mp-1039831_[0, 0, 1].png"
41.341084,-35.074932,"mp-693463_[0, 0, 1].png"
-44.742138,-20.848204,"mp-866087_[0, 0, 1].png"
39.33519,-6.771192,"mp-1248208_[0, 0, 1].png"
37.94752,33.007725,"mp-1198615_[0, 0, 1].png"
-32.59401,13.804725,"mp-1038247_[0, 0, 1].png"
59.53192,2.3409789,"mp-2241183_[0, 0, 1].png"
42.579063,-1.1490769,"mp-765588_[0, 0, 1].png"
-2.0385687,-52.081863,"mp-27043_[0, 0, 1].png"
-10.308397,-23.649246,"mp-766405_[0, 0, 1].png"
31.110367,-11.076654,"mp-16993_[0, 0, 1].png"
-50.798523,21.633736,"mp-1073176_[0, 0, 1].png"
3.0317318,-4.3118734,"mp-2713564_[0, 0, 1].png"
24.942095,12.769758,"mp-4051_[0, 0, 1].png"
13.116223,39.090645,"mp-504498_[0, 0, 1].png"
41.611946,22.967813,"mp-24461_[0, 0, 1].png"
11.522295,31.114086,"mp-17474_[0, 0, 1].png"
24.05138,-32.183468,"mp-695133_[0, 0, 1].png"
-22.4595,-16.80345,"mp-756696_[0, 0, 1].png"
-26.07144,21.24396,"mp-28512_[0, 0, 1].png"
-31.690462,-34.06228,"mp-2712705_[0, 0, 1].png"
-3.559973,-23.923105,"mp-1039950_[0, 0, 1].png"
17.779455,-36.46726,"mp-19086_[0, 0, 1].png"
-14.669441,-0.5264472,"mp-553982_[0, 0, 1].png"
6.114834,-64.91037,"mp-2714417_[0, 0, 1].png"
-38.664345,-16.383041,"mp-600063_[0, 0, 1].png"
19.509966,13.329876,"mp-1204609_[0, 0, 1].png"
28.2324,-43.520485,"mp-1201904_[0, 0, 1].png"
12.9746685,-10.270894,"mp-2715984_[0, 0, 1].png"
36.1883,-31.883636,"mp-754842_[0, 0, 1].png"
-1.3764595,34.94955,"mp-560045_[0, 0, 1].png"
12.927636,-0.8403917,"mp-1034659_[0, 0, 1].png"
-27.508053,35.897423,"mp-32616_[0, 0, 1].png"
4.223486,-41.933067,"mp-11660_[0, 0, 1].png"
41.534035,-35.79842,"mp-25587_[0, 0, 1].png"
4.6850257,47.45816,"mp-38322_[0, 0, 1].png"
52.259445,-2.3794165,"mp-5920_[0, 0, 1].png"
-6.0503325,43.341507,"mp-2713109_[0, 0, 1].png"
-61.803688,-8.344243,"mp-2716037_[0, 0, 1].png"
31.219658,-1.5905393,"mp-1245708_[0, 0, 1].png"
44.463818,29.153477,"mp-11908_[0, 0, 1].png"
22.501947,-44.272846,"mp-1044616_[0, 0, 1].png"
-11.26379,-31.85276,"mp-554012_[0, 0, 1].png"
-10.750209,-36.253918,"mp-5238_[0, 0, 1].png"
51.59212,-13.485646,"mp-1041181_[0, 0, 1].png"
42.213768,23.250063,"mp-1200158_[0, 0, 1].png"
-8.15575,18.244413,"mp-720340_[0, 0, 1].png"
7.4459248,-48.4176,"mp-757408_[0, 0, 1].png"
-19.946222,-4.1086907,"mp-2714202_[0, 0, 1].png"
31.270428,11.749146,"mp-991676_[0, 0, 1].png"
-29.547897,39.25097,"mp-690560_[0, 0, 1].png"
-47.603523,18.553272,"mp-2714322_[0, 0, 1].png"
40.628975,-10.797699,"mp-583463_[0, 0, 1].png"
43.72331,-33.43027,"mp-1075635_[0, 0, 1].png"
7.819163,-11.527283,"mp-1197555_[0, 0, 1].png"
-19.684967,35.602547,"mp-1013553_[0, 0, 1].png"
38.202503,32.114864,"mp-504625_[0, 0, 1].png"
46.64885,-26.437578,"mp-8921_[0, 0, 1].png"
5.6078806,-57.922405,"mp-8938_[0, 0, 1].png"
-34.212975,4.77811,"mp-1217299_[0, 0, 1].png"
-36.038235,-44.454357,"mp-1031147_[0, 0, 1].png"
-7.7868037,-9.494267,"mp-2714351_[0, 0, 1].png"
-24.141356,-3.215753,"mp-767722_[0, 0, 1].png"
42.523766,-7.113619,"mp-1235820_[0, 0, 1].png"
51.52959,32.05229,"mp-1076931_[0, 0, 1].png"
18.33063,-11.548603,"mp-7908_[0, 0, 1].png"
51.19344,-2.2432637,"mp-2716096_[0, 0, 1].png"
-29.619425,15.064302,"mp-1227097_[0, 0, 1].png"
16.968239,-31.770956,"mp-641534_[0, 0, 1].png"
15.976319,21.949093,"mp-1225737_[0, 0, 1].png"
12.6609335,23.37748,"mp-2232098_[0, 0, 1].png"
-20.550419,-2.9866855,"mp-1205072_[0, 0, 1].png"
1.5997318,-40.242638,"mp-849223_[0, 0, 1].png"
-0.5639401,18.596151,"mp-755192_[0, 0, 1].png"
15.982319,10.815308,"mp-1235244_[0, 0, 1].png"
10.968618,-20.100302,"mp-2714590_[0, 0, 1].png"
-21.416512,2.5895116,"mp-2714056_[0, 0, 1].png"
-2.4036157,-21.880787,"mp-17702_[0, 0, 1].png"
-19.017433,-12.8942375,"mp-1199486_[0, 0, 1].png"
-61.422573,-6.4705577,"mp-9747_[0, 0, 1].png"
-22.142006,32.13961,"mp-1074665_[0, 0, 1].png"
47.5207,21.688265,"mp-1105595_[0, 0, 1].png"
-37.133373,-30.162588,"mp-1200668_[0, 0, 1].png"
35.983498,30.974722,"mp-402_[0, 0, 1].png"
31.239975,16.01485,"mp-570957_[0, 0, 1].png"
-37.4267,28.136171,"mp-985582_[0, 0, 1].png"
0.44030207,-54.321568,"mp-18722_[0, 0, 1].png"
40.701206,40.801037,"mp-1245562_[0, 0, 1].png"
-2.8971732,-40.344,"mp-555521_[0, 0, 1].png"
50.09906,-6.5685296,"mp-686671_[0, 0, 1].png"
23.570568,-12.30377,"mp-556653_[0, 0, 1].png"
17.312204,22.222012,"mp-1204499_[0, 0, 1].png"
-1.9558809,34.98954,"mp-2715406_[0, 0, 1].png"
-16.847706,4.7130823,"mp-9578_[0, 0, 1].png"
1.6861438,22.485489,"mp-759469_[0, 0, 1].png"
-4.8768106,21.173668,"mp-9813_[0, 0, 1].png"
-31.433826,-41.73301,"mp-2714499_[0, 0, 1].png"
54.33842,4.4289956,"mp-720249_[0, 0, 1].png"
52.964325,-8.092785,"mp-1480_[0, 0, 1].png"
-11.276478,18.965704,"mp-1073819_[0, 0, 1].png"
-38.4111,3.8826592,"mp-40186_[0, 0, 1].png"
-40.639523,-41.77285,"mp-763200_[0, 0, 1].png"
35.992085,-23.94128,"mp-1025393_[0, 0, 1].png"
28.977633,-20.124641,"mp-1224342_[0, 0, 1].png"
6.603714,-0.557773,"mp-344_[0, 0, 1].png"
59.712334,6.410313,"mp-755468_[0, 0, 1].png"
19.846825,13.179074,"mp-12532_[0, 0, 1].png"
31.762922,-0.062425695,"mp-1006617_[0, 0, 1].png"
62.111755,7.532976,"mp-560523_[0, 0, 1].png"
-33.81138,-5.044478,"mp-1073263_[0, 0, 1].png"
-3.3860734,35.667175,"mp-1019514_[0, 0, 1].png"
-6.7576103,-22.792994,"mp-867835_[0, 0, 1].png"
-44.476036,26.511312,"mp-1075098_[0, 0, 1].png"
-42.694702,8.146696,"mp-30159_[0, 0, 1].png"
11.655299,23.218618,"mp-752467_[0, 0, 1].png"
-19.384434,10.981734,"mp-797054_[0, 0, 1].png"
18.472904,-40.763287,"mp-1105540_[0, 0, 1].png"
41.571453,-3.302108,"mp-1194045_[0, 0, 1].png"
-2.1682634,-61.34511,"mp-1195515_[0, 0, 1].png"
-42.580204,-0.16141194,"mp-2714131_[0, 0, 1].png"
-52.485493,-19.721714,"mp-1104791_[0, 0, 1].png"
-35.00802,-46.74697,"mp-1067925_[0, 0, 1].png"
-53.332745,-18.994051,"mp-19909_[0, 0, 1].png"
10.203679,33.34831,"mp-2715127_[0, 0, 1].png"
34.146633,0.111740425,"mp-22909_[0, 0, 1].png"
-35.32881,-29.207193,"mp-1183664_[0, 0, 1].png"
-16.491707,48.939884,"mp-1045812_[0, 0, 1].png"
35.196964,-17.657211,"mp-774922_[0, 0, 1].png"
-17.361052,46.471725,"mp-1078367_[0, 0, 1].png"
11.577923,1.040546,"mp-752395_[0, 0, 1].png"
61.518738,9.597935,"mp-778061_[0, 0, 1].png"
40.039227,39.18119,"mp-562501_[0, 0, 1].png"
19.02723,42.045868,"mp-1219181_[0, 0, 1].png"
-57.899,-21.490206,"mp-2713303_[0, 0, 1].png"
-53.69277,-7.667621,"mp-770690_[0, 0, 1].png"
29.262987,-4.2787385,"mp-558412_[0, 0, 1].png"
17.568375,-8.083366,"mp-1181274_[0, 0, 1].png"
50.11228,-14.708769,"mp-165_[0, 0, 1].png"
46.94297,28.299715,"mp-3789_[0, 0, 1].png"
-7.1375084,-7.4031262,"mp-1199870_[0, 0, 1].png"
-19.297691,-14.158987,"mp-1202971_[0, 0, 1].png"
51.857487,-13.806804,"mp-561468_[0, 0, 1].png"
25.591118,12.513873,"mp-637251_[0, 0, 1].png"
22.945536,36.770546,"mp-2714562_[0, 0, 1].png"
28.589314,-4.3515882,"mp-1013707_[0, 0, 1].png"
-0.42667052,-18.073545,"mp-1200625_[0, 0, 1].png"
-8.759504,9.753924,"mp-1214077_[0, 0, 1].png"
11.523588,34.10611,"mp-753476_[0, 0, 1].png"
16.347837,41.505024,"mp-867713_[0, 0, 1].png"
-49.784023,22.790894,"mp-1216078_[0, 0, 1].png"
19.56119,24.63069,"mp-1198493_[0, 0, 1].png"
15.344505,-23.445942,"mp-1225670_[0, 0, 1].png"
-29.162075,46.805706,"mp-2714245_[0, 0, 1].png"
-0.9000966,42.51998,"mp-771009_[0, 0, 1].png"
39.402576,-27.352661,"mp-8624_[0, 0, 1].png"
-42.668148,25.53182,"mp-12885_[0, 0, 1].png"
-46.97894,0.33621597,"mp-10333_[0, 0, 1].png"
-2.7232356,-14.582737,"mp-571098_[0, 0, 1].png"
-54.038933,-6.455496,"mp-189_[0, 0, 1].png"
-28.15739,14.267369,"mp-1215077_[0, 0, 1].png"
-21.599823,28.856802,"mp-570334_[0, 0, 1].png"
2.702023,45.15899,"mp-1215091_[0, 0, 1].png"
13.557528,-30.80836,"mp-23427_[0, 0, 1].png"
-14.664772,13.173926,"mp-1209312_[0, 0, 1].png"
-20.13431,35.9455,"mp-2715901_[0, 0, 1].png"
40.685112,-36.66198,"mp-1226440_[0, 0, 1].png"
-2.7713234,-42.27975,"mp-567278_[0, 0, 1].png"
46.933064,30.035387,"mp-1183017_[0, 0, 1].png"
-18.023417,-43.183212,"mp-1228003_[0, 0, 1].png"
-32.05345,-37.935345,"mp-20308_[0, 0, 1].png"
-5.554617,19.740894,"mp-2715677_[0, 0, 1].png"
51.129276,-8.042684,"mp-1209151_[0, 0, 1].png"
2.8434243,19.398006,"mp-675902_[0, 0, 1].png"
-16.432383,24.156015,"mp-772659_[0, 0, 1].png"
-8.4633875,-30.819088,"mp-755380_[0, 0, 1].png"
-17.444632,46.662907,"mp-1019967_[0, 0, 1].png"
-42.743664,-20.88785,"mp-1227954_[0, 0, 1].png"
52.682114,18.51752,"mp-2715533_[0, 0, 1].png"
-20.647417,55.78405,"mp-38975_[0, 0, 1].png"
-0.6515294,-54.850906,"mp-985591_[0, 0, 1].png"
32.444958,0.090475895,"mp-2716390_[0, 0, 1].png"
36.814148,27.029854,"mp-1125186_[0, 0, 1].png"
20.874523,28.206104,"mp-1042514_[0, 0, 1].png"
-1.6377327,-60.518707,"mp-29174_[0, 0, 1].png"
-23.349203,-11.554865,"mp-2712570_[0, 0, 1].png"
6.2086062,48.655064,"mp-1189584_[0, 0, 1].png"
34.26413,-32.20633,"mp-561075_[0, 0, 1].png"
-40.32704,4.3694744,"mp-28015_[0, 0, 1].png"
-16.624907,-7.7496157,"mp-1228316_[0, 0, 1].png"
-28.703901,43.19315,"mp-1223480_[0, 0, 1].png"
12.051193,33.16195,"mp-1211711_[0, 0, 1].png"
-33.643047,20.577797,"mp-638424_[0, 0, 1].png"
40.750603,21.917116,"mp-1189864_[0, 0, 1].png"
-35.021774,14.336589,"mp-1203161_[0, 0, 1].png"
-33.969875,21.72857,"mp-1248436_[0, 0, 1].png"
-39.74146,24.771128,"mp-780325_[0, 0, 1].png"
12.447836,-50.603565,"mp-1222618_[0, 0, 1].png"
-29.143084,37.07221,"mp-567800_[0, 0, 1].png"
54.392437,3.048457,"mp-1180133_[0, 0, 1].png"
13.814594,-23.685139,"mp-1215806_[0, 0, 1].png"
10.042675,28.548973,"mp-2715401_[0, 0, 1].png"
-44.132156,8.186549,"mp-1075360_[0, 0, 1].png"
-12.516518,11.559377,"mp-8320_[0, 0, 1].png"
-26.910376,-32.673256,"mp-2715795_[0, 0, 1].png"
-37.634563,4.2777834,"mp-754954_[0, 0, 1].png"
-18.505964,51.25634,"mp-27149_[0, 0, 1].png"
7.7336555,51.007565,"mp-18105_[0, 0, 1].png"
-3.633801,-19.177319,"mp-1026708_[0, 0, 1].png"
23.098988,0.23456115,"mp-540574_[0, 0, 1].png"
-42.507904,7.994465,"mp-760307_[0, 0, 1].png"
-34.99815,-42.178005,"mp-510539_[0, 0, 1].png"
3.7719736,5.0758057,"mp-736542_[0, 0, 1].png"
-16.566837,-50.553986,"mp-1080530_[0, 0, 1].png"
-21.50761,31.276108,"mp-753535_[0, 0, 1].png"
7.773286,-60.624546,"mp-1073037_[0, 0, 1].png"
22.024551,-34.5931,"mp-558320_[0, 0, 1].png"
11.930487,36.840717,"mp-1025285_[0, 0, 1].png"
-39.431927,17.98882,"mp-1228117_[0, 0, 1].png"
-27.77041,43.70812,"mp-1182561_[0, 0, 1].png"
-39.354527,-6.5039644,"mp-1212880_[0, 0, 1].png"
0.89110476,-48.237812,"mp-4809_[0, 0, 1].png"
32.011993,-24.598354,"mp-1214455_[0, 0, 1].png"
10.4023075,-2.4562624,"mp-30520_[0, 0, 1].png"
-21.894854,52.496254,"mp-1234637_[0, 0, 1].png"
-22.57456,-15.702406,"mp-772052_[0, 0, 1].png"
0.49868885,-55.57052,"mp-2712785_[0, 0, 1].png"
-6.773486,-31.488504,"mp-2716017_[0, 0, 1].png"
5.7865605,-46.90903,"mp-861603_[0, 0, 1].png"
25.569294,45.502396,"mp-7497_[0, 0, 1].png"
-43.023804,-21.369722,"mp-1013540_[0, 0, 1].png"
49.906174,28.625668,"mp-1225432_[0, 0, 1].png"
1.0038817,-2.195809,"mp-1103601_[0, 0, 1].png"
40.93798,-31.614666,"mp-10644_[0, 0, 1].png"
-21.647451,34.904385,"mp-9164_[0, 0, 1].png"
5.8593316,-56.521626,"mp-28477_[0, 0, 1].png"
23.798563,-13.322288,"mp-22468_[0, 0, 1].png"
6.7549143,3.8222246,"mp-1727_[0, 0, 1].png"
5.126294,54.685703,"mp-18860_[0, 0, 1].png"
-10.623312,-19.91582,"mp-557244_[0, 0, 1].png"
-7.699708,-9.073204,"mp-863752_[0, 0, 1].png"
22.00922,-43.568222,"mp-1073927_[0, 0, 1].png"
34.372314,-29.039806,"mp-1228259_[0, 0, 1].png"
28.191147,4.8869333,"mp-1256030_[0, 0, 1].png"
-56.962135,-8.787388,"mp-2714854_[0, 0, 1].png"
12.250643,2.2287416,"mp-1073300_[0, 0, 1].png"
59.811543,7.553126,"mp-1214481_[0, 0, 1].png"
-8.758444,-35.53114,"mp-1037137_[0, 0, 1].png"
35.549923,30.146149,"mp-1018040_[0, 0, 1].png"
26.524137,-42.637512,"mp-12364_[0, 0, 1].png"
-0.08032075,60.027634,"mp-581173_[0, 0, 1].png"
20.856056,45.743103,"mp-4731_[0, 0, 1].png"
-39.39855,-40.974,"mp-2447_[0, 0, 1].png"
43.9703,-12.944107,"mp-1219291_[0, 0, 1].png"
-5.862288,-31.36053,"mp-1203093_[0, 0, 1].png"
-13.546308,-28.857744,"mp-699146_[0, 0, 1].png"
-23.400774,-33.92108,"mp-975622_[0, 0, 1].png"
10.393117,-21.457996,"mp-20546_[0, 0, 1].png"
-46.58706,24.95734,"mp-1198120_[0, 0, 1].png"
-31.95012,0.2580372,"mp-20191_[0, 0, 1].png"
-5.7806478,46.602688,"mp-29057_[0, 0, 1].png"
-5.1063094,-27.950258,"mp-31219_[0, 0, 1].png"
-11.336401,4.714245,"mp-672234_[0, 0, 1].png"
-44.355766,-19.00725,"mp-2713170_[0, 0, 1].png"
-33.57035,-4.5483403,"mp-1075406_[0, 0, 1].png"
-21.163824,5.996661,"mp-753129_[0, 0, 1].png"
-47.980988,31.799288,"mp-6694_[0, 0, 1].png"
2.1389623,-19.062164,"mp-2714281_[0, 0, 1].png"
-27.195835,-33.340305,"mp-555150_[0, 0, 1].png"
-32.383373,-5.2587814,"mp-1193955_[0, 0, 1].png"
-4.478543,-24.251148,"mp-554097_[0, 0, 1].png"
-1.0601505,41.13075,"mp-1189893_[0, 0, 1].png"
-14.344322,24.928684,"mp-2715245_[0, 0, 1].png"
-12.84141,-0.72726136,"mp-627123_[0, 0, 1].png"
5.1138387,-56.989693,"mp-17862_[0, 0, 1].png"
-14.184099,-32.381973,"mp-560564_[0, 0, 1].png"
-15.597562,-1.546439,"mp-2715246_[0, 0, 1].png"
53.20923,5.481346,"mp-2714484_[0, 0, 1].png"
-20.642677,-0.010934107,"mp-1041874_[0, 0, 1].png"
-6.253949,19.688183,"mp-1075132_[0, 0, 1].png"
44.483868,28.84897,"mp-753719_[0, 0, 1].png"
3.1056929,-44.653564,"mp-28509_[0, 0, 1].png"
-21.9652,-2.420444,"mp-1100460_[0, 0, 1].png"
-45.239162,21.031525,"mp-25231_[0, 0, 1].png"
-26.400646,54.842754,"mp-773864_[0, 0, 1].png"
-6.7320714,-29.163572,"mp-761669_[0, 0, 1].png"
-48.57392,-17.165087,"mp-1202078_[0, 0, 1].png"
42.593616,31.239006,"mp-1191903_[0, 0, 1].png"
24.98043,0.62899995,"mp-753460_[0, 0, 1].png"
-27.014318,35.378902,"mp-804_[0, 0, 1].png"
-53.651638,-14.849489,"mp-1073493_[0, 0, 1].png"
-5.4983816,9.869766,"mp-625074_[0, 0, 1].png"
53.159576,3.8494928,"mp-985697_[0, 0, 1].png"
52.52429,2.658711,"mp-1013830_[0, 0, 1].png"
-19.841919,42.317703,"mp-546757_[0, 0, 1].png"
-11.999277,-30.282967,"mp-600065_[0, 0, 1].png"
-19.693752,4.7681427,"mp-556395_[0, 0, 1].png"
49.679436,21.61227,"mp-2715611_[0, 0, 1].png"
-15.227786,21.498615,"mp-27253_[0, 0, 1].png"
-28.221752,-19.94769,"mp-14367_[0, 0, 1].png"
-62.060307,-7.327958,"mp-2714673_[0, 0, 1].png"
12.564743,-49.619244,"mp-1214268_[0, 0, 1].png"
7.5271955,-55.46002,"mp-755234_[0, 0, 1].png"
46.73153,-11.73177,"mp-559826_[0, 0, 1].png"
-1.1343406,-9.273068,"mp-1228858_[0, 0, 1].png"
-31.850542,-44.494133,"mp-2714674_[0, 0, 1].png"
20.278053,38.295994,"mp-1106051_[0, 0, 1].png"
-38.371834,20.599535,"mp-1039856_[0, 0, 1].png"
45.10357,21.167229,"mp-1267034_[0, 0, 1].png"
-26.838177,37.086933,"mp-1210417_[0, 0, 1].png"
6.9253883,-50.516212,"mp-2714708_[0, 0, 1].png"
21.873104,-43.350212,"mp-760066_[0, 0, 1].png"
-5.7942095,17.65208,"mp-1219427_[0, 0, 1].png"
-5.9740243,-20.098478,"mp-1195883_[0, 0, 1].png"
13.228968,-29.842672,"mp-1009827_[0, 0, 1].png"
-12.541482,-29.261463,"mp-1200390_[0, 0, 1].png"
-41.176792,24.250118,"mp-9516_[0, 0, 1].png"
-42.48558,-14.139575,"mp-555434_[0, 0, 1].png"
49.980865,-13.728311,"mp-728227_[0, 0, 1].png"
12.993174,-53.39943,"mp-1030870_[0, 0, 1].png"
54.011925,4.6712227,"mp-38728_[0, 0, 1].png"
6.807233,27.520687,"mp-3160_[0, 0, 1].png"
27.250008,9.701908,"mp-628617_[0, 0, 1].png"
-15.697828,24.20137,"mp-2715965_[0, 0, 1].png"
46.716385,-2.1215312,"mp-553342_[0, 0, 1].png"
11.724936,34.781025,"mp-1188035_[0, 0, 1].png"
-30.561846,-35.96652,"mp-2715695_[0, 0, 1].png"
14.218294,27.11143,"mp-1226180_[0, 0, 1].png"
52.50954,-7.274188,"mp-1226179_[0, 0, 1].png"
-29.980312,-31.040073,"mp-1041642_[0, 0, 1].png"
37.976597,31.153074,"mp-1200427_[0, 0, 1].png"
28.16649,-39.322777,"mp-972837_[0, 0, 1].png"
23.797813,40.61752,"mp-6099_[0, 0, 1].png"
-11.065739,-37.26525,"mp-770707_[0, 0, 1].png"
40.862957,-1.6513445,"mp-759601_[0, 0, 1].png"
42.496872,-36.375713,"mp-1202320_[0, 0, 1].png"
-58.090965,-10.820614,"mp-2715725_[0, 0, 1].png"
-26.600515,34.433983,"mp-17307_[0, 0, 1].png"
-32.051647,-25.235312,"mp-24012_[0, 0, 1].png"
22.175196,-42.155327,"mp-567974_[0, 0, 1].png"
44.573753,-23.412191,"mp-726397_[0, 0, 1].png"
-5.576367,-20.005667,"mp-1034756_[0, 0, 1].png"
19.483345,35.324512,"mp-19957_[0, 0, 1].png"
-22.243456,44.049526,"mp-1020118_[0, 0, 1].png"
-37.430473,-41.862114,"mp-2712843_[0, 0, 1].png"
15.774923,-1.7913258,"mp-717_[0, 0, 1].png"
14.05271,-32.79756,"mp-22480_[0, 0, 1].png"
-54.98078,-19.991226,"mp-1247281_[0, 0, 1].png"
-47.52005,3.635727,"mp-849779_[0, 0, 1].png"
31.479982,7.921444,"mp-1198599_[0, 0, 1].png"
-3.5102234,-58.79909,"mp-573024_[0, 0, 1].png"
-53.863926,-9.215811,"mp-2715343_[0, 0, 1].png"
23.983242,-37.004612,"mp-19446_[0, 0, 1].png"
-35.06344,14.271495,"mp-1219924_[0, 0, 1].png"
43.34955,-35.56942,"mp-2714312_[0, 0, 1].png"
-24.601664,36.279133,"mp-766877_[0, 0, 1].png"
-18.471178,-38.093704,"mp-1074412_[0, 0, 1].png"
6.793262,-47.4695,"mp-6253_[0, 0, 1].png"
-13.619353,24.528269,"mp-1019572_[0, 0, 1].png"
-41.16221,-19.350676,"mp-2713652_[0, 0, 1].png"
35.245037,2.3728664,"mp-1227719_[0, 0, 1].png"
-29.76397,-44.620922,"mp-5073_[0, 0, 1].png"
44.68422,-32.574776,"mp-1220324_[0, 0, 1].png"
26.905209,-36.855118,"mp-13810_[0, 0, 1].png"
-21.427015,32.326508,"mp-1259488_[0, 0, 1].png"
28.988142,3.4932215,"mp-1260941_[0, 0, 1].png"
-12.159763,9.6570835,"mp-625993_[0, 0, 1].png"
-7.7822547,19.44913,"mp-41742_[0, 0, 1].png"
5.159823,18.591648,"mp-8703_[0, 0, 1].png"
-46.82484,3.5924065,"mp-2713353_[0, 0, 1].png"
21.680468,41.669037,"mp-1074465_[0, 0, 1].png"
-48.072468,-13.0965,"mp-1103730_[0, 0, 1].png"
49.512005,21.563452,"mp-2852_[0, 0, 1].png"
2.6462696,47.22246,"mp-556295_[0, 0, 1].png"
-21.005713,-16.33395,"mp-2715467_[0, 0, 1].png"
40.343967,-17.616638,"mp-1225306_[0, 0, 1].png"
3.0001483,-19.310806,"mp-541950_[0, 0, 1].png"
27.365896,8.094535,"mp-1188987_[0, 0, 1].png"
26.18523,-43.24433,"mp-865547_[0, 0, 1].png"
-41.743366,-0.23733856,"mp-505297_[0, 0, 1].png"
-18.407286,53.799946,"mp-759020_[0, 0, 1].png"
-13.4642935,-43.015423,"mp-2715464_[0, 0, 1].png"
6.8542633,-46.97058,"mp-8843_[0, 0, 1].png"
22.754463,-8.167016,"mp-1025370_[0, 0, 1].png"
43.793114,-28.686481,"mp-626506_[0, 0, 1].png"
51.870373,0.23068568,"mp-759584_[0, 0, 1].png"
2.777463,-18.194265,"mp-1019531_[0, 0, 1].png"
-1.171139,-45.93106,"mp-1074011_[0, 0, 1].png"
24.647552,45.299385,"mp-2714318_[0, 0, 1].png"
13.997391,-14.448057,"mp-554009_[0, 0, 1].png"
58.10848,7.79048,"mp-555363_[0, 0, 1].png"
30.464304,15.73834,"mp-510760_[0, 0, 1].png"
7.538412,-59.958096,"mp-556088_[0, 0, 1].png"
-43.279537,-21.44282,"mp-2713870_[0, 0, 1].png"
41.231205,39.917233,"mp-766051_[0, 0, 1].png"
-48.905895,-11.091429,"mp-558426_[0, 0, 1].png"
-22.23707,53.881504,"mp-2714366_[0, 0, 1].png"
-0.40967393,1.1527196,"mp-1041233_[0, 0, 1].png"
35.500454,10.486522,"mp-1198788_[0, 0, 1].png"
-16.70017,44.47294,"mp-1324099_[0, 0, 1].png"
-7.3954825,-21.130304,"mp-2534_[0, 0, 1].png"
7.220587,-2.2171757,"mp-1216080_[0, 0, 1].png"
-44.215473,-20.029133,"mp-1074815_[0, 0, 1].png"
-32.38251,-2.8658395,"mp-23330_[0, 0, 1].png"
-25.212904,-30.493338,"mp-1100457_[0, 0, 1].png"
36.548016,-34.12183,"mp-2712644_[0, 0, 1].png"
1.2397071,-20.839588,"mp-1195556_[0, 0, 1].png"
-21.582127,-11.026972,"mp-727941_[0, 0, 1].png"
2.1383984,-53.954674,"mp-757174_[0, 0, 1].png"
19.320887,-41.784645,"mp-10796_[0, 0, 1].png"
-22.321974,-14.881354,"mp-756504_[0, 0, 1].png"
53.383633,-10.211648,"mp-657794_[0, 0, 1].png"
-13.2688875,4.7675505,"mp-1215733_[0, 0, 1].png"
-32.94745,-4.0721965,"mp-1147750_[0, 0, 1].png"
-60.063835,-7.833157,"mp-23352_[0, 0, 1].png"
19.090418,13.500585,"mp-679406_[0, 0, 1].png"
-46.963142,29.028572,"mp-2713629_[0, 0, 1].png"
5.017804,-3.7048945,"mp-2715862_[0, 0, 1].png"
-3.499986,43.186813,"mp-1204232_[0, 0, 1].png"
50.703384,-14.465459,"mp-4979_[0, 0, 1].png"
-3.9730608,19.660406,"mp-1078751_[0, 0, 1].png"
-52.28478,-19.761364,"mp-850201_[0, 0, 1].png"
-31.798857,-0.91335905,"mp-1191774_[0, 0, 1].png"
-32.198406,0.42963114,"mp-2713805_[0, 0, 1].png"
61.731667,6.589565,"mp-20747_[0, 0, 1].png"
5.675263,52.907803,"mp-1074573_[0, 0, 1].png"
40.489967,18.351145,"mp-985293_[0, 0, 1].png"
-0.7369173,49.556393,"mp-13620_[0, 0, 1].png"
-44.492535,25.875908,"mp-19259_[0, 0, 1].png"
23.133547,-42.764862,"mp-1043615_[0, 0, 1].png"
-3.4265423,-27.50927,"mp-776356_[0, 0, 1].png"
23.69855,13.655632,"mp-1035561_[0, 0, 1].png"
-6.075947,12.513699,"mp-1025309_[0, 0, 1].png"
-31.08866,-45.62556,"mp-1068664_[0, 0, 1].png"
1.9565898,-37.5297,"mp-1079518_[0, 0, 1].png"
37.219643,41.262547,"mp-644271_[0, 0, 1].png"
-11.638833,1.0505774,"mp-556537_[0, 0, 1].png"
23.316563,6.147158,"mp-2712986_[0, 0, 1].png"
41.806667,28.1772,"mp-556478_[0, 0, 1].png"
-17.612417,58.43689,"mp-1227218_[0, 0, 1].png"
0.52007383,-21.317448,"mp-2713657_[0, 0, 1].png"
45.591686,-12.015012,"mp-1200500_[0, 0, 1].png"
-24.306538,38.327972,"mp-1205543_[0, 0, 1].png"
-32.00945,0.459318,"mp-1223141_[0, 0, 1].png"
-31.41811,-32.280735,"mp-760485_[0, 0, 1].png"
-21.987923,47.346474,"mp-1206340_[0, 0, 1].png"
-33.05224,20.34217,"mp-1205496_[0, 0, 1].png"
-42.936943,-20.637291,"mp-774907_[0, 0, 1].png"
1.7533419,-3.3719141,"mp-1019740_[0, 0, 1].png"
-6.7846017,38.984783,"mp-1199709_[0, 0, 1].png"
-40.83894,-21.556137,"mp-2716034_[0, 0, 1].png"
-61.66244,-12.194389,"mp-2714222_[0, 0, 1].png"
3.652968,20.329512,"mp-2716133_[0, 0, 1].png"
-37.027706,20.377445,"mp-556985_[0, 0, 1].png"
-10.295166,18.080244,"mp-1258129_[0, 0, 1].png"
54.388676,4.709615,"mp-763240_[0, 0, 1].png"
27.779396,-40.692837,"mp-23329_[0, 0, 1].png"
-59.52883,-6.2664094,"mp-18313_[0, 0, 1].png"
-60.234314,-12.712587,"mp-1212682_[0, 0, 1].png"
9.971358,33.348755,"mp-20192_[0, 0, 1].png"
-1.364611,14.418852,"mp-10178_[0, 0, 1].png"
47.516953,-10.2815075,"mp-1022647_[0, 0, 1].png"
45.45233,20.146013,"mp-22701_[0, 0, 1].png"
-57.551945,-16.52376,"mp-1044162_[0, 0, 1].png"
-11.673126,17.693853,"mp-17747_[0, 0, 1].png"
-0.032723024,38.34113,"mp-2714428_[0, 0, 1].png"
4.181615,45.639194,"mp-554646_[0, 0, 1].png"
36.55119,41.090405,"mp-1016821_[0, 0, 1].png"
24.165277,7.40508,"mp-1019726_[0, 0, 1].png"
9.940294,-53.280216,"mp-11714_[0, 0, 1].png"
-14.552072,-1.1941093,"mp-600053_[0, 0, 1].png"
-18.711226,31.43541,"mp-1224848_[0, 0, 1].png"
-24.632313,-32.859177,"mp-1075612_[0, 0, 1].png"
23.028452,33.15698,"mp-771964_[0, 0, 1].png"
-20.84805,-0.82121146,"mp-1094098_[0, 0, 1].png"
-27.49798,-33.733707,"mp-558259_[0, 0, 1].png"
-3.287421,46.82115,"mp-2755_[0, 0, 1].png"
-3.9744377,-56.756844,"mp-22559_[0, 0, 1].png"
34.456787,11.892076,"mp-1208531_[0, 0, 1].png"
9.727617,49.187843,"mp-561118_[0, 0, 1].png"
-1.5989789,10.628685,"mp-1042104_[0, 0, 1].png"
39.18273,-29.8362,"mp-19179_[0, 0, 1].png"
1.6487784,-20.976128,"mp-2715721_[0, 0, 1].png"
19.495054,13.572773,"mp-505634_[0, 0, 1].png"
18.742079,11.930789,"mp-2716423_[0, 0, 1].png"
38.466633,-23.10685,"mp-728246_[0, 0, 1].png"
-20.877443,-15.744774,"mp-1075532_[0, 0, 1].png"
40.32016,25.024921,"mp-1220437_[0, 0, 1].png"
10.770439,-54.881298,"mp-13748_[0, 0, 1].png"
4.070614,19.440434,"mp-1200866_[0, 0, 1].png"
0.31884068,-59.506256,"mp-583071_[0, 0, 1].png"
-24.247631,-6.9264197,"mp-866056_[0, 0, 1].png"
38.919815,-24.03958,"mp-2714923_[0, 0, 1].png"
-39.536987,15.714234,"mp-6332_[0, 0, 1].png"
-23.561764,-8.800413,"mp-1021328_[0, 0, 1].png"
-7.543981,-19.135345,"mp-866141_[0, 0, 1].png"
-39.56195,15.727835,"mp-722188_[0, 0, 1].png"
-17.951406,-42.100033,"mp-1075489_[0, 0, 1].png"
12.778458,-32.11499,"mp-1209286_[0, 0, 1].png"
39.248436,-21.453426,"mp-1216597_[0, 0, 1].png"
29.409616,3.4352465,"mp-19154_[0, 0, 1].png"
-41.106297,18.340189,"mp-556177_[0, 0, 1].png"
-32.255016,-41.852005,"mp-38194_[0, 0, 1].png"
-6.490792,-25.433144,"mp-6327_[0, 0, 1].png"
-0.7097244,35.597927,"mp-1041999_[0, 0, 1].png"
4.9691515,44.230392,"mp-8196_[0, 0, 1].png"
57.08742,-0.73697317,"mp-4289_[0, 0, 1].png"
-16.465117,-5.6648674,"mp-643431_[0, 0, 1].png"
-3.2104104,21.045815,"mp-2714982_[0, 0, 1].png"
44.329002,16.941637,"mp-1043769_[0, 0, 1].png"
44.205177,0.09559112,"mp-1045598_[0, 0, 1].png"
6.702399,-6.4370127,"mp-15204_[0, 0, 1].png"
6.2117376,-65.597694,"mp-1100450_[0, 0, 1].png"
51.637512,25.157354,"mp-1025272_[0, 0, 1].png"
-10.70098,-21.651953,"mp-720570_[0, 0, 1].png"
-14.3478365,8.220262,"mp-2714713_[0, 0, 1].png"
2.677751,21.875685,"mp-1080715_[0, 0, 1].png"
13.581864,-2.8705306,"mp-31053_[0, 0, 1].png"
4.437731,-48.599693,"mp-28130_[0, 0, 1].png"
-15.73657,12.498992,"mp-7205_[0, 0, 1].png"
-17.016325,-6.5340204,"mp-1025240_[0, 0, 1].png"
40.282597,5.8510404,"mp-5029_[0, 0, 1].png"
42.736835,-32.892307,"mp-1227400_[0, 0, 1].png"
-18.009499,-8.349335,"mp-1075413_[0, 0, 1].png"
1.943875,-40.160828,"mp-1344419_[0, 0, 1].png"
-46.91219,19.963892,"mp-8415_[0, 0, 1].png"
45.8538,-7.131269,"mp-557414_[0, 0, 1].png"
-8.967353,-9.88585,"mp-36209_[0, 0, 1].png"
48.578487,32.894733,"mp-1147745_[0, 0, 1].png"
-0.16345216,-62.03571,"mp-754530_[0, 0, 1].png"
43.75577,33.440998,"mp-657176_[0, 0, 1].png"
2.3717782,16.12294,"mp-540900_[0, 0, 1].png"
-52.192253,-16.798035,"mp-30253_[0, 0, 1].png"
27.573177,-35.789623,"mp-1191741_[0, 0, 1].png"
-33.0263,4.4692717,"mp-864619_[0, 0, 1].png"
-17.897327,31.72607,"mp-5330_[0, 0, 1].png"
-23.558487,37.5368,"mp-763098_[0, 0, 1].png"
18.69964,31.777168,"mp-7264_[0, 0, 1].png"
20.181969,33.166412,"mp-22558_[0, 0, 1].png"
-33.531517,25.881441,"mp-505139_[0, 0, 1].png"
-5.29441,-6.8542247,"mp-555604_[0, 0, 1].png"
22.701591,33.423313,"mp-720719_[0, 0, 1].png"
-30.63604,36.75712,"mp-16338_[0, 0, 1].png"
6.769322,-5.497387,"mp-924130_[0, 0, 1].png"
-20.061453,47.03769,"mp-2716177_[0, 0, 1].png"
-18.414919,-14.341636,"mp-757447_[0, 0, 1].png"
21.01568,38.897255,"mp-2715033_[0, 0, 1].png"
-34.92564,-43.197193,"mp-2714230_[0, 0, 1].png"
-6.836101,-29.206806,"mp-753754_[0, 0, 1].png"
59.933353,-0.58900887,"mp-1214041_[0, 0, 1].png"
15.70718,19.037167,"mp-1075499_[0, 0, 1].png"
2.869868,41.22761,"mp-865652_[0, 0, 1].png"
30.384453,-19.035097,"mp-569739_[0, 0, 1].png"
-34.18938,1.3657947,"mp-776911_[0, 0, 1].png"
-28.770529,15.463439,"mp-554498_[0, 0, 1].png"
-0.010775243,16.964249,"mp-1043146_[0, 0, 1].png"
-8.58282,-27.108837,"mp-1206158_[0, 0, 1].png"
-34.115967,29.440466,"mp-753224_[0, 0, 1].png"
50.95928,-13.145437,"mp-2714921_[0, 0, 1].png"
-22.516975,44.933647,"mp-752_[0, 0, 1].png"
57.775284,6.259324,"mp-1216682_[0, 0, 1].png"
-9.03667,-30.189262,"mp-1198381_[0, 0, 1].png"
1.2273786,49.76719,"mp-1070917_[0, 0, 1].png"
-62.407368,-5.704375,"mp-1247486_[0, 0, 1].png"
-0.8093162,-42.44265,"mp-1043564_[0, 0, 1].png"
-33.27609,18.945007,"mp-1206205_[0, 0, 1].png"
30.977495,14.518909,"mp-673808_[0, 0, 1].png"
51.0637,26.117786,"mp-6670_[0, 0, 1].png"
-32.320896,-2.41289,"mp-867107_[0, 0, 1].png"
-13.587738,-25.748268,"mp-754955_[0, 0, 1].png"
-44.82114,-1.4208919,"mp-1102132_[0, 0, 1].png"
-0.6886176,17.751223,"mp-865901_[0, 0, 1].png"
10.072628,-60.141212,"mp-1190041_[0, 0, 1].png"
-37.120045,-44.09733,"mp-753775_[0, 0, 1].png"
-24.654806,-27.579876,"mp-10527_[0, 0, 1].png"
-56.311985,-11.841194,"mp-961711_[0, 0, 1].png"
-23.1276,-6.314106,"mp-559691_[0, 0, 1].png"
-45.257202,21.33701,"mp-677482_[0, 0, 1].png"
-23.906351,44.359947,"mp-15379_[0, 0, 1].png"
38.469162,39.194607,"mp-31218_[0, 0, 1].png"
8.103656,28.655651,"mp-2715727_[0, 0, 1].png"
41.88672,16.767542,"mp-1190381_[0, 0, 1].png"
-16.700167,41.568592,"mp-1071955_[0, 0, 1].png"
-0.9633639,-44.80779,"mp-2713301_[0, 0, 1].png"
-65.086876,-6.5918546,"mp-22889_[0, 0, 1].png"
-16.21637,24.817684,"mp-1246491_[0, 0, 1].png"
24.774078,-45.66762,"mp-540188_[0, 0, 1].png"
-36.179752,-40.865112,"mp-3552_[0, 0, 1].png"
1.0735502,21.212524,"mp-1073419_[0, 0, 1].png"
-0.006834213,-44.82903,"mp-604496_[0, 0, 1].png"
5.1529174,3.1175869,"mp-689140_[0, 0, 1].png"
-4.8821845,15.293667,"mp-2713438_[0, 0, 1].png"
36.9153,25.175426,"mp-1195957_[0, 0, 1].png"
1.9147714,41.453327,"mp-1072984_[0, 0, 1].png"
9.132333,-54.66187,"mp-1226910_[0, 0, 1].png"
9.912014,30.750736,"mp-1201857_[0, 0, 1].png"
-28.82507,-25.153982,"mp-3955_[0, 0, 1].png"
-44.46551,-11.368596,"mp-1043491_[0, 0, 1].png"
-39.14868,25.938507,"mp-863407_[0, 0, 1].png"
-49.807198,25.531643,"mp-2713659_[0, 0, 1].png"
-0.052579623,-15.171734,"mp-756075_[0, 0, 1].png"
-37.612167,-47.427643,"mp-504482_[0, 0, 1].png"
28.222876,14.984241,"mp-2713825_[0, 0, 1].png"
37.35437,35.98789,"mp-1074703_[0, 0, 1].png"
18.634813,-32.046734,"mp-7062_[0, 0, 1].png"
5.1304665,56.745457,"mp-1207901_[0, 0, 1].png"
2.3133807,36.126217,"mp-505321_[0, 0, 1].png"
2.1863532,-64.19195,"mp-1219458_[0, 0, 1].png"
-2.3293498,-50.119675,"mp-2714498_[0, 0, 1].png"
6.301373,-8.450844,"mp-1019543_[0, 0, 1].png"
-43.651028,24.858175,"mp-1023005_[0, 0, 1].png"
-54.133038,-6.6558204,"mp-28987_[0, 0, 1].png"
49.19287,33.69287,"mp-2374583_[0, 0, 1].png"
27.384596,-34.91016,"mp-1201495_[0, 0, 1].png"
5.0600076,61.589638,"mp-754243_[0, 0, 1].png"
-3.0208118,-40.98486,"mp-765026_[0, 0, 1].png"
-42.909313,25.052547,"mp-1095749_[0, 0, 1].png"
-27.473862,12.38102,"mp-16377_[0, 0, 1].png"
-11.945145,-28.965824,"mp-2714129_[0, 0, 1].png"
-10.213132,-23.113792,"mp-673682_[0, 0, 1].png"
-9.961294,16.526838,"mp-1074930_[0, 0, 1].png"
16.986927,-26.986227,"mp-1219131_[0, 0, 1].png"
42.362663,-32.425148,"mp-2714833_[0, 0, 1].png"
18.367584,-29.43539,"mp-4840_[0, 0, 1].png"
2.4294982,-3.1576235,"mp-546679_[0, 0, 1].png"
-25.777136,31.363068,"mp-693759_[0, 0, 1].png"
26.226313,39.763367,"mp-1074192_[0, 0, 1].png"
-37.047714,19.43397,"mp-29819_[0, 0, 1].png"
-0.53607976,44.360996,"mp-754610_[0, 0, 1].png"
-18.41641,2.7781816,"mp-673245_[0, 0, 1].png"
35.7562,4.1598725,"mp-23991_[0, 0, 1].png"
55.116913,-3.2658582,"mp-758199_[0, 0, 1].png"
-14.930928,-6.2009635,"mp-1210426_[0, 0, 1].png"
28.300055,-43.65995,"mp-1222_[0, 0, 1].png"
-48.32944,-20.574057,"mp-1223588_[0, 0, 1].png"
-0.16065156,-58.92171,"mp-6040_[0, 0, 1].png"
51.34582,-7.5320406,"mp-1193319_[0, 0, 1].png"
-14.250485,21.566206,"mp-2715555_[0, 0, 1].png"
41.349792,40.953262,"mp-706640_[0, 0, 1].png"
0.70197344,40.434666,"mp-1043492_[0, 0, 1].png"
-1.4025853,-52.143497,"mp-758011_[0, 0, 1].png"
-0.858962,50.26816,"mp-557881_[0, 0, 1].png"
-54.174885,-12.675222,"mp-753473_[0, 0, 1].png"
35.572147,5.304811,"mp-1225149_[0, 0, 1].png"
9.645447,-45.97746,"mp-1212371_[0, 0, 1].png"
28.055708,-39.004932,"mp-2715582_[0, 0, 1].png"
26.18026,-11.54798,"mp-1224916_[0, 0, 1].png"
-5.890026,17.438133,"mp-677323_[0, 0, 1].png"
-53.745598,-14.309227,"mp-25268_[0, 0, 1].png"
-21.118261,43.77302,"mp-5836_[0, 0, 1].png"
24.734509,-39.512466,"mp-35267_[0, 0, 1].png"
-4.2938433,-21.165047,"mp-1013551_[0, 0, 1].png"
-34.61898,-4.1273704,"mp-1034749_[0, 0, 1].png"
-32.301975,-29.83219,"mp-983357_[0, 0, 1].png"
0.8108974,-64.50109,"mp-1025302_[0, 0, 1].png"
-17.24624,47.671154,"mp-9972_[0, 0, 1].png"
12.158429,32.67704,"mp-2715540_[0, 0, 1].png"
-2.9998052,-24.49077,"mp-1213539_[0, 0, 1].png"
-42.902737,-18.110603,"mp-2714531_[0, 0, 1].png"
19.349243,25.298014,"mp-1173748_[0, 0, 1].png"
-14.534915,-33.366444,"mp-1044256_[0, 0, 1].png"
33.021812,-19.533579,"mp-2713519_[0, 0, 1].png"
28.242178,-36.03875,"mp-771318_[0, 0, 1].png"
23.450722,-40.834038,"mp-1023937_[0, 0, 1].png"
5.6514378,-7.3177857,"mp-1234983_[0, 0, 1].png"
-11.371929,4.3446884,"mp-1254209_[0, 0, 1].png"
-18.023544,40.659794,"mp-9808_[0, 0, 1].png"
-16.40728,48.738823,"mp-1077588_[0, 0, 1].png"
9.787373,-8.86945,"mp-752502_[0, 0, 1].png"
-40.023937,20.548172,"mp-42298_[0, 0, 1].png"
35.22557,2.5669448,"mp-560051_[0, 0, 1].png"
-39.84831,6.9291997,"mp-2716108_[0, 0, 1].png"
41.56111,-5.901317,"mp-1078186_[0, 0, 1].png"
27.613192,-36.503437,"mp-2713513_[0, 0, 1].png"
-44.092884,8.617177,"mp-753086_[0, 0, 1].png"
-19.281479,33.908875,"mp-554553_[0, 0, 1].png"
-12.93785,-1.1675448,"mp-571665_[0, 0, 1].png"
38.133156,-21.522947,"mp-4779_[0, 0, 1].png"
3.743998,2.8339345,"mp-27996_[0, 0, 1].png"
3.213907,57.88231,"mp-674334_[0, 0, 1].png"
-19.953032,52.028152,"mp-780172_[0, 0, 1].png"
27.802324,-42.1288,"mp-1216775_[0, 0, 1].png"
38.49435,38.40897,"mp-2715421_[0, 0, 1].png"
-2.67315,56.793552,"mp-19145_[0, 0, 1].png"
8.650307,24.206387,"mp-850339_[0, 0, 1].png"
27.375898,14.642309,"mp-4985_[0, 0, 1].png"
18.966972,10.35973,"mp-1206116_[0, 0, 1].png"
-16.853643,-50.632736,"mp-1229033_[0, 0, 1].png"
-22.331436,43.999714,"mp-559901_[0, 0, 1].png"
39.076706,-17.014801,"mp-1093695_[0, 0, 1].png"
-45.035385,-15.156586,"mp-1260118_[0, 0, 1].png"
23.463453,-39.612526,"mp-1194050_[0, 0, 1].png"
54.661358,-3.7958543,"mp-1179447_[0, 0, 1].png"
-3.1349936,22.1235,"mp-752463_[0, 0, 1].png"
-57.602608,-13.352062,"mp-1043727_[0, 0, 1].png"
17.488203,-25.865738,"mp-693605_[0, 0, 1].png"
42.21806,-34.09053,"mp-554151_[0, 0, 1].png"
-18.058573,58.16163,"mp-1074753_[0, 0, 1].png"
-34.20513,13.209773,"mp-1219398_[0, 0, 1].png"
-29.86384,-24.440504,"mp-1075368_[0, 0, 1].png"
11.587326,-2.2769146,"mp-1207861_[0, 0, 1].png"
8.683809,58.069492,"mp-1215557_[0, 0, 1].png"
24.848,-33.300377,"mp-28558_[0, 0, 1].png"
22.038927,9.089673,"mp-1041741_[0, 0, 1].png"
26.389296,9.540028,"mp-680462_[0, 0, 1].png"
-37.939796,20.181906,"mp-28838_[0, 0, 1].png"
34.028225,1.496245,"mp-2714421_[0, 0, 1].png"
16.566973,-29.45316,"mp-2712619_[0, 0, 1].png"
-1.4995381,-45.563957,"mp-777778_[0, 0, 1].png"
-14.0233965,24.304117,"mp-1106165_[0, 0, 1].png"
8.962893,-61.269306,"mp-1041529_[0, 0, 1].png"
7.1846857,-42.438896,"mp-1192918_[0, 0, 1].png"
-6.218763,-24.406843,"mp-2714314_[0, 0, 1].png"
-1.5763438,-54.663616,"mp-1232409_[0, 0, 1].png"
15.941164,-30.52835,"mp-567918_[0, 0, 1].png"
-6.2656403,-21.550741,"mp-977345_[0, 0, 1].png"
-51.57261,24.584848,"mp-760402_[0, 0, 1].png"
62.53446,9.575535,"mp-1020657_[0, 0, 1].png"
-0.0977176,-7.614685,"mp-1225295_[0, 0, 1].png"
6.572733,49.39999,"mp-1073465_[0, 0, 1].png"
12.504196,-49.569607,"mp-1074044_[0, 0, 1].png"
-40.10816,3.171768,"mp-1210813_[0, 0, 1].png"
-7.700911,-32.42522,"mp-568598_[0, 0, 1].png"
-30.56711,-14.196078,"mp-2715260_[0, 0, 1].png"
-17.196434,32.81634,"mp-14444_[0, 0, 1].png"
14.876653,-27.67246,"mp-1219217_[0, 0, 1].png"
19.892874,-30.221075,"mp-546546_[0, 0, 1].png"
20.725313,34.61252,"mp-38970_[0, 0, 1].png"
-12.038047,5.2710376,"mp-550070_[0, 0, 1].png"
-57.2969,-12.051124,"mp-1194266_[0, 0, 1].png"
0.57695574,-39.04687,"mp-1225572_[0, 0, 1].png"
-0.6967087,-59.465042,"mp-559740_[0, 0, 1].png"
12.265123,-50.691067,"mp-1221060_[0, 0, 1].png"
10.824087,-0.07357185,"mp-1192939_[0, 0, 1].png"
25.952093,-38.316936,"mp-560631_[0, 0, 1].png"
-58.627926,-8.960011,"mp-995393_[0, 0, 1].png"
47.070892,0.46091196,"mp-1220305_[0, 0, 1].png"
22.689083,6.2991476,"mp-7577_[0, 0, 1].png"
-11.076918,-33.268913,"mp-2715208_[0, 0, 1].png"
-40.67816,-14.90999,"mp-1220838_[0, 0, 1].png"
10.2086315,-35.02944,"mp-5924_[0, 0, 1].png"
-7.6373305,-25.113712,"mp-29816_[0, 0, 1].png"
17.010344,43.226826,"mp-2713372_[0, 0, 1].png"
13.78421,-14.932576,"mp-1104960_[0, 0, 1].png"
2.4631474,59.72716,"mp-1220623_[0, 0, 1].png"
1.237921,49.80268,"mp-727393_[0, 0, 1].png"
11.547267,-32.00728,"mp-648256_[0, 0, 1].png"
2.0320566,57.51794,"mp-540895_[0, 0, 1].png"
-29.664831,-24.068493,"mp-16376_[0, 0, 1].png"
15.295277,39.97236,"mp-1216820_[0, 0, 1].png"
-13.612372,20.126871,"mp-2712794_[0, 0, 1].png"
15.774626,8.836892,"mp-2713377_[0, 0, 1].png"
5.7184267,-59.448917,"mp-7117_[0, 0, 1].png"
0.9663114,39.354885,"mp-43188_[0, 0, 1].png"
-34.537365,-26.591722,"mp-626566_[0, 0, 1].png"
12.3945,28.921225,"mp-2716273_[0, 0, 1].png"
-10.094764,-23.764425,"mp-1208447_[0, 0, 1].png"
-50.4421,3.66785,"mp-2716102_[0, 0, 1].png"
22.310062,2.8321555,"mp-680697_[0, 0, 1].png"
20.142809,28.532732,"mp-1404518_[0, 0, 1].png"
52.122658,23.785954,"mp-27367_[0, 0, 1].png"
17.643948,-23.747953,"mp-1044122_[0, 0, 1].png"
42.547768,-37.491184,"mp-755367_[0, 0, 1].png"
-12.624144,-2.3512764,"mp-1262955_[0, 0, 1].png"
25.21826,45.67183,"mp-16135_[0, 0, 1].png"
-24.705166,-9.9983015,"mp-1189863_[0, 0, 1].png"
-34.87144,1.8748547,"mp-773087_[0, 0, 1].png"
31.560633,14.40719,"mp-2714666_[0, 0, 1].png"
-21.476381,-0.36001658,"mp-1233321_[0, 0, 1].png"
-27.26422,40.167355,"mp-1202457_[0, 0, 1].png"
21.548563,-39.91134,"mp-995193_[0, 0, 1].png"
14.17073,41.95581,"mp-1226532_[0, 0, 1].png"
6.11328,55.852654,"mp-36940_[0, 0, 1].png"
48.82364,31.011822,"mp-2713592_[0, 0, 1].png"
-2.1278882,-27.366632,"mp-2713848_[0, 0, 1].png"
18.138466,-6.8062043,"mp-1245744_[0, 0, 1].png"
52.012314,-2.9786892,"mp-11520_[0, 0, 1].png"
2.2814286,-34.912014,"mp-766408_[0, 0, 1].png"
-18.333208,-1.9982353,"mp-1005690_[0, 0, 1].png"
-14.862928,52.280228,"mp-1219553_[0, 0, 1].png"
-39.46926,-39.786777,"mp-1075163_[0, 0, 1].png"
-6.530258,43.513996,"mp-1073630_[0, 0, 1].png"
42.489483,-6.0395455,"mp-696130_[0, 0, 1].png"
39.703476,37.037388,"mp-1266176_[0, 0, 1].png"
46.354286,-10.236008,"mp-7631_[0, 0, 1].png"
33.513443,-0.92138356,"mp-604120_[0, 0, 1].png"
-40.42393,-41.898865,"mp-1347342_[0, 0, 1].png"
15.114406,-8.198719,"mp-1199778_[0, 0, 1].png"
20.558964,-32.884743,"mp-774356_[0, 0, 1].png"
-33.284332,-39.88839,"mp-1255465_[0, 0, 1].png"
62.3681,9.563989,"mp-1210458_[0, 0, 1].png"
9.525743,-53.665176,"mp-1036569_[0, 0, 1].png"
20.993032,-25.016338,"mp-1103473_[0, 0, 1].png"
13.29846,-26.331648,"mp-3933_[0, 0, 1].png"
0.46099794,-15.933274,"mp-761568_[0, 0, 1].png"
-33.71682,22.240536,"mp-1096323_[0, 0, 1].png"
25.952448,43.496258,"mp-2713926_[0, 0, 1].png"
-41.54113,3.926714,"mp-1019714_[0, 0, 1].png"
-1.2544975,-15.822037,"mp-1256614_[0, 0, 1].png"
-9.4474325,-9.066372,"mp-568306_[0, 0, 1].png"
-15.547845,23.824635,"mp-998569_[0, 0, 1].png"
17.912401,35.379284,"mp-1025390_[0, 0, 1].png"
17.781748,37.976784,"mp-17771_[0, 0, 1].png"
-23.852333,31.597286,"mp-2716248_[0, 0, 1].png"
-38.27552,-3.3015878,"mp-677192_[0, 0, 1].png"
40.72528,-35.14962,"mp-995215_[0, 0, 1].png"
-0.40268096,47.253242,"mp-1184029_[0, 0, 1].png"
17.291285,-36.25262,"mp-768078_[0, 0, 1].png"
-27.465866,39.23945,"mp-557227_[0, 0, 1].png"
40.36547,35.675594,"mp-3179_[0, 0, 1].png"
35.775444,-27.12935,"mp-637030_[0, 0, 1].png"
48.69539,22.938944,"mp-1262161_[0, 0, 1].png"
45.22295,-10.416135,"mp-2713037_[0, 0, 1].png"
0.82203484,-48.96614,"mp-1020797_[0, 0, 1].png"
-11.880521,-27.83836,"mp-571288_[0, 0, 1].png"
8.635006,-21.0076,"mp-2715888_[0, 0, 1].png"
2.0558696,59.645622,"mp-8973_[0, 0, 1].png"
-32.050835,-1.3795277,"mp-1201353_[0, 0, 1].png"
1.959093,19.678087,"mp-696_[0, 0, 1].png"
-6.1960096,43.3976,"mp-3595_[0, 0, 1].png"
-51.594013,24.995203,"mp-631526_[0, 0, 1].png"
-54.82765,-11.383139,"mp-1229054_[0, 0, 1].png"
-25.256178,39.17134,"mp-746884_[0, 0, 1].png"
-32.445107,-34.824623,"mp-558828_[0, 0, 1].png"
-31.928232,2.5600884,"mp-1163936_[0, 0, 1].png"
47.943428,19.004986,"mp-1186401_[0, 0, 1].png"
-7.468361,-21.040543,"mp-2715552_[0, 0, 1].png"
6.9882255,-6.22643,"mp-849656_[0, 0, 1].png"
3.0314732,-56.331253,"mp-1106082_[0, 0, 1].png"
52.85708,-4.1536207,"mp-29515_[0, 0, 1].png"
-23.42349,36.45362,"mp-1009135_[0, 0, 1].png"
-8.784469,-34.15364,"mp-1225385_[0, 0, 1].png"
-30.931314,-22.835194,"mp-42264_[0, 0, 1].png"
-50.499516,19.962008,"mp-2714672_[0, 0, 1].png"
-1.3387177,-60.05698,"mp-5916_[0, 0, 1].png"
37.40936,28.565968,"mp-558025_[0, 0, 1].png"
11.793981,-30.20541,"mp-756582_[0, 0, 1].png"
-4.0130696,48.327843,"mp-2714904_[0, 0, 1].png"
24.93272,42.935963,"mp-684704_[0, 0, 1].png"
10.078241,-3.9098976,"mp-23887_[0, 0, 1].png"
25.619265,38.980934,"mp-8882_[0, 0, 1].png"
43.084713,-0.10348257,"mp-755492_[0, 0, 1].png"
-30.477476,16.245049,"mp-754743_[0, 0, 1].png"
15.38026,-4.029211,"mp-28989_[0, 0, 1].png"
-28.247686,35.392994,"mp-20526_[0, 0, 1].png"
51.795807,17.674562,"mp-1215253_[0, 0, 1].png"
-18.638834,39.727608,"mp-17694_[0, 0, 1].png"
-23.08534,-2.9360316,"mp-1209930_[0, 0, 1].png"
25.7158,-5.6413383,"mp-39542_[0, 0, 1].png"
14.32237,-29.61783,"mp-961713_[0, 0, 1].png"
55.060688,-8.5225315,"mp-642739_[0, 0, 1].png"
-63.013805,-13.624953,"mp-562613_[0, 0, 1].png"
-23.860973,49.85068,"mp-849759_[0, 0, 1].png"
-4.373681,-10.408404,"mp-752767_[0, 0, 1].png"
-61.694233,-7.5982366,"mp-2712808_[0, 0, 1].png"
-34.38167,-32.22507,"mp-1227210_[0, 0, 1].png"
44.72391,-34.346367,"mp-1043346_[0, 0, 1].png"
-47.83426,20.605661,"mp-1220824_[0, 0, 1].png"
17.554337,-8.612831,"mp-505206_[0, 0, 1].png"
-18.974403,2.0157266,"mp-1196075_[0, 0, 1].png"
17.87359,-31.874828,"mp-1206359_[0, 0, 1].png"
-16.858038,-6.3064804,"mp-1218410_[0, 0, 1].png"
12.142418,-1.4210303,"mp-1040898_[0, 0, 1].png"
-6.92017,13.091548,"mp-2714213_[0, 0, 1].png"
-13.675665,-36.19421,"mp-2714320_[0, 0, 1].png"
-8.915637,4.681572,"mp-673126_[0, 0, 1].png"
41.252804,21.009335,"mp-20645_[0, 0, 1].png"
-1.216542,-26.058224,"mp-22965_[0, 0, 1].png"
3.786738,51.372753,"mp-1202967_[0, 0, 1].png"
27.767408,-40.944115,"mp-23326_[0, 0, 1].png"
32.752254,0.8305993,"mp-1218418_[0, 0, 1].png"
-15.370847,43.711727,"mp-2715332_[0, 0, 1].png"
-16.721027,58.736507,"mp-555508_[0, 0, 1].png"
20.238504,26.658266,"mp-1220240_[0, 0, 1].png"
-41.68025,-22.488855,"mp-10334_[0, 0, 1].png"
-8.58948,-22.24933,"mp-1216330_[0, 0, 1].png"
-20.79806,43.371315,"mp-8122_[0, 0, 1].png"
-26.657211,44.822704,"mp-555342_[0, 0, 1].png"
-11.156654,-30.43121,"mp-558458_[0, 0, 1].png"
63.123493,8.5180435,"mp-1193269_[0, 0, 1].png"
1.5699422,11.105741,"mp-2714545_[0, 0, 1].png"
-2.1082869,-18.284557,"mp-2714944_[0, 0, 1].png"
54.538372,-2.2317336,"mp-756090_[0, 0, 1].png"
9.09229,-29.747581,"mp-1200227_[0, 0, 1].png"
4.134982,-55.697483,"mp-2714829_[0, 0, 1].png"
53.17874,3.9316113,"mp-2715003_[0, 0, 1].png"
43.48263,-30.606623,"mp-35795_[0, 0, 1].png"
36.146263,25.851242,"mp-1256664_[0, 0, 1].png"
57.504375,8.827422,"mp-10443_[0, 0, 1].png"
37.142483,-18.981483,"mp-10155_[0, 0, 1].png"
43.588818,17.735003,"mp-2712904_[0, 0, 1].png"
-0.2805504,38.62284,"mp-2715339_[0, 0, 1].png"
6.7524967,-6.584831,"mp-19896_[0, 0, 1].png"
-11.018843,9.016425,"mp-550593_[0, 0, 1].png"
23.699556,4.5902376,"mp-26974_[0, 0, 1].png"
0.21152034,35.694077,"mp-1193673_[0, 0, 1].png"
15.071424,25.394894,"mp-774666_[0, 0, 1].png"
-3.6989305,10.654312,"mp-18244_[0, 0, 1].png"
-13.637351,0.35225302,"mp-1043759_[0, 0, 1].png"
43.61529,36.315315,"mp-2715938_[0, 0, 1].png"
41.960785,38.213974,"mp-638033_[0, 0, 1].png"
36.946346,37.298946,"mp-1222125_[0, 0, 1].png"
27.537443,8.102734,"mp-2713594_[0, 0, 1].png"
-9.483546,-9.967699,"mp-1046661_[0, 0, 1].png"
-4.5921903,17.925297,"mp-865838_[0, 0, 1].png"
-32.519962,-26.54882,"mp-1154587_[0, 0, 1].png"
15.333785,28.44401,"mp-568328_[0, 0, 1].png"
-23.521597,3.0246909,"mp-765725_[0, 0, 1].png"
-22.279024,0.07658064,"mp-2716378_[0, 0, 1].png"
-6.482097,7.43729,"mp-29946_[0, 0, 1].png"
-18.806658,-3.439867,"mp-1204356_[0, 0, 1].png"
2.8255682,45.9409,"mp-978510_[0, 0, 1].png"
-11.984707,7.5201445,"mp-2245_[0, 0, 1].png"
11.280406,-31.145927,"mp-5012_[0, 0, 1].png"
0.23447903,-43.436092,"mp-1019595_[0, 0, 1].png"
9.363241,-51.782494,"mp-1100447_[0, 0, 1].png"
22.074566,43.61353,"mp-2715458_[0, 0, 1].png"
2.3264298,-57.18234,"mp-557027_[0, 0, 1].png"
23.16367,41.77162,"mp-753821_[0, 0, 1].png"
20.519386,-41.13483,"mp-2713172_[0, 0, 1].png"
41.639076,30.22146,"mp-758615_[0, 0, 1].png"
-30.530214,2.278138,"mp-2712870_[0, 0, 1].png"
51.450165,-12.952277,"mp-1037665_[0, 0, 1].png"
-40.94684,2.5841243,"mp-2715771_[0, 0, 1].png"
3.021571,-38.075787,"mp-1204533_[0, 0, 1].png"
32.816273,9.579849,"mp-1074998_[0, 0, 1].png"
40.23644,-36.105507,"mp-2714705_[0, 0, 1].png"
1.7209309,-53.120266,"mp-3167_[0, 0, 1].png"
28.09425,18.868238,"mp-16241_[0, 0, 1].png"
-16.137236,48.229942,"mp-625054_[0, 0, 1].png"
3.1200826,-4.3770633,"mp-8880_[0, 0, 1].png"
-1.6607878,13.1240635,"mp-2713992_[0, 0, 1].png"
-21.909756,58.41652,"mp-1208612_[0, 0, 1].png"
26.59767,-0.91151893,"mp-754215_[0, 0, 1].png"
-37.46291,-30.47648,"mp-1044091_[0, 0, 1].png"
10.8100395,32.8011,"mp-1227137_[0, 0, 1].png"
-54.825554,-17.86115,"mp-1026882_[0, 0, 1].png"
7.832194,51.328064,"mp-757865_[0, 0, 1].png"
5.951418,-65.26917,"mp-1217346_[0, 0, 1].png"
-13.424992,-33.988506,"mp-21371_[0, 0, 1].png"
-47.338318,3.7173393,"mp-554515_[0, 0, 1].png"
13.485942,23.771143,"mp-8062_[0, 0, 1].png"
22.97788,45.049133,"mp-6947_[0, 0, 1].png"
1.35439,-38.53112,"mp-1106183_[0, 0, 1].png"
21.31385,-32.17762,"mp-697618_[0, 0, 1].png"
45.81079,-4.218884,"mp-8084_[0, 0, 1].png"
-12.56105,-40.17401,"mp-534953_[0, 0, 1].png"
-19.608082,45.714138,"mp-1345_[0, 0, 1].png"
-37.760002,3.6232476,"mp-34_[0, 0, 1].png"
5.4556994,-63.400196,"mp-1044185_[0, 0, 1].png"
-3.2017956,15.089968,"mp-777652_[0, 0, 1].png"
-3.0372689,15.313071,"mp-558491_[0, 0, 1].png"
-16.755482,58.635235,"mp-1096637_[0, 0, 1].png"
-36.94958,31.79217,"mp-625927_[0, 0, 1].png"
-34.099483,-27.873228,"mp-11131_[0, 0, 1].png"
-28.785955,-32.7649,"mp-1222823_[0, 0, 1].png"
-20.022476,-13.013221,"mp-1389247_[0, 0, 1].png"
-48.77583,-21.876741,"mp-6480_[0, 0, 1].png"
24.076927,5.584917,"mp-553993_[0, 0, 1].png"
63.32294,8.239919,"mp-5710_[0, 0, 1].png"
44.996338,8.503011,"mp-1197294_[0, 0, 1].png"
13.862534,-15.432715,"mp-1194432_[0, 0, 1].png"
-1.0400761,-23.737078,"mp-1197256_[0, 0, 1].png"
35.96907,-19.122423,"mp-558407_[0, 0, 1].png"
23.280756,-12.376426,"mp-28195_[0, 0, 1].png"
13.209242,26.928478,"mp-1073003_[0, 0, 1].png"
20.970245,-33.117638,"mp-1197149_[0, 0, 1].png"
-15.570953,42.824337,"mp-1208518_[0, 0, 1].png"
33.60621,9.829607,"mp-2716205_[0, 0, 1].png"
-46.01883,-17.947578,"mp-1234472_[0, 0, 1].png"
44.083168,-37.148876,"mp-20083_[0, 0, 1].png"
-46.881138,23.304224,"mp-1262925_[0, 0, 1].png"
-22.413933,25.476446,"mp-4152_[0, 0, 1].png"
10.390886,-24.613894,"mp-20700_[0, 0, 1].png"
45.02527,1.6146119,"mp-1002124_[0, 0, 1].png"
-42.54113,-17.395899,"mp-585516_[0, 0, 1].png"
-10.132861,24.342037,"mp-757954_[0, 0, 1].png"
44.813602,34.154102,"mp-2215900_[0, 0, 1].png"
18.530678,42.196255,"mp-2227821_[0, 0, 1].png"
5.6733403,-51.39235,"mp-29564_[0, 0, 1].png"
50.086952,18.850876,"mp-1217534_[0, 0, 1].png"
32.534016,14.647913,"mp-2716138_[0, 0, 1].png"
49.395443,22.81559,"mp-755685_[0, 0, 1].png"
22.70144,-45.18911,"mp-14288_[0, 0, 1].png"
13.080503,-14.13419,"mp-2714358_[0, 0, 1].png"
-36.338795,-40.869804,"mp-1219965_[0, 0, 1].png"
24.01324,36.421852,"mp-1022054_[0, 0, 1].png"
36.49508,-18.51953,"mp-769310_[0, 0, 1].png"
-23.189493,-24.176195,"mp-1187005_[0, 0, 1].png"
-59.309834,-4.6296573,"mp-546007_[0, 0, 1].png"
20.509533,-40.124573,"mp-6124_[0, 0, 1].png"
-5.1131268,9.370203,"mp-10435_[0, 0, 1].png"
-3.0895557,-50.7932,"mp-1013899_[0, 0, 1].png"
16.854551,39.967064,"mp-752917_[0, 0, 1].png"
33.44568,-20.810595,"mp-1245364_[0, 0, 1].png"
30.673786,-25.168613,"mp-10529_[0, 0, 1].png"
38.77917,34.20793,"mp-1225897_[0, 0, 1].png"
13.048541,-0.5055875,"mp-1224428_[0, 0, 1].png"
16.106129,-35.44879,"mp-757203_[0, 0, 1].png"
-29.88536,-41.203335,"mp-1073929_[0, 0, 1].png"
49.97878,-12.160691,"mp-1043471_[0, 0, 1].png"
29.462088,-40.442623,"mp-728328_[0, 0, 1].png"
-8.455441,-33.081738,"mp-9203_[0, 0, 1].png"
-46.802814,18.847677,"mp-23934_[0, 0, 1].png"
-0.75546616,50.438118,"mp-2713049_[0, 0, 1].png"
-17.48047,-49.56336,"mp-1198547_[0, 0, 1].png"
-37.050896,-41.144703,"mp-554570_[0, 0, 1].png"
40.471313,-27.171976,"mp-2712774_[0, 0, 1].png"
-3.3851562,35.79346,"mp-1223930_[0, 0, 1].png"
1.233278,61.541977,"mp-1647864_[0, 0, 1].png"
24.256596,12.103427,"mp-638590_[0, 0, 1].png"
34.542744,6.8404737,"mp-17229_[0, 0, 1].png"
-25.174557,-8.334206,"mp-1044241_[0, 0, 1].png"
-31.644585,14.4892845,"mp-863416_[0, 0, 1].png"
-39.765343,-20.306705,"mp-2715419_[0, 0, 1].png"
-11.367717,-37.999912,"mp-2713398_[0, 0, 1].png"
-16.12667,-25.978794,"mp-1047724_[0, 0, 1].png"
-31.511751,-38.144623,"mp-2714948_[0, 0, 1].png"
46.0984,-10.83015,"mp-775761_[0, 0, 1].png"
-24.322657,36.906895,"mp-558115_[0, 0, 1].png"
45.950356,-28.40839,"mp-6440_[0, 0, 1].png"
8.273828,28.18614,"mp-1234153_[0, 0, 1].png"
-16.334637,-35.58265,"mp-752960_[0, 0, 1].png"
62.12281,8.8851795,"mp-1210815_[0, 0, 1].png"
6.9929013,46.678734,"mp-2715519_[0, 0, 1].png"
-37.84006,-30.950672,"mp-27851_[0, 0, 1].png"
-11.543147,5.766401,"mp-766938_[0, 0, 1].png"
-19.178268,37.77282,"mp-2716315_[0, 0, 1].png"
38.51854,36.90001,"mp-541249_[0, 0, 1].png"
11.250725,26.03538,"mp-758216_[0, 0, 1].png"
-15.998339,22.213455,"mp-1202504_[0, 0, 1].png"
-13.421067,5.5448956,"mp-19314_[0, 0, 1].png"
24.584766,-43.464924,"mp-556850_[0, 0, 1].png"
-52.279495,-18.26067,"mp-2713375_[0, 0, 1].png"
-34.524723,-25.59999,"mp-6875_[0, 0, 1].png"
4.8550396,51.88286,"mp-2715307_[0, 0, 1].png"
-18.108562,-8.530255,"mp-22038_[0, 0, 1].png"
-20.610804,-12.131841,"mp-1206169_[0, 0, 1].png"
2.054445,24.013605,"mp-2714343_[0, 0, 1].png"
8.541282,31.476475,"mp-1045579_[0, 0, 1].png"
31.195303,8.599072,"mp-1203760_[0, 0, 1].png"
29.03377,7.5636773,"mp-1043702_[0, 0, 1].png"
51.17437,28.007904,"mp-2716491_[0, 0, 1].png"
15.741651,18.951681,"mp-2714648_[0, 0, 1].png"
37.384502,37.888317,"mp-9984_[0, 0, 1].png"
-24.668783,-5.2839932,"mp-41219_[0, 0, 1].png"
56.11977,3.4838574,"mp-2713225_[0, 0, 1].png"
2.017249,24.50396,"mp-774191_[0, 0, 1].png"
25.808298,7.39912,"mp-556679_[0, 0, 1].png"
47.811375,-6.6395907,"mp-19234_[0, 0, 1].png"
-59.234837,-18.373755,"mp-768152_[0, 0, 1].png"
-29.253763,13.009641,"mp-1009733_[0, 0, 1].png"
-0.7622327,-63.316036,"mp-762018_[0, 0, 1].png"
44.975037,21.131456,"mp-1247410_[0, 0, 1].png"
-9.504618,-10.697744,"mp-1025523_[0, 0, 1].png"
-34.052258,24.863325,"mp-4653_[0, 0, 1].png"
52.914852,2.0812342,"mp-1249484_[0, 0, 1].png"
2.98385,19.863491,"mp-17468_[0, 0, 1].png"
18.501556,9.072534,"mp-22426_[0, 0, 1].png"
43.172043,-32.88203,"mp-28096_[0, 0, 1].png"
22.95717,39.060844,"mp-1222482_[0, 0, 1].png"
16.229431,-24.924738,"mp-1075570_[0, 0, 1].png"
-46.1404,8.384754,"mp-991652_[0, 0, 1].png"
-8.230469,23.170511,"mp-1102430_[0, 0, 1].png"
-16.343185,-42.11602,"mp-551740_[0, 0, 1].png"
-11.4212,-37.630913,"mp-36100_[0, 0, 1].png"
21.228933,7.2084184,"mp-1228612_[0, 0, 1].png"
-31.173157,-26.285378,"mp-1020163_[0, 0, 1].png"
15.448906,-13.727355,"mp-1077126_[0, 0, 1].png"
-18.679932,3.165889,"mp-9023_[0, 0, 1].png"
-36.352627,-42.13115,"mp-3390_[0, 0, 1].png"
17.335623,40.622643,"mp-1246816_[0, 0, 1].png"
-34.011135,-28.554565,"mp-1075796_[0, 0, 1].png"
-49.75989,26.902376,"mp-2712646_[0, 0, 1].png"
-23.3848,-26.605247,"mp-4533_[0, 0, 1].png"
-7.6595063,10.228401,"mp-759690_[0, 0, 1].png"
-16.696653,-1.5254998,"mp-2712936_[0, 0, 1].png"
-27.290588,-23.670052,"mp-777233_[0, 0, 1].png"
-47.78514,22.628023,"mp-1100415_[0, 0, 1].png"
17.05099,41.983253,"mp-2712571_[0, 0, 1].png"
35.179432,-18.158571,"mp-13774_[0, 0, 1].png"
-49.925957,-19.71091,"mp-1073268_[0, 0, 1].png"
-12.064792,-30.338495,"mp-1202994_[0, 0, 1].png"
4.036245,31.083681,"mp-1250597_[0, 0, 1].png"
28.03335,8.113518,"mp-2713705_[0, 0, 1].png"
-17.24023,-44.95755,"mp-2712721_[0, 0, 1].png"
38.73015,31.08669,"mp-761711_[0, 0, 1].png"
4.78253,56.64794,"mp-1194828_[0, 0, 1].png"
32.334595,-18.850637,"mp-2712910_[0, 0, 1].png"
17.63488,45.073895,"mp-2713840_[0, 0, 1].png"
-30.412342,-27.40194,"mp-2714349_[0, 0, 1].png"
25.096142,4.4950004,"mp-1074472_[0, 0, 1].png"
14.291114,-21.8422,"mp-760386_[0, 0, 1].png"
-16.279688,19.139523,"mp-771304_[0, 0, 1].png"
-16.498804,52.067787,"mp-1264233_[0, 0, 1].png"
-2.4927294,23.489523,"mp-1210899_[0, 0, 1].png"
-6.7743096,8.735862,"mp-9710_[0, 0, 1].png"
-26.087866,-5.3869333,"mp-1235061_[0, 0, 1].png"
26.793736,12.950632,"mp-1074549_[0, 0, 1].png"
-22.725687,2.2330813,"mp-2714286_[0, 0, 1].png"
-63.423565,-5.9386683,"mp-759383_[0, 0, 1].png"
3.5348902,23.539291,"mp-849790_[0, 0, 1].png"
1.0559403,22.87982,"mp-2713395_[0, 0, 1].png"
-24.620035,-29.520401,"mp-2715820_[0, 0, 1].png"
1.6034418,-56.30937,"mp-1021484_[0, 0, 1].png"
-5.077197,-7.184218,"mp-1074228_[0, 0, 1].png"
11.945227,24.046951,"mp-2716230_[0, 0, 1].png"
-14.371707,34.921967,"mp-626721_[0, 0, 1].png"
-33.83531,-7.5538254,"mp-1195518_[0, 0, 1].png"
3.5768337,1.534656,"mp-1223846_[0, 0, 1].png"
-3.5563595,20.42874,"mp-2715818_[0, 0, 1].png"
-42.533524,21.495277,"mp-1225517_[0, 0, 1].png"
-35.792755,18.809532,"mp-555182_[0, 0, 1].png"
13.090114,-23.381008,"mp-17791_[0, 0, 1].png"
28.992659,11.600588,"mp-1207472_[0, 0, 1].png"
-42.14281,-20.965904,"mp-1218127_[0, 0, 1].png"
-18.581923,31.852192,"mp-34508_[0, 0, 1].png"
6.569145,59.249187,"mp-866650_[0, 0, 1].png"
13.939455,-6.549768,"mp-542613_[0, 0, 1].png"
-27.032497,53.842834,"mp-2712624_[0, 0, 1].png"
-2.2704844,47.627594,"mp-560805_[0, 0, 1].png"
-6.3994327,-22.515718,"mp-1392236_[0, 0, 1].png"
22.566448,32.814285,"mp-16988_[0, 0, 1].png"
4.1123343,5.694137,"mp-551135_[0, 0, 1].png"
35.678867,-24.3656,"mp-673849_[0, 0, 1].png"
-22.641739,-13.14603,"mp-1190061_[0, 0, 1].png"
36.515926,37.91657,"mp-1246712_[0, 0, 1].png"
11.465744,-54.92961,"mp-2714699_[0, 0, 1].png"
4.315806,-7.4246726,"mp-757544_[0, 0, 1].png"
-0.15583235,9.445858,"mp-2714533_[0, 0, 1].png"
4.0686555,-64.58809,"mp-674948_[0, 0, 1].png"
6.923724,-56.75304,"mp-764074_[0, 0, 1].png"
-0.75487775,39.68347,"mp-1105397_[0, 0, 1].png"
-10.105755,-36.44879,"mp-1196057_[0, 0, 1].png"
0.7438547,-44.2874,"mp-19752_[0, 0, 1].png"
5.565449,-44.98979,"mp-1208705_[0, 0, 1].png"
-50.946907,24.741385,"mp-1043512_[0, 0, 1].png"
22.437918,-12.480632,"mp-1217278_[0, 0, 1].png"
-8.703565,-11.090185,"mp-4174_[0, 0, 1].png"
-17.036627,23.6352,"mp-5513_[0, 0, 1].png"
-30.872927,-28.120562,"mp-600026_[0, 0, 1].png"
-32.149387,-40.339787,"mp-2713222_[0, 0, 1].png"
20.616121,-34.665905,"mp-775185_[0, 0, 1].png"
-14.823844,7.812437,"mp-1228270_[0, 0, 1].png"
-24.272238,-2.166314,"mp-29117_[0, 0, 1].png"
16.811583,-5.674933,"mp-6667_[0, 0, 1].png"
-0.2590841,1.2958406,"mp-2714327_[0, 0, 1].png"
30.783451,-1.1100093,"mp-29560_[0, 0, 1].png"
20.28511,-25.20231,"mp-677103_[0, 0, 1].png"
15.439134,-7.3259487,"mp-1045790_[0, 0, 1].png"
-4.1076236,-8.314727,"mp-1248487_[0, 0, 1].png"
40.83143,-33.121002,"mp-5350_[0, 0, 1].png"
-61.301655,-8.80755,"mp-2716268_[0, 0, 1].png"
-3.5039334,-56.003998,"mp-1221151_[0, 0, 1].png"
24.179546,-44.58953,"mp-2714756_[0, 0, 1].png"
6.2564583,-56.48579,"mp-2716171_[0, 0, 1].png"
11.755602,20.734402,"mp-973668_[0, 0, 1].png"
-21.037716,44.931957,"mp-37091_[0, 0, 1].png"
-42.909092,1.59854,"mp-1206521_[0, 0, 1].png"
-49.572227,30.803408,"mp-560641_[0, 0, 1].png"
23.662695,2.441187,"mp-560025_[0, 0, 1].png"
8.354976,-58.344715,"mp-764452_[0, 0, 1].png"
32.653946,9.739275,"mp-2715373_[0, 0, 1].png"
-39.64371,0.31924796,"mp-1225466_[0, 0, 1].png"
31.86493,-15.887813,"mp-1223609_[0, 0, 1].png"
-35.559658,-7.980878,"mp-18655_[0, 0, 1].png"
46.92681,-3.5698686,"mp-2712714_[0, 0, 1].png"
-40.22808,-1.5554564,"mp-22386_[0, 0, 1].png"
14.082738,-3.621021,"mp-2713154_[0, 0, 1].png"
-2.2548232,-61.065884,"mp-1073470_[0, 0, 1].png"
21.518206,35.725426,"mp-555147_[0, 0, 1].png"
-4.0686693,36.88599,"mp-1192646_[0, 0, 1].png"
-22.267353,4.2581677,"mp-567313_[0, 0, 1].png"
-4.2065024,-29.6112,"mp-1248937_[0, 0, 1].png"
61.732773,8.522363,"mp-2715071_[0, 0, 1].png"
31.628113,-26.339293,"mp-755205_[0, 0, 1].png"
21.167303,36.54321,"mp-1245870_[0, 0, 1].png"
31.678186,15.911497,"mp-571281_[0, 0, 1].png"
11.802648,-28.5612,"mp-1221263_[0, 0, 1].png"
-59.42254,-11.456725,"mp-2713145_[0, 0, 1].png"
-30.26772,-37.54618,"mp-1105570_[0, 0, 1].png"
-45.12981,-0.10455912,"mp-570598_[0, 0, 1].png"
-48.585934,21.475914,"mp-754071_[0, 0, 1].png"
18.809685,-11.566316,"mp-1073035_[0, 0, 1].png"
48.450405,17.212788,"mp-4497_[0, 0, 1].png"
38.646652,-9.570051,"mp-1217636_[0, 0, 1].png"
-10.603683,1.6336689,"mp-1031157_[0, 0, 1].png"
24.617779,-10.819449,"mp-677378_[0, 0, 1].png"
0.19507836,-40.188263,"mp-1106020_[0, 0, 1].png"
-2.5777326,45.419327,"mp-534982_[0, 0, 1].png"
0.35012215,1.2116,"mp-2716025_[0, 0, 1].png"
2.7998018,-34.843334,"mp-39144_[0, 0, 1].png"
-57.566353,-13.357044,"mp-759216_[0, 0, 1].png"
43.28455,16.017828,"mp-540934_[0, 0, 1].png"
17.919674,-37.719337,"mp-1221117_[0, 0, 1].png"
-31.848804,-29.87995,"mp-1214310_[0, 0, 1].png"
-23.279686,37.418488,"mp-2715875_[0, 0, 1].png"
12.1487665,-6.72815,"mp-754949_[0, 0, 1].png"
-3.0278366,7.9748225,"mp-554199_[0, 0, 1].png"
-1.1127008,11.695507,"mp-3432_[0, 0, 1].png"
48.644245,24.099087,"mp-759764_[0, 0, 1].png"
-18.734108,0.8263222,"mp-1199476_[0, 0, 1].png"
31.06007,0.21487528,"mp-22607_[0, 0, 1].png"
46.43717,-8.430695,"mp-2714203_[0, 0, 1].png"
51.142975,-7.635931,"mp-1201477_[0, 0, 1].png"
-21.222376,42.287006,"mp-11769_[0, 0, 1].png"
5.510351,17.852663,"mp-10413_[0, 0, 1].png"
-34.42102,-45.762165,"mp-2715884_[0, 0, 1].png"
-14.667676,4.5407124,"mp-2714919_[0, 0, 1].png"
0.13193946,-42.73876,"mp-2712953_[0, 0, 1].png"
61.249294,7.5029044,"mp-1170750_[0, 0, 1].png"
-22.748543,38.85706,"mp-758998_[0, 0, 1].png"
-29.665413,-28.946045,"mp-642228_[0, 0, 1].png"
-14.628837,39.17066,"mp-1100449_[0, 0, 1].png"
3.9043376,21.081434,"mp-3996_[0, 0, 1].png"
51.023376,1.8481492,"mp-2715732_[0, 0, 1].png"
-12.462531,-30.57506,"mp-23656_[0, 0, 1].png"
28.669123,4.120568,"mp-18037_[0, 0, 1].png"
-31.68729,-3.9562347,"mp-1235978_[0, 0, 1].png"
-35.889595,4.124132,"mp-604153_[0, 0, 1].png"
-18.888237,34.7524,"mp-556489_[0, 0, 1].png"
-1.748114,-48.162193,"mp-1228673_[0, 0, 1].png"
15.442465,7.194674,"mp-559053_[0, 0, 1].png"
-43.97,-1.9967463,"mp-9870_[0, 0, 1].png"
18.073109,-29.985256,"mp-6628_[0, 0, 1].png"
-19.646786,53.982433,"mp-695592_[0, 0, 1].png"
-0.10873436,-9.972374,"mp-1246430_[0, 0, 1].png"
-6.5570874,6.037821,"mp-556740_[0, 0, 1].png"
11.947642,-55.514145,"mp-2714038_[0, 0, 1].png"
0.3787902,12.864244,"mp-1219439_[0, 0, 1].png"
6.4532733,-47.32301,"mp-1245962_[0, 0, 1].png"
-4.695831,-6.6086845,"mp-1216468_[0, 0, 1].png"
-32.685715,16.692839,"mp-1019806_[0, 0, 1].png"
-30.799273,36.61423,"mp-557308_[0, 0, 1].png"
39.923397,-23.370863,"mp-1038016_[0, 0, 1].png"
6.610547,-56.81755,"mp-1221787_[0, 0, 1].png"
38.101353,-32.71752,"mp-556788_[0, 0, 1].png"
1.2421606,-58.739826,"mp-2715696_[0, 0, 1].png"
43.242607,27.930466,"mp-2715249_[0, 0, 1].png"
-63.837753,-11.614322,"mp-849525_[0, 0, 1].png"
-12.870884,-40.017235,"mp-2714933_[0, 0, 1].png"
-43.510773,8.619102,"mp-510529_[0, 0, 1].png"
4.8093457,19.788694,"mp-2715111_[0, 0, 1].png"
-29.29247,16.14984,"mp-1074924_[0, 0, 1].png"
-27.397392,39.31332,"mp-1211587_[0, 0, 1].png"
9.332814,-3.972834,"mp-626066_[0, 0, 1].png"
42.03584,32.41056,"mp-18163_[0, 0, 1].png"
61.018055,7.995293,"mp-2716388_[0, 0, 1].png"
7.2941213,46.79834,"mp-860959_[0, 0, 1].png"
39.70313,-35.529816,"mp-22993_[0, 0, 1].png"
-5.869154,23.803518,"mp-28377_[0, 0, 1].png"
4.317643,62.454876,"mp-1041992_[0, 0, 1].png"
-26.21162,52.836777,"mp-4481_[0, 0, 1].png"
-19.503433,51.12103,"mp-22736_[0, 0, 1].png"
3.796027,52.871098,"mp-675363_[0, 0, 1].png"
-39.20439,-20.064098,"mp-753611_[0, 0, 1].png"
-16.383688,-51.6551,"mp-22988_[0, 0, 1].png"
-9.509558,-10.318355,"mp-755483_[0, 0, 1].png"
39.836315,-19.486422,"mp-634812_[0, 0, 1].png"
12.791848,-9.213475,"mp-1211834_[0, 0, 1].png"
-10.778103,-28.905954,"mp-2230486_[0, 0, 1].png"
6.8992662,56.8291,"mp-1203710_[0, 0, 1].png"
-3.8075602,44.984863,"mp-37405_[0, 0, 1].png"
-39.64835,-42.817837,"mp-780734_[0, 0, 1].png"
46.291378,20.40899,"mp-861563_[0, 0, 1].png"
-32.149563,-25.194336,"mp-1078225_[0, 0, 1].png"
-2.8930137,37.795345,"mp-2713734_[0, 0, 1].png"
-45.99089,-20.753042,"mp-1216927_[0, 0, 1].png"
-1.3086114,-54.51623,"mp-1035536_[0, 0, 1].png"
-5.539288,-15.841171,"mp-761390_[0, 0, 1].png"
-13.671947,-42.179653,"mp-570657_[0, 0, 1].png"
-2.4558675,56.52282,"mp-8704_[0, 0, 1].png"
-28.465328,-28.860577,"mp-29989_[0, 0, 1].png"
42.22337,-6.830141,"mp-860880_[0, 0, 1].png"
37.928814,-12.874951,"mp-642831_[0, 0, 1].png"
-20.202473,2.1031709,"mp-1074856_[0, 0, 1].png"
33.82668,-15.481095,"mp-2713689_[0, 0, 1].png"
-8.034033,-9.616464,"mp-16996_[0, 0, 1].png"
41.430088,35.430233,"mp-561011_[0, 0, 1].png"
14.036194,-31.190752,"mp-570693_[0, 0, 1].png"
38.115685,36.96217,"mp-2712949_[0, 0, 1].png"
-37.88399,-39.36691,"mp-1173829_[0, 0, 1].png"
-6.1622567,38.47986,"mp-19967_[0, 0, 1].png"
-3.6472926,-18.113718,"mp-2714509_[0, 0, 1].png"
19.503923,-34.822548,"mp-1217242_[0, 0, 1].png"
-31.780287,-0.7641282,"mp-1221515_[0, 0, 1].png"
-58.916714,-4.934681,"mp-758372_[0, 0, 1].png"
8.778622,1.562654,"mp-38117_[0, 0, 1].png"
-24.6255,28.973095,"mp-1046724_[0, 0, 1].png"
9.166947,-22.441498,"mp-1043751_[0, 0, 1].png"
-44.896408,-1.1815327,"mp-643941_[0, 0, 1].png"
-34.77824,-30.560312,"mp-1019508_[0, 0, 1].png"
8.346685,2.1749604,"mp-6257_[0, 0, 1].png"
-1.5489641,-58.14056,"mp-1019552_[0, 0, 1].png"
-7.3860316,-31.1902,"mp-557391_[0, 0, 1].png"
-4.403211,21.228144,"mp-14864_[0, 0, 1].png"
-6.103215,-19.074688,"mp-29060_[0, 0, 1].png"
-47.653694,29.509567,"mp-755603_[0, 0, 1].png"
53.726948,20.21525,"mp-2715450_[0, 0, 1].png"
8.623389,33.133198,"mp-1037670_[0, 0, 1].png"
34.56054,5.663755,"mp-23778_[0, 0, 1].png"
-38.921997,-35.721466,"mp-1073876_[0, 0, 1].png"
-2.2631538,-60.28126,"mp-2714099_[0, 0, 1].png"
40.73647,-7.0431595,"mp-1219959_[0, 0, 1].png"
27.47544,-13.2174425,"mp-2716262_[0, 0, 1].png"
-45.460945,23.533007,"mp-5709_[0, 0, 1].png"
-34.326145,-1.8341968,"mp-1190095_[0, 0, 1].png"
-40.06387,1.9636904,"mp-1073587_[0, 0, 1].png"
30.025354,-21.39896,"mp-1023336_[0, 0, 1].png"
9.233616,-45.37623,"mp-1044402_[0, 0, 1].png"
-14.55741,20.175117,"mp-18968_[0, 0, 1].png"
38.22644,-13.096096,"mp-2715905_[0, 0, 1].png"
44.6934,17.379393,"mp-2230316_[0, 0, 1].png"
11.884888,-29.493347,"mp-1044790_[0, 0, 1].png"
1.6495899,1.0040567,"mp-1190904_[0, 0, 1].png"
-16.008938,5.056889,"mp-17291_[0, 0, 1].png"
-45.135426,28.00777,"mp-13572_[0, 0, 1].png"
-2.0828881,14.933682,"mp-4690_[0, 0, 1].png"
41.20574,40.189247,"mp-1222720_[0, 0, 1].png"
39.828217,23.694687,"mp-758131_[0, 0, 1].png"
26.77624,-38.17385,"mp-33508_[0, 0, 1].png"
58.31001,2.5321984,"mp-20588_[0, 0, 1].png"
20.492687,27.375814,"mp-757101_[0, 0, 1].png"
1.0652531,-37.32787,"mp-30460_[0, 0, 1].png"
23.691433,39.866493,"mp-1043495_[0, 0, 1].png"
-18.06098,-41.977238,"mp-753494_[0, 0, 1].png"
4.111185,43.826443,"mp-1223824_[0, 0, 1].png"
37.468594,41.236984,"mp-3519_[0, 0, 1].png"
-0.46475446,-44.75721,"mp-1219863_[0, 0, 1].png"
50.185467,-2.150121,"mp-1044615_[0, 0, 1].png"
-28.833597,-20.473904,"mp-1218879_[0, 0, 1].png"
-36.94744,-41.92466,"mp-1205534_[0, 0, 1].png"
-24.29321,-29.96688,"mp-2713639_[0, 0, 1].png"
8.093236,-10.332857,"mp-1234904_[0, 0, 1].png"
-35.52174,-45.545753,"mp-1196749_[0, 0, 1].png"
-11.888985,-29.482107,"mp-1207982_[0, 0, 1].png"
25.729229,17.176193,"mp-556013_[0, 0, 1].png"
-31.985718,-45.368828,"mp-685991_[0, 0, 1].png"
-2.6526914,45.04236,"mp-1281584_[0, 0, 1].png"
20.875692,2.3241708,"mp-558269_[0, 0, 1].png"
-4.156743,16.956507,"mp-1074835_[0, 0, 1].png"
-14.706825,-3.8507233,"mp-1255288_[0, 0, 1].png"
-24.654112,50.30541,"mp-10615_[0, 0, 1].png"
8.514103,34.58462,"mp-2713631_[0, 0, 1].png"
37.273693,-27.782394,"mp-1215939_[0, 0, 1].png"
-55.351463,-5.013037,"mp-600031_[0, 0, 1].png"
-38.915295,-30.089918,"mp-28128_[0, 0, 1].png"
47.59368,-29.155977,"mp-766711_[0, 0, 1].png"
-47.35913,-21.63614,"mp-14235_[0, 0, 1].png"
3.1880026,53.56542,"mp-1216126_[0, 0, 1].png"
-34.336422,-8.095286,"mp-6255_[0, 0, 1].png"
-48.821518,-23.6003,"mp-2715351_[0, 0, 1].png"
-25.524723,43.400246,"mp-1073638_[0, 0, 1].png"
-25.879765,31.618227,"mp-27699_[0, 0, 1].png"
-15.698142,1.9196293,"mp-1097171_[0, 0, 1].png"
-15.402354,5.8825893,"mp-1172399_[0, 0, 1].png"
-50.699646,29.240234,"mp-1178612_[0, 0, 1].png"
40.686268,-36.795,"mp-976280_[0, 0, 1].png"
-2.3697627,50.811684,"mp-632480_[0, 0, 1].png"
-45.904694,26.106297,"mp-686617_[0, 0, 1].png"
-19.699945,-0.5643466,"mp-27031_[0, 0, 1].png"
18.50253,21.67553,"mp-1234144_[0, 0, 1].png"
-30.344793,-37.088047,"mp-1205288_[0, 0, 1].png"
0.22927484,1.3042998,"mp-505331_[0, 0, 1].png"
52.32017,-12.607902,"mp-777589_[0, 0, 1].png"
19.070177,41.961254,"mp-18481_[0, 0, 1].png"
-49.8774,-23.464556,"mp-556020_[0, 0, 1].png"
-26.894167,15.26766,"mp-759568_[0, 0, 1].png"
55.143402,-7.4093394,"mp-1193831_[0, 0, 1].png"
-35.61459,-6.210592,"mp-1214285_[0, 0, 1].png"
-0.9711209,38.13776,"mp-1215960_[0, 0, 1].png"
14.23271,-51.375732,"mp-2715342_[0, 0, 1].png"
22.055788,31.588966,"mp-2713445_[0, 0, 1].png"
13.143797,-4.0923486,"mp-756892_[0, 0, 1].png"
-50.391983,-8.461963,"mp-1018823_[0, 0, 1].png"
-18.01972,40.139866,"mp-755970_[0, 0, 1].png"
14.031437,35.55431,"mp-1201956_[0, 0, 1].png"
-37.499763,-47.54948,"mp-863300_[0, 0, 1].png"
-23.306229,-32.095722,"mp-696308_[0, 0, 1].png"
-15.70361,-5.2524977,"mp-556120_[0, 0, 1].png"
-3.159842,8.562488,"mp-691091_[0, 0, 1].png"
14.979115,19.519909,"mp-2713806_[0, 0, 1].png"
43.856304,38.022434,"mp-30161_[0, 0, 1].png"
-17.339298,31.948881,"mp-7068_[0, 0, 1].png"
-44.32808,8.353368,"mp-1221979_[0, 0, 1].png"
8.168263,-6.585836,"mp-2712964_[0, 0, 1].png"
-13.568082,-0.36454225,"mp-774833_[0, 0, 1].png"
29.1726,-0.06206235,"mp-2713161_[0, 0, 1].png"
-31.24651,-35.224518,"mp-1075627_[0, 0, 1].png"
-33.192173,-37.724655,"mp-570045_[0, 0, 1].png"
1.5977757,12.47512,"mp-13237_[0, 0, 1].png"
35.52657,-18.782753,"mp-14795_[0, 0, 1].png"
-38.689926,20.897953,"mp-2713929_[0, 0, 1].png"
18.112785,-41.491272,"mp-8016_[0, 0, 1].png"
-10.694667,-36.079247,"mp-1181491_[0, 0, 1].png"
-18.735456,44.294968,"mp-1075111_[0, 0, 1].png"
-24.810713,39.37425,"mp-626149_[0, 0, 1].png"
-34.160725,-5.882295,"mp-570935_[0, 0, 1].png"
-53.278046,-11.212744,"mp-22758_[0, 0, 1].png"
-20.200836,34.58432,"mp-1154515_[0, 0, 1].png"
-1.2310451,-60.319637,"mp-1207013_[0, 0, 1].png"
13.959712,-40.13908,"mp-686681_[0, 0, 1].png"
-65.06897,-4.885378,"mp-1097398_[0, 0, 1].png"
35.45339,-20.728691,"mp-28475_[0, 0, 1].png"
6.639965,58.491344,"mp-2715877_[0, 0, 1].png"
-14.439946,-28.722868,"mp-2379939_[0, 0, 1].png"
-3.4599972,9.787105,"mp-2714483_[0, 0, 1].png"
20.5639,-35.754868,"mp-1253229_[0, 0, 1].png"
25.343071,6.4785523,"mp-1022094_[0, 0, 1].png"
9.074759,-29.468033,"mp-777972_[0, 0, 1].png"
-46.097992,-16.408129,"mp-1102633_[0, 0, 1].png"
22.95613,1.8024824,"mp-1073398_[0, 0, 1].png"
46.223038,19.89519,"mp-2716365_[0, 0, 1].png"
26.566158,-1.758695,"mp-2714677_[0, 0, 1].png"
-29.080341,-25.78007,"mp-1074069_[0, 0, 1].png"
10.232966,-1.1705871,"mp-1066975_[0, 0, 1].png"
44.022926,32.51456,"mp-1013530_[0, 0, 1].png"
-39.440586,-41.017727,"mp-541464_[0, 0, 1].png"
-27.313879,49.517742,"mp-6406_[0, 0, 1].png"
10.920649,24.86678,"mp-682548_[0, 0, 1].png"
-16.511723,50.855625,"mp-1210325_[0, 0, 1].png"
17.98612,33.72845,"mp-1210002_[0, 0, 1].png"
-24.58992,-27.896902,"mp-2715496_[0, 0, 1].png"
-37.878242,32.569378,"mp-1249213_[0, 0, 1].png"
18.959562,-24.456686,"mp-1220303_[0, 0, 1].png"
4.487229,22.505116,"mp-862998_[0, 0, 1].png"
-30.505207,3.188326,"mp-1147776_[0, 0, 1].png"
-9.531556,-10.257983,"mp-775466_[0, 0, 1].png"
-20.856869,-3.730222,"mp-1103414_[0, 0, 1].png"
15.796428,-25.26948,"mp-550469_[0, 0, 1].png"
21.18237,-22.620974,"mp-1202235_[0, 0, 1].png"
-44.94216,27.09793,"mp-539_[0, 0, 1].png"
-19.200277,-6.166745,"mp-534889_[0, 0, 1].png"
-32.9558,19.300905,"mp-1043375_[0, 0, 1].png"
-23.328798,4.735644,"mp-1224213_[0, 0, 1].png"
41.71288,38.798035,"mp-558055_[0, 0, 1].png"
-40.60373,-42.257153,"mp-567229_[0, 0, 1].png"
13.508359,28.399578,"mp-39866_[0, 0, 1].png"
7.211363,-43.269547,"mp-1044552_[0, 0, 1].png"
33.769184,9.707091,"mp-1202424_[0, 0, 1].png"
37.904686,33.82504,"mp-1202745_[0, 0, 1].png"
4.5451097,57.34439,"mp-19765_[0, 0, 1].png"
29.445614,-5.0363555,"mp-18596_[0, 0, 1].png"
-2.0222745,-51.725063,"mp-1195524_[0, 0, 1].png"
-17.662949,-43.366467,"mp-1034591_[0, 0, 1].png"
22.040014,34.194782,"mp-7812_[0, 0, 1].png"
2.913447,57.86905,"mp-1214507_[0, 0, 1].png"
46.916237,23.06639,"mp-23622_[0, 0, 1].png"
43.535797,-25.428604,"mp-1218039_[0, 0, 1].png"
-30.566996,-42.759426,"mp-1026678_[0, 0, 1].png"
14.494759,-32.686737,"mp-31011_[0, 0, 1].png"
-32.284847,19.761326,"mp-1074388_[0, 0, 1].png"
-16.121334,8.69111,"mp-775196_[0, 0, 1].png"
40.72091,18.53973,"mp-763985_[0, 0, 1].png"
-35.133144,-47.931282,"mp-10200_[0, 0, 1].png"
-29.049156,20.364157,"mp-1103066_[0, 0, 1].png"
3.7514277,-39.721638,"mp-2715268_[0, 0, 1].png"
59.908318,7.5751996,"mp-1194033_[0, 0, 1].png"
-20.747135,-15.361465,"mp-756360_[0, 0, 1].png"
28.581394,-7.5250597,"mp-8059_[0, 0, 1].png"
17.79032,-21.660955,"mp-558203_[0, 0, 1].png"
10.810361,-12.427765,"mp-1029294_[0, 0, 1].png"
13.526882,24.98566,"mp-1043713_[0, 0, 1].png"
5.4901595,61.901897,"mp-1216867_[0, 0, 1].png"
52.891884,-0.79347223,"mp-626046_[0, 0, 1].png"
-62.86368,-9.237461,"mp-1202749_[0, 0, 1].png"
-0.9560193,1.8823113,"mp-770682_[0, 0, 1].png"
-39.38378,-20.912107,"mp-1251134_[0, 0, 1].png"
4.5103307,-54.152367,"mp-2713278_[0, 0, 1].png"
44.07799,-38.011513,"mp-1188373_[0, 0, 1].png"
45.016624,-22.350843,"mp-1226248_[0, 0, 1].png"
37.1323,-24.542818,"mp-557878_[0, 0, 1].png"
-17.926033,31.716654,"mp-1225038_[0, 0, 1].png"
57.770054,-3.6748374,"mp-542121_[0, 0, 1].png"
1.2585564,-41.172733,"mp-1227133_[0, 0, 1].png"
48.415558,31.839962,"mp-1157674_[0, 0, 1].png"
-36.16771,-42.43461,"mp-757542_[0, 0, 1].png"
-1.5393975,14.187395,"mp-1237404_[0, 0, 1].png"
56.939335,0.5505982,"mp-1008858_[0, 0, 1].png"
-26.295492,37.829426,"mp-756984_[0, 0, 1].png"
53.285095,-3.6354215,"mp-975321_[0, 0, 1].png"
-47.42925,25.85701,"mp-1193894_[0, 0, 1].png"
-30.4011,-23.947044,"mp-8874_[0, 0, 1].png"
-30.582195,19.790007,"mp-2712888_[0, 0, 1].png"
-47.59687,6.704398,"mp-2715009_[0, 0, 1].png"
-11.912475,20.164812,"mp-667371_[0, 0, 1].png"
-0.6478752,45.190254,"mp-1226875_[0, 0, 1].png"
50.822647,19.585848,"mp-679929_[0, 0, 1].png"
-65.018654,-6.475088,"mp-1215331_[0, 0, 1].png"
-14.732591,-5.8550863,"mp-2716459_[0, 0, 1].png"
-63.433006,-9.177034,"mp-626800_[0, 0, 1].png"
-43.50697,-13.645811,"mp-859108_[0, 0, 1].png"
27.415958,9.803994,"mp-1001022_[0, 0, 1].png"
-5.455362,48.74669,"mp-7123_[0, 0, 1].png"
-1.6745282,14.570488,"mp-5627_[0, 0, 1].png"
-19.690556,39.564762,"mp-16569_[0, 0, 1].png"
-14.576123,-33.019215,"mp-2713783_[0, 0, 1].png"
56.657078,4.0553513,"mp-1079221_[0, 0, 1].png"
-61.229916,-4.177171,"mp-1223149_[0, 0, 1].png"
0.22497502,-25.879057,"mp-4177_[0, 0, 1].png"
14.740516,-1.4120464,"mp-2715022_[0, 0, 1].png"
-15.706344,21.582287,"mp-1206076_[0, 0, 1].png"
-24.12861,-23.43953,"mp-6553_[0, 0, 1].png"
-47.4205,18.292181,"mp-6062_[0, 0, 1].png"
31.625347,7.040442,"mp-557203_[0, 0, 1].png"
-18.080994,-6.705563,"mp-1233307_[0, 0, 1].png"
-11.645953,10.018532,"mp-28336_[0, 0, 1].png"
46.71382,-26.853483,"mp-769079_[0, 0, 1].png"
44.98603,0.66855705,"mp-1102536_[0, 0, 1].png"
-17.629776,57.89666,"mp-1181679_[0, 0, 1].png"
-40.40102,29.103653,"mp-550506_[0, 0, 1].png"
29.25118,-19.228119,"mp-1203790_[0, 0, 1].png"
17.45099,-4.8251433,"mp-686674_[0, 0, 1].png"
-22.716688,58.31632,"mp-1245263_[0, 0, 1].png"
36.123276,-9.51461,"mp-1095501_[0, 0, 1].png"
7.674194,-1.1963847,"mp-626554_[0, 0, 1].png"
9.141692,-53.02661,"mp-1073306_[0, 0, 1].png"
-53.45544,-18.922464,"mp-1073613_[0, 0, 1].png"
27.158215,14.819685,"mp-1227506_[0, 0, 1].png"
34.460365,-29.797495,"mp-1046683_[0, 0, 1].png"
-4.592167,-8.441883,"mp-1219839_[0, 0, 1].png"
-1.1106505,-55.97114,"mp-727058_[0, 0, 1].png"
36.166374,-14.7442045,"mp-1207132_[0, 0, 1].png"
-16.323223,23.089125,"mp-1044192_[0, 0, 1].png"
18.94383,30.820162,"mp-560407_[0, 0, 1].png"
26.337961,7.2345,"mp-1075113_[0, 0, 1].png"
25.209913,5.6686783,"mp-554929_[0, 0, 1].png"
-17.953012,55.135918,"mp-1214142_[0, 0, 1].png"
46.61124,26.445963,"mp-615138_[0, 0, 1].png"
-65.65115,-10.657103,"mp-552185_[0, 0, 1].png"
1.3962119,-48.401173,"mp-2715922_[0, 0, 1].png"
39.6088,-32.57146,"mp-10161_[0, 0, 1].png"
-21.801947,55.36635,"mp-2715987_[0, 0, 1].png"
-17.794514,-39.577858,"mp-1157835_[0, 0, 1].png"
29.80443,12.425974,"mp-1074145_[0, 0, 1].png"
20.322128,9.275094,"mp-569525_[0, 0, 1].png"
44.374386,28.983265,"mp-25542_[0, 0, 1].png"
28.172235,13.146931,"mp-1221134_[0, 0, 1].png"
6.835668,-52.12171,"mp-1216092_[0, 0, 1].png"
0.28678232,-46.02839,"mp-1224621_[0, 0, 1].png"
-31.70388,-29.930529,"mp-558129_[0, 0, 1].png"
39.508656,25.108984,"mp-667368_[0, 0, 1].png"
39.516197,-16.26842,"mp-762624_[0, 0, 1].png"
-10.14506,-37.723003,"mp-7284_[0, 0, 1].png"
-4.392305,-22.353163,"mp-2714388_[0, 0, 1].png"
-1.5479106,45.38264,"mp-2713555_[0, 0, 1].png"
-28.413551,42.883854,"mp-4187_[0, 0, 1].png"
32.633915,7.3010783,"mp-561664_[0, 0, 1].png"
-7.450363,-20.050192,"mp-706815_[0, 0, 1].png"
21.020256,37.39979,"mp-1207448_[0, 0, 1].png"
3.5054605,46.157032,"mp-2713086_[0, 0, 1].png"
-29.851173,-39.75803,"mp-2716074_[0, 0, 1].png"
-17.214079,-41.702297,"mp-1195073_[0, 0, 1].png"
-14.633413,-33.00283,"mp-2713632_[0, 0, 1].png"
30.64923,-0.64229923,"mp-643009_[0, 0, 1].png"
20.728617,34.03285,"mp-569247_[0, 0, 1].png"
20.551483,-30.451838,"mp-1013917_[0, 0, 1].png"
-16.619585,53.8952,"mp-2713020_[0, 0, 1].png"
13.267637,-24.939741,"mp-705559_[0, 0, 1].png"
-57.59743,-8.4706955,"mp-1073277_[0, 0, 1].png"
38.538227,32.718056,"mp-752644_[0, 0, 1].png"
42.51542,-31.501144,"mp-2715175_[0, 0, 1].png"
-25.999561,46.53544,"mp-28378_[0, 0, 1].png"
-55.606884,-6.206344,"mp-2714547_[0, 0, 1].png"
-25.438854,31.453264,"mp-5605_[0, 0, 1].png"
-19.362366,9.344756,"mp-12558_[0, 0, 1].png"
-46.20289,21.595106,"mp-1204238_[0, 0, 1].png"
10.691254,-22.384192,"mp-779457_[0, 0, 1].png"
22.173807,-32.730053,"mp-2714469_[0, 0, 1].png"
1.3932055,-46.997986,"mp-1214080_[0, 0, 1].png"
23.170883,-40.614605,"mp-27726_[0, 0, 1].png"
16.31738,7.0184264,"mp-2714917_[0, 0, 1].png"
37.982056,-27.697239,"mp-2713562_[0, 0, 1].png"
-33.746708,-33.75619,"mp-1045821_[0, 0, 1].png"
-19.257936,8.569071,"mp-1198966_[0, 0, 1].png"
15.192283,-25.2495,"mp-1075502_[0, 0, 1].png"
-2.0909765,51.122375,"mp-7220_[0, 0, 1].png"
1.0375246,-47.17488,"mp-571414_[0, 0, 1].png"
-44.6758,8.341213,"mp-1043757_[0, 0, 1].png"
42.220684,27.84474,"mp-1100405_[0, 0, 1].png"
21.270445,27.971127,"mp-2647006_[0, 0, 1].png"
39.730785,36.223274,"mp-15003_[0, 0, 1].png"
20.733183,29.848923,"mp-1044071_[0, 0, 1].png"
39.27896,-16.434809,"mp-756912_[0, 0, 1].png"
-26.252163,-3.7257636,"mp-2716047_[0, 0, 1].png"
-5.640764,-7.512307,"mp-699390_[0, 0, 1].png"
28.462103,-7.4877796,"mp-866922_[0, 0, 1].png"
-22.086372,58.3905,"mp-662810_[0, 0, 1].png"
-60.895393,-14.50263,"mp-33449_[0, 0, 1].png"
-18.768345,50.90047,"mp-2713833_[0, 0, 1].png"
-42.396294,31.940914,"mp-2713364_[0, 0, 1].png"
-27.356833,13.261773,"mp-2714186_[0, 0, 1].png"
43.800674,-21.927872,"mp-642682_[0, 0, 1].png"
22.12501,30.16025,"mp-1221634_[0, 0, 1].png"
10.148235,-1.4485765,"mp-757604_[0, 0, 1].png"
-55.00137,-14.515154,"mp-19_[0, 0, 1].png"
10.851863,-53.47495,"mp-762996_[0, 0, 1].png"
4.3564844,-52.56341,"mp-1163930_[0, 0, 1].png"
20.655079,44.386257,"mp-1225718_[0, 0, 1].png"
30.07428,17.899136,"mp-1079402_[0, 0, 1].png"
-29.993032,-44.171066,"mp-756952_[0, 0, 1].png"
-37.03151,-43.320034,"mp-1224472_[0, 0, 1].png"
-35.08635,-38.936134,"mp-1196671_[0, 0, 1].png"
30.323717,4.7418623,"mp-1008927_[0, 0, 1].png"
49.18002,-2.3794029,"mp-1222448_[0, 0, 1].png"
43.54067,-24.23808,"mp-17350_[0, 0, 1].png"
-61.28137,-11.786546,"mp-4559_[0, 0, 1].png"
-40.795486,27.572435,"mp-1228909_[0, 0, 1].png"
9.877645,-58.93241,"mp-30312_[0, 0, 1].png"
-16.13234,-36.02475,"mp-2714614_[0, 0, 1].png"
17.637745,-21.986721,"mp-2713390_[0, 0, 1].png"
-23.530588,30.481209,"mp-556649_[0, 0, 1].png"
-9.072972,-12.6460285,"mp-1095453_[0, 0, 1].png"
25.84182,8.9720125,"mp-1044357_[0, 0, 1].png"
7.9342585,-2.100709,"mp-976267_[0, 0, 1].png"
-10.862781,-19.350452,"mp-2715664_[0, 0, 1].png"
-12.239328,3.7736118,"mp-767255_[0, 0, 1].png"
36.295692,-14.258985,"mp-532705_[0, 0, 1].png"
4.352275,43.235397,"mp-2715436_[0, 0, 1].png"
-23.574274,33.001076,"mp-542986_[0, 0, 1].png"
46.626617,-25.543125,"mp-1043607_[0, 0, 1].png"
46.66947,-9.985794,"mp-600022_[0, 0, 1].png"
-35.658398,-27.972994,"mp-12243_[0, 0, 1].png"
7.175377,49.663723,"mp-545541_[0, 0, 1].png"
-43.595516,3.5436482,"mp-1228823_[0, 0, 1].png"
35.096127,9.435945,"mp-14193_[0, 0, 1].png"
2.5331542,60.518803,"mp-1128_[0, 0, 1].png"
-16.206064,-6.714435,"mp-1025296_[0, 0, 1].png"
15.215836,-13.320946,"mp-7000_[0, 0, 1].png"
-13.405581,20.712263,"mp-1206330_[0, 0, 1].png"
2.0888033,-36.21117,"mp-1192473_[0, 0, 1].png"
47.003296,26.53555,"mp-672294_[0, 0, 1].png"
5.0402637,21.449924,"mp-850194_[0, 0, 1].png"
-15.008373,22.33915,"mp-13956_[0, 0, 1].png"
-1.6216974,-49.087986,"mp-1250887_[0, 0, 1].png"
41.133804,-18.501545,"mp-6241_[0, 0, 1].png"
41.001637,-31.380274,"mp-644325_[0, 0, 1].png"
32.108932,6.9470153,"mp-556709_[0, 0, 1].png"
53.660057,19.405918,"mp-1073722_[0, 0, 1].png"
-1.3950894,-50.58225,"mp-1185319_[0, 0, 1].png"
41.928238,31.652473,"mp-2712524_[0, 0, 1].png"
-21.781641,50.54918,"mp-31423_[0, 0, 1].png"
17.22652,28.525755,"mp-1222661_[0, 0, 1].png"
-1.6007673,-61.834145,"mp-2712613_[0, 0, 1].png"
-13.594561,-33.07027,"mp-34169_[0, 0, 1].png"
49.099003,-7.161938,"mp-1221267_[0, 0, 1].png"
-15.019542,24.86646,"mp-768907_[0, 0, 1].png"
19.885769,35.603733,"mp-2844_[0, 0, 1].png"
3.8007867,-59.783012,"mp-561446_[0, 0, 1].png"
-26.613087,47.23648,"mp-559653_[0, 0, 1].png"
-28.778399,14.20553,"mp-1199586_[0, 0, 1].png"
-23.44537,31.680178,"mp-1075851_[0, 0, 1].png"
24.4827,-46.25628,"mp-774155_[0, 0, 1].png"
23.315,-36.4968,"mp-2715405_[0, 0, 1].png"
-24.302702,-29.470848,"mp-1521551_[0, 0, 1].png"
29.326824,-17.869589,"mp-8389_[0, 0, 1].png"
46.72216,-3.0863533,"mp-1025557_[0, 0, 1].png"
-0.5514778,20.11999,"mp-625171_[0, 0, 1].png"
-3.7100353,-10.570445,"mp-41283_[0, 0, 1].png"
3.0901015,19.48401,"mp-643277_[0, 0, 1].png"
1.0708346,48.4485,"mp-7801_[0, 0, 1].png"
19.958496,-6.6598186,"mp-1211280_[0, 0, 1].png"
24.862629,42.03324,"mp-2716359_[0, 0, 1].png"
44.40565,25.912197,"mp-752650_[0, 0, 1].png"
-63.489628,-6.088963,"mp-2713424_[0, 0, 1].png"
4.558129,-64.28254,"mp-556963_[0, 0, 1].png"
-38.010693,4.907281,"mp-989560_[0, 0, 1].png"
-23.347876,4.0398555,"mp-1102698_[0, 0, 1].png"
6.2438755,-62.564884,"mp-1044109_[0, 0, 1].png"
-8.389583,-31.874302,"mp-17939_[0, 0, 1].png"
-41.13171,4.7216506,"mp-1216891_[0, 0, 1].png"
-5.851403,5.405459,"mp-860886_[0, 0, 1].png"
40.573154,31.679296,"mp-2712636_[0, 0, 1].png"
18.192093,-13.90968,"mp-771045_[0, 0, 1].png"
-0.55787724,41.447342,"mp-555514_[0, 0, 1].png"
35.76079,-27.466282,"mp-625830_[0, 0, 1].png"
-13.772614,1.4004991,"mp-1074080_[0, 0, 1].png"
7.175107,49.27784,"mp-14649_[0, 0, 1].png"
-23.178303,-2.5858014,"mp-2715702_[0, 0, 1].png"
3.727171,19.058163,"mp-1031251_[0, 0, 1].png"
16.835947,25.5901,"mp-756759_[0, 0, 1].png"
7.836758,56.949135,"mp-2713547_[0, 0, 1].png"
-58.46396,-14.298628,"mp-1093692_[0, 0, 1].png"
49.847397,-7.5391855,"mp-662609_[0, 0, 1].png"
38.613033,-35.25188,"mp-1188010_[0, 0, 1].png"
-42.508163,-16.624027,"mp-560954_[0, 0, 1].png"
-3.5607557,-28.565638,"mp-562920_[0, 0, 1].png"
15.992784,-26.27772,"mp-1190900_[0, 0, 1].png"
3.2950058,-62.158245,"mp-14794_[0, 0, 1].png"
10.557971,-49.382816,"mp-1211275_[0, 0, 1].png"
-16.641035,4.5171423,"mp-561529_[0, 0, 1].png"
50.36699,-4.9157877,"mp-772101_[0, 0, 1].png"
41.01222,-26.816439,"mp-1223541_[0, 0, 1].png"
-20.02496,41.966187,"mp-17167_[0, 0, 1].png"
30.19523,2.1247141,"mp-2716362_[0, 0, 1].png"
14.308192,23.758934,"mp-2713200_[0, 0, 1].png"
-23.313274,38.741943,"mp-1226281_[0, 0, 1].png"
24.982895,2.4644585,"mp-1199416_[0, 0, 1].png"
45.017975,-9.409781,"mp-2714306_[0, 0, 1].png"
-50.266994,3.6269176,"mp-776110_[0, 0, 1].png"
1.3383818,-45.836338,"mp-753141_[0, 0, 1].png"
12.024141,3.3635747,"mp-1244914_[0, 0, 1].png"
-18.853907,6.933719,"mp-1074199_[0, 0, 1].png"
0.99958324,-1.4591568,"mp-7906_[0, 0, 1].png"
-21.241032,31.129677,"mp-1046674_[0, 0, 1].png"
-7.695627,26.198734,"mp-1261307_[0, 0, 1].png"
-45.25415,-15.58972,"mp-756591_[0, 0, 1].png"
-55.586582,-18.824062,"mp-1224912_[0, 0, 1].png"
38.81298,-30.506721,"mp-2716545_[0, 0, 1].png"
-61.175896,-6.9877286,"mp-1043428_[0, 0, 1].png"
26.412174,39.545654,"mp-2716346_[0, 0, 1].png"
10.085957,32.010544,"mp-2716286_[0, 0, 1].png"
20.932144,11.053506,"mp-504605_[0, 0, 1].png"
29.533033,4.5503936,"mp-1258846_[0, 0, 1].png"
32.75819,1.564325,"mp-559550_[0, 0, 1].png"
-19.664345,-7.955127,"mp-754718_[0, 0, 1].png"
-11.942583,-40.486042,"mp-569571_[0, 0, 1].png"
-36.70849,29.967804,"mp-1019520_[0, 0, 1].png"
25.124027,11.898359,"mp-1120747_[0, 0, 1].png"
61.877197,9.262147,"mp-1229197_[0, 0, 1].png"
-39.048332,2.723129,"mp-2715294_[0, 0, 1].png"
-28.222107,42.40209,"mp-1025540_[0, 0, 1].png"
1.1440686,15.31408,"mp-6126_[0, 0, 1].png"
-21.959957,-13.466054,"mp-28546_[0, 0, 1].png"
-45.947224,17.024736,"mp-2714596_[0, 0, 1].png"
36.507744,-30.027693,"mp-1227526_[0, 0, 1].png"
-55.47979,-9.984541,"mp-2712739_[0, 0, 1].png"
-34.110508,-46.155884,"mp-1074553_[0, 0, 1].png"
-27.858883,-20.841995,"mp-1248954_[0, 0, 1].png"
42.196606,-11.077,"mp-1227294_[0, 0, 1].png"
-15.405981,42.246334,"mp-1078419_[0, 0, 1].png"
-25.510979,30.257273,"mp-760729_[0, 0, 1].png"
8.583335,-44.480145,"mp-1215254_[0, 0, 1].png"
-46.657333,17.714094,"mp-1075500_[0, 0, 1].png"
1.8830682,56.776398,"mp-6632_[0, 0, 1].png"
58.32894,8.939704,"mp-1227370_[0, 0, 1].png"
39.30333,32.764477,"mp-866663_[0, 0, 1].png"
59.00088,3.8593013,"mp-6941_[0, 0, 1].png"
-7.5361476,-12.78608,"mp-1073451_[0, 0, 1].png"
-21.182867,52.855667,"mp-1224161_[0, 0, 1].png"
44.15144,-30.111961,"mp-28612_[0, 0, 1].png"
-20.709927,46.837933,"mp-2714546_[0, 0, 1].png"
-40.156296,-17.469437,"mp-559764_[0, 0, 1].png"
-43.585613,32.100845,"mp-9969_[0, 0, 1].png"
-45.392315,-14.531572,"mp-12863_[0, 0, 1].png"
21.926834,-22.03568,"mp-1200272_[0, 0, 1].png"
14.307824,-1.5065628,"mp-633158_[0, 0, 1].png"
-1.6695534,-54.73955,"mp-757887_[0, 0, 1].png"
-42.703884,23.03914,"mp-570485_[0, 0, 1].png"
23.064402,-41.663986,"mp-28695_[0, 0, 1].png"
-34.442093,17.68621,"mp-1074088_[0, 0, 1].png"
1.2146626,16.740482,"mp-2713237_[0, 0, 1].png"
15.695914,39.79058,"mp-625150_[0, 0, 1].png"
-51.192677,23.083704,"mp-765508_[0, 0, 1].png"
25.697443,-38.332676,"mp-1034210_[0, 0, 1].png"
-13.52591,17.64847,"mp-1077982_[0, 0, 1].png"
15.918157,30.992851,"mp-568264_[0, 0, 1].png"
-45.19953,-14.666559,"mp-861942_[0, 0, 1].png"
-2.138901,-58.38912,"mp-1221196_[0, 0, 1].png"
-7.7796474,-13.3554535,"mp-542136_[0, 0, 1].png"
-13.556287,5.764565,"mp-38971_[0, 0, 1].png"
3.273724,0.96641266,"mp-505734_[0, 0, 1].png"
50.623074,-0.59187126,"mp-31110_[0, 0, 1].png"
-47.993145,-18.699816,"mp-635425_[0, 0, 1].png"
12.682986,23.415333,"mp-1222182_[0, 0, 1].png"
-26.068764,21.116877,"mp-1254120_[0, 0, 1].png"
-0.5989896,-60.907986,"mp-42036_[0, 0, 1].png"
7.652945,-27.751663,"mp-1019379_[0, 0, 1].png"
-10.931604,-20.397669,"mp-558428_[0, 0, 1].png"
44.201424,1.1527019,"mp-755392_[0, 0, 1].png"
-16.839312,-35.361626,"mp-1041852_[0, 0, 1].png"
51.40594,25.948254,"mp-1073409_[0, 0, 1].png"
28.62671,9.118232,"mp-2716246_[0, 0, 1].png"
-32.09582,4.8048515,"mp-1195142_[0, 0, 1].png"
-17.90289,-39.96962,"mp-686294_[0, 0, 1].png"
46.052937,21.57702,"mp-6920_[0, 0, 1].png"
-60.609055,-2.3042402,"mp-1205816_[0, 0, 1].png"
26.321526,-42.11986,"mp-698686_[0, 0, 1].png"
-18.848476,-11.908194,"mp-1103705_[0, 0, 1].png"
-0.0134074185,56.19857,"mp-1195938_[0, 0, 1].png"
-20.912994,44.6243,"mp-698318_[0, 0, 1].png"
-28.02292,35.427868,"mp-2715094_[0, 0, 1].png"
1.9434109,39.032684,"mp-39215_[0, 0, 1].png"
-52.365135,-8.5270405,"mp-3532_[0, 0, 1].png"
26.319927,-32.67032,"mp-1236195_[0, 0, 1].png"
12.817076,24.365917,"mp-12855_[0, 0, 1].png"
-0.019629233,19.696518,"mp-2714605_[0, 0, 1].png"
38.73059,30.204287,"mp-863745_[0, 0, 1].png"
49.638676,-6.8581285,"mp-774639_[0, 0, 1].png"
33.156544,2.4379826,"mp-696839_[0, 0, 1].png"
-3.385639,55.470337,"mp-2715598_[0, 0, 1].png"
28.262972,-7.8687778,"mp-35031_[0, 0, 1].png"
-38.580803,4.713503,"mp-2713753_[0, 0, 1].png"
18.626541,-41.65232,"mp-4431_[0, 0, 1].png"
-64.20932,-7.5446296,"mp-771774_[0, 0, 1].png"
-2.5338328,-21.784231,"mp-557092_[0, 0, 1].png"
6.1997976,0.47553554,"mp-2715330_[0, 0, 1].png"
44.96977,0.91742295,"mp-1209032_[0, 0, 1].png"
57.969734,4.4487634,"mp-1043125_[0, 0, 1].png"
3.9253442,-63.053036,"mp-2714105_[0, 0, 1].png"
27.413773,15.809667,"mp-3035_[0, 0, 1].png"
7.2307253,-45.809498,"mp-2715667_[0, 0, 1].png"
35.55205,6.3888817,"mp-1226778_[0, 0, 1].png"
32.062565,-22.732151,"mp-675625_[0, 0, 1].png"
48.34969,0.84782183,"mp-752632_[0, 0, 1].png"
34.375713,26.65645,"mp-561291_[0, 0, 1].png"
17.771711,11.74126,"mp-1015567_[0, 0, 1].png"
-14.492516,-36.54258,"mp-1019576_[0, 0, 1].png"
-15.142435,-49.467724,"mp-2715784_[0, 0, 1].png"
-33.86146,-29.448984,"mp-1102531_[0, 0, 1].png"
-37.562836,22.791317,"mp-674984_[0, 0, 1].png"
-39.079746,-20.293333,"mp-863032_[0, 0, 1].png"
-44.59586,17.443064,"mp-1074023_[0, 0, 1].png"
43.68599,-2.874614,"mp-631408_[0, 0, 1].png"
17.896059,-42.93873,"mp-20260_[0, 0, 1].png"
-46.19899,16.913479,"mp-721943_[0, 0, 1].png"
10.316706,-52.585518,"mp-1191126_[0, 0, 1].png"
-41.28862,-37.232925,"mp-9900_[0, 0, 1].png"
14.123174,0.17580272,"mp-1233083_[0, 0, 1].png"
-10.925784,24.210957,"mp-1043372_[0, 0, 1].png"
20.192373,30.854416,"mp-2712937_[0, 0, 1].png"
-3.494062,-49.97394,"mp-20025_[0, 0, 1].png"
-18.37862,30.743916,"mp-2716219_[0, 0, 1].png"
-16.047153,38.888317,"mp-1220004_[0, 0, 1].png"
-27.415672,-34.24933,"mp-1202315_[0, 0, 1].png"
-46.196774,22.537647,"mp-600096_[0, 0, 1].png"
4.455094,-48.849762,"mp-560008_[0, 0, 1].png"
5.107171,17.217693,"mp-11625_[0, 0, 1].png"
-17.785358,-43.95594,"mp-2714450_[0, 0, 1].png"
24.650871,30.303612,"mp-865680_[0, 0, 1].png"
-33.865913,-5.1674404,"mp-2712559_[0, 0, 1].png"
30.571054,10.414984,"mp-1079083_[0, 0, 1].png"
32.8925,1.0592539,"mp-38487_[0, 0, 1].png"
3.575152,22.239676,"mp-23149_[0, 0, 1].png"
60.172733,0.5565343,"mp-22955_[0, 0, 1].png"
1.7860457,47.853767,"mp-2714444_[0, 0, 1].png"
40.715538,28.076895,"mp-1188559_[0, 0, 1].png"
-22.186733,57.53491,"mp-29661_[0, 0, 1].png"
-57.06233,-7.644692,"mp-554138_[0, 0, 1].png"
35.304516,-18.583979,"mp-8743_[0, 0, 1].png"
12.081011,-25.195984,"mp-2716484_[0, 0, 1].png"
-40.872856,-22.00195,"mp-2713498_[0, 0, 1].png"
-34.345764,-6.75887,"mp-1012865_[0, 0, 1].png"
51.557873,2.0957737,"mp-555410_[0, 0, 1].png"
33.209007,-15.730406,"mp-1188480_[0, 0, 1].png"
22.843596,-34.97175,"mp-2713075_[0, 0, 1].png"
-5.9484925,-29.819805,"mp-770553_[0, 0, 1].png"
13.425819,-8.122697,"mp-989524_[0, 0, 1].png"
38.10096,41.249016,"mp-15998_[0, 0, 1].png"
-27.518566,47.418465,"mp-1219641_[0, 0, 1].png"
27.330292,-41.61772,"mp-1214832_[0, 0, 1].png"
56.83283,-6.6685696,"mp-1207726_[0, 0, 1].png"
-13.950593,-29.539688,"mp-1212354_[0, 0, 1].png"
-10.972981,-26.60163,"mp-2714472_[0, 0, 1].png"
32.63957,5.7744646,"mp-556318_[0, 0, 1].png"
60.491463,4.423619,"mp-1075031_[0, 0, 1].png"
35.550415,-25.10194,"mp-1224834_[0, 0, 1].png"
-21.834702,46.771507,"mp-1100971_[0, 0, 1].png"
-21.368027,-14.749155,"mp-12011_[0, 0, 1].png"
22.87817,38.84999,"mp-1264854_[0, 0, 1].png"
-56.382866,-6.0337853,"mp-758471_[0, 0, 1].png"
-36.53819,27.766592,"mp-23032_[0, 0, 1].png"
-18.40525,7.5793667,"mp-1190_[0, 0, 1].png"
-59.248844,-15.216569,"mp-2230825_[0, 0, 1].png"
9.887493,33.61098,"mp-2713257_[0, 0, 1].png"
25.010042,44.9477,"mp-924129_[0, 0, 1].png"
-1.1382986,17.703987,"mp-7562_[0, 0, 1].png"
35.06503,28.101742,"mp-4131_[0, 0, 1].png"
-24.125566,6.2947044,"mp-9063_[0, 0, 1].png"
49.7516,-12.022331,"mp-13755_[0, 0, 1].png"
-4.8320193,23.103514,"mp-1204505_[0, 0, 1].png"
51.59846,20.23812,"mp-13031_[0, 0, 1].png"
34.136726,-20.4482,"mp-2715431_[0, 0, 1].png"
37.421062,-32.433556,"mp-24392_[0, 0, 1].png"
39.72675,34.647564,"mp-567394_[0, 0, 1].png"
-0.8894858,-19.391666,"mp-758330_[0, 0, 1].png"
-61.082253,-3.025861,"mp-2715255_[0, 0, 1].png"
-20.9863,56.590046,"mp-697020_[0, 0, 1].png"
-6.228642,14.808451,"mp-1540000_[0, 0, 1].png"
-29.611937,39.236935,"mp-28891_[0, 0, 1].png"
0.4057414,-15.309073,"mp-14364_[0, 0, 1].png"
-0.61603636,44.315388,"mp-1069707_[0, 0, 1].png"
-8.154047,-8.075189,"mp-1233213_[0, 0, 1].png"
36.18086,27.961576,"mp-27920_[0, 0, 1].png"
-10.586223,15.561565,"mp-12485_[0, 0, 1].png"
-15.42243,43.373585,"mp-2715728_[0, 0, 1].png"
-5.241476,-11.066788,"mp-17913_[0, 0, 1].png"
48.44555,1.747564,"mp-1226404_[0, 0, 1].png"
-12.631038,-42.531597,"mp-1041850_[0, 0, 1].png"
-46.962498,29.186506,"mp-2715747_[0, 0, 1].png"
-44.413845,5.585561,"mp-1208480_[0, 0, 1].png"
3.2440417,-64.56207,"mp-762225_[0, 0, 1].png"
22.010975,-39.19642,"mp-684696_[0, 0, 1].png"
19.792475,4.172309,"mp-11749_[0, 0, 1].png"
-3.0966325,34.988472,"mp-1225271_[0, 0, 1].png"
-2.0760803,24.782084,"mp-728291_[0, 0, 1].png"
4.065227,59.35631,"mp-1079238_[0, 0, 1].png"
1.2583544,1.4012932,"mp-756935_[0, 0, 1].png"
-25.747461,18.095064,"mp-9711_[0, 0, 1].png"
45.047035,28.645193,"mp-1205070_[0, 0, 1].png"
-9.3139715,10.552162,"mp-573969_[0, 0, 1].png"
12.190079,20.537788,"mp-558102_[0, 0, 1].png"
0.07455007,2.7221344,"mp-3412_[0, 0, 1].png"
41.50184,26.473696,"mp-30905_[0, 0, 1].png"
-27.386663,-22.522627,"mp-639724_[0, 0, 1].png"
24.028502,32.724155,"mp-697114_[0, 0, 1].png"
-63.794304,-8.701029,"mp-1208977_[0, 0, 1].png"
20.321058,-38.10394,"mp-639682_[0, 0, 1].png"
43.561867,38.651237,"mp-980646_[0, 0, 1].png"
12.359972,-32.718777,"mp-761033_[0, 0, 1].png"
-15.834278,22.249317,"mp-35683_[0, 0, 1].png"
-17.277803,37.413376,"mp-29643_[0, 0, 1].png"
-40.1493,-4.9745426,"mp-1029313_[0, 0, 1].png"
46.174225,28.24384,"mp-1075810_[0, 0, 1].png"
5.053988,-56.71819,"mp-646895_[0, 0, 1].png"
9.173869,-29.506884,"mp-1073532_[0, 0, 1].png"
-48.568295,3.1021743,"mp-865492_[0, 0, 1].png"
-20.828205,-17.765614,"mp-2716233_[0, 0, 1].png"
-29.039194,-26.667336,"mp-773117_[0, 0, 1].png"
4.379382,50.036,"mp-1043946_[0, 0, 1].png"
-2.819118,47.92282,"mp-752853_[0, 0, 1].png"
5.110821,-50.948444,"mp-1218375_[0, 0, 1].png"
-63.998383,-10.305499,"mp-1223534_[0, 0, 1].png"
28.017698,-5.9830046,"mp-757866_[0, 0, 1].png"
-23.702206,39.700256,"mp-2712798_[0, 0, 1].png"
34.473408,-21.769836,"mp-1041841_[0, 0, 1].png"
-3.8237667,-18.669365,"mp-775_[0, 0, 1].png"
-8.825268,-29.659636,"mp-690951_[0, 0, 1].png"
49.211056,25.623138,"mp-13053_[0, 0, 1].png"
-29.686628,37.113514,"mp-3276_[0, 0, 1].png"
49.253143,4.296013,"mp-2713071_[0, 0, 1].png"
9.037002,-58.179684,"mp-2713192_[0, 0, 1].png"
6.1776023,-57.812447,"mp-600041_[0, 0, 1].png"
-28.381363,-22.377094,"mp-1222135_[0, 0, 1].png"
-49.559708,21.175575,"mp-865026_[0, 0, 1].png"
16.04092,31.199495,"mp-1143048_[0, 0, 1].png"
28.965118,-19.378342,"mp-1190487_[0, 0, 1].png"
9.465956,-26.57599,"mp-1262309_[0, 0, 1].png"
-8.596874,-31.887012,"mp-12900_[0, 0, 1].png"
38.971107,-20.506054,"mp-2714022_[0, 0, 1].png"
19.422144,8.372538,"mp-720216_[0, 0, 1].png"
31.186068,2.9355066,"mp-680314_[0, 0, 1].png"
3.6682637,45.87793,"mp-9902_[0, 0, 1].png"
-19.326868,-4.202048,"mp-2713901_[0, 0, 1].png"
24.152296,-11.374889,"mp-913_[0, 0, 1].png"
33.554764,-25.067486,"mp-8392_[0, 0, 1].png"
46.497868,-8.077384,"mp-2714609_[0, 0, 1].png"
-28.09321,-43.756027,"mp-1206088_[0, 0, 1].png"
-15.383221,51.0092,"mp-1074738_[0, 0, 1].png"
-29.561466,-24.554974,"mp-2712776_[0, 0, 1].png"
21.002012,-8.981922,"mp-571093_[0, 0, 1].png"
19.981812,-41.75717,"mp-728573_[0, 0, 1].png"
59.750458,1.915857,"mp-1173717_[0, 0, 1].png"
-28.51792,13.447851,"mp-1062306_[0, 0, 1].png"
-6.9524035,21.960478,"mp-1074841_[0, 0, 1].png"
-34.84924,-7.663833,"mp-972794_[0, 0, 1].png"
55.0991,-7.6055,"mp-755038_[0, 0, 1].png"
20.676287,-8.909655,"mp-600052_[0, 0, 1].png"
-48.99562,21.708645,"mp-2715889_[0, 0, 1].png"
32.94114,-3.3327923,"mp-1019774_[0, 0, 1].png"
-51.813244,-14.644485,"mp-13466_[0, 0, 1].png"
2.0489032,-64.688095,"mp-27888_[0, 0, 1].png"
13.348248,-37.291306,"mp-2715324_[0, 0, 1].png"
-36.866318,-39.837776,"mp-866191_[0, 0, 1].png"
-36.13905,20.759789,"mp-1226891_[0, 0, 1].png"
-1.4998105,-45.748055,"mp-1224923_[0, 0, 1].png"
-4.877331,48.441376,"mp-639733_[0, 0, 1].png"
40.45754,-28.701332,"mp-765207_[0, 0, 1].png"
-52.447304,-12.967609,"mp-1046656_[0, 0, 1].png"
-12.175064,-26.026814,"mp-26311_[0, 0, 1].png"
-1.4154108,-44.78818,"mp-1077558_[0, 0, 1].png"
-11.037839,-21.251404,"mp-2714431_[0, 0, 1].png"
2.5357664,49.29225,"mp-22497_[0, 0, 1].png"
-34.89275,-43.28047,"mp-1173750_[0, 0, 1].png"
-40.08522,19.632824,"mp-2716185_[0, 0, 1].png"
-49.07267,5.3046947,"mp-1217335_[0, 0, 1].png"
-13.984212,24.483362,"mp-558087_[0, 0, 1].png"
57.69158,-5.860778,"mp-728972_[0, 0, 1].png"
15.841847,24.832779,"mp-773636_[0, 0, 1].png"
23.325413,3.565929,"mp-504951_[0, 0, 1].png"
-43.492275,28.36468,"mp-620372_[0, 0, 1].png"
-21.235043,2.0199049,"mp-766586_[0, 0, 1].png"
6.347142,57.890003,"mp-551629_[0, 0, 1].png"
37.50214,-33.5363,"mp-676483_[0, 0, 1].png"
43.097954,-29.574017,"mp-17718_[0, 0, 1].png"
19.991732,23.7586,"mp-2715808_[0, 0, 1].png"
-42.959618,30.83275,"mp-1216568_[0, 0, 1].png"
-48.120403,6.331459,"mp-1479_[0, 0, 1].png"
8.850001,31.248898,"mp-1021687_[0, 0, 1].png"
54.047462,-7.596901,"mp-1177711_[0, 0, 1].png"
-21.95668,-2.6791122,"mp-1218616_[0, 0, 1].png"
-2.1021652,-48.766037,"mp-2715136_[0, 0, 1].png"
46.176193,35.461697,"mp-758658_[0, 0, 1].png"
-40.96379,-19.34591,"mp-1044323_[0, 0, 1].png"
8.41898,28.3,"mp-1216378_[0, 0, 1].png"
20.529463,28.46525,"mp-570009_[0, 0, 1].png"
-2.811697,12.131645,"mp-34292_[0, 0, 1].png"
-60.40918,-6.9431014,"mp-1220007_[0, 0, 1].png"
-17.020687,-50.99741,"mp-19376_[0, 0, 1].png"
18.437271,3.5419474,"mp-1040451_[0, 0, 1].png"
5.277507,49.825092,"mp-686601_[0, 0, 1].png"
25.929892,37.700222,"mp-1220706_[0, 0, 1].png"
0.09415077,43.797302,"mp-2716026_[0, 0, 1].png"
-59.020496,-13.848425,"mp-1226884_[0, 0, 1].png"
29.26447,19.020763,"mp-2713604_[0, 0, 1].png"
46.3941,-11.078887,"mp-1103155_[0, 0, 1].png"
18.83432,-12.462622,"mp-1046151_[0, 0, 1].png"
50.0336,29.688383,"mp-753644_[0, 0, 1].png"
45.172104,8.63921,"mp-600007_[0, 0, 1].png"
-37.753513,-6.200045,"mp-767447_[0, 0, 1].png"
56.9652,1.4042403,"mp-1197667_[0, 0, 1].png"
-16.932621,-48.94112,"mp-1210422_[0, 0, 1].png"
-50.861095,24.600815,"mp-15965_[0, 0, 1].png"
-42.607723,-21.379993,"mp-16590_[0, 0, 1].png"
27.882034,1.2417791,"mp-1204057_[0, 0, 1].png"
9.180323,-0.88563216,"mp-1189794_[0, 0, 1].png"
44.774208,31.564003,"mp-753752_[0, 0, 1].png"
-37.608208,4.864927,"mp-2714611_[0, 0, 1].png"
-40.54218,-14.46365,"mp-1207890_[0, 0, 1].png"
0.7712684,59.64717,"mp-1227485_[0, 0, 1].png"
19.716583,27.32869,"mp-752704_[0, 0, 1].png"
-48.06761,-0.27634752,"mp-1211222_[0, 0, 1].png"
-20.969759,48.99992,"mp-626755_[0, 0, 1].png"
-49.56732,21.236147,"mp-1214355_[0, 0, 1].png"
31.731916,17.953785,"mp-2715881_[0, 0, 1].png"
-26.064646,46.38037,"mp-2715274_[0, 0, 1].png"
-20.600416,8.996833,"mp-1198238_[0, 0, 1].png"
8.000341,53.56518,"mp-1223935_[0, 0, 1].png"
-22.998856,32.774506,"mp-864997_[0, 0, 1].png"
-58.467674,-13.161974,"mp-23750_[0, 0, 1].png"
32.42095,-18.070356,"mp-757754_[0, 0, 1].png"
-24.431183,5.9404535,"mp-1224593_[0, 0, 1].png"
-47.063587,-15.967093,"mp-755231_[0, 0, 1].png"
9.626441,-55.974068,"mp-1203979_[0, 0, 1].png"
-26.437193,38.03396,"mp-555544_[0, 0, 1].png"
-22.831654,-11.434502,"mp-1021157_[0, 0, 1].png"
-10.854295,5.0968084,"mp-1202186_[0, 0, 1].png"
23.01675,-36.044247,"mp-555483_[0, 0, 1].png"
43.330383,-37.83146,"mp-2714559_[0, 0, 1].png"
-39.464355,-46.41927,"mp-1173828_[0, 0, 1].png"
-39.775394,-20.51787,"mp-761247_[0, 0, 1].png"
-33.9343,-34.276608,"mp-1227961_[0, 0, 1].png"
38.926224,-19.30098,"mp-2713719_[0, 0, 1].png"
27.70775,13.808772,"mp-752524_[0, 0, 1].png"
-12.811754,13.058816,"mp-2716079_[0, 0, 1].png"
-29.91613,-38.49607,"mp-1256934_[0, 0, 1].png"
32.593468,11.818443,"mp-1206260_[0, 0, 1].png"
-46.780075,22.250538,"mp-12171_[0, 0, 1].png"
34.45101,-16.762524,"mp-1228131_[0, 0, 1].png"
-58.16765,-6.718171,"mp-1221093_[0, 0, 1].png"
60.76291,9.68772,"mp-1206779_[0, 0, 1].png"
-17.59391,58.0696,"mp-2714523_[0, 0, 1].png"
-6.8588276,36.71536,"mp-12903_[0, 0, 1].png"
-39.839264,6.742707,"mp-721924_[0, 0, 1].png"
-31.926785,-25.571918,"mp-865791_[0, 0, 1].png"
-9.204137,4.014166,"mp-2836_[0, 0, 1].png"
-43.49689,8.578005,"mp-604430_[0, 0, 1].png"
-30.827967,21.866615,"mp-19030_[0, 0, 1].png"
-28.913269,-38.539673,"mp-1104929_[0, 0, 1].png"
11.473795,27.783804,"mp-1210353_[0, 0, 1].png"
46.68692,30.784336,"mp-1217005_[0, 0, 1].png"
37.88944,32.925114,"mp-1262288_[0, 0, 1].png"
23.493578,42.343952,"mp-33932_[0, 0, 1].png"
9.490275,-5.290807,"mp-2715821_[0, 0, 1].png"
-42.416077,0.079355024,"mp-1257615_[0, 0, 1].png"
-37.71662,4.518665,"mp-1236794_[0, 0, 1].png"
8.862042,46.369778,"mp-757159_[0, 0, 1].png"
23.551405,-37.98722,"mp-2713777_[0, 0, 1].png"
-31.239866,-24.425293,"mp-1227902_[0, 0, 1].png"
38.136204,-35.31721,"mp-334_[0, 0, 1].png"
-20.763044,45.16236,"mp-2713348_[0, 0, 1].png"
-12.035596,-22.67814,"mp-1048301_[0, 0, 1].png"
-63.36928,-13.559701,"mp-758423_[0, 0, 1].png"
-32.343876,-35.25176,"mp-567931_[0, 0, 1].png"
6.5242524,-0.45918664,"mp-1105935_[0, 0, 1].png"
-1.0680417,55.679134,"mp-541996_[0, 0, 1].png"
-52.77829,-15.598258,"mp-10318_[0, 0, 1].png"
-21.382366,51.60991,"mp-1225780_[0, 0, 1].png"
29.126516,7.7839675,"mp-2714671_[0, 0, 1].png"
-34.19521,-44.317966,"mp-2712566_[0, 0, 1].png"
41.97553,-1.493978,"mp-16587_[0, 0, 1].png"
62.387974,7.528949,"mp-1395134_[0, 0, 1].png"
-40.740387,-17.514685,"mp-41472_[0, 0, 1].png"
-44.834583,28.846054,"mp-560088_[0, 0, 1].png"
-65.141335,-6.4348173,"mp-19518_[0, 0, 1].png"
37.326443,-20.972181,"mp-720112_[0, 0, 1].png"
7.203974,-46.812008,"mp-19219_[0, 0, 1].png"
17.68679,8.411684,"mp-690372_[0, 0, 1].png"
-59.340286,-20.091043,"mp-1197207_[0, 0, 1].png"
-30.453636,14.74563,"mp-1602_[0, 0, 1].png"
-4.0932684,-28.288208,"mp-1225144_[0, 0, 1].png"
8.9765415,-58.263405,"mp-1180541_[0, 0, 1].png"
1.4650145,-2.724293,"mp-2713682_[0, 0, 1].png"
-32.919415,-29.403015,"mp-11018_[0, 0, 1].png"
4.7861266,-3.8616407,"mp-1197099_[0, 0, 1].png"
-41.59265,26.66299,"mp-540696_[0, 0, 1].png"
-0.06618509,-0.52379465,"mp-758237_[0, 0, 1].png"
25.913515,8.375158,"mp-772589_[0, 0, 1].png"
-4.054372,10.828057,"mp-1211378_[0, 0, 1].png"
16.080387,30.29319,"mp-2712642_[0, 0, 1].png"
-30.538958,-45.393246,"mp-20934_[0, 0, 1].png"
49.084377,-4.857126,"mp-631467_[0, 0, 1].png"
9.515053,-57.356724,"mp-1043747_[0, 0, 1].png"
1.4234781,-52.127407,"mp-2715858_[0, 0, 1].png"
17.86912,-7.303439,"mp-2714376_[0, 0, 1].png"
51.8853,-13.74604,"mp-756156_[0, 0, 1].png"
24.670872,38.575676,"mp-5518_[0, 0, 1].png"
2.9321706,38.7032,"mp-1402840_[0, 0, 1].png"
23.378027,7.4991493,"mp-27961_[0, 0, 1].png"
-7.821287,36.325687,"mp-2713823_[0, 0, 1].png"
31.869717,16.509232,"mp-776684_[0, 0, 1].png"
-4.131497,-28.744244,"mp-34337_[0, 0, 1].png"
44.530254,34.631157,"mp-1039784_[0, 0, 1].png"
26.085018,12.736984,"mp-2714486_[0, 0, 1].png"
-18.221205,35.018085,"mp-2714635_[0, 0, 1].png"
-47.383812,5.3245993,"mp-2714419_[0, 0, 1].png"
4.3675485,-62.70339,"mp-1207117_[0, 0, 1].png"
5.7649713,21.350946,"mp-865464_[0, 0, 1].png"
24.548471,2.9663403,"mp-559083_[0, 0, 1].png"
17.735283,8.889353,"mp-1143241_[0, 0, 1].png"
8.553161,-21.042063,"mp-39249_[0, 0, 1].png"
9.986459,-27.288998,"mp-1184668_[0, 0, 1].png"
-40.07508,-17.089794,"mp-772232_[0, 0, 1].png"
-40.649723,-20.707006,"mp-1213579_[0, 0, 1].png"
-24.259058,8.079036,"mp-1193358_[0, 0, 1].png"
-5.476411,-9.011689,"mp-20675_[0, 0, 1].png"
-9.592857,-10.054318,"mp-13335_[0, 0, 1].png"
-4.398502,-53.657642,"mp-773663_[0, 0, 1].png"
-21.176132,55.594852,"mp-2714053_[0, 0, 1].png"
44.553814,-33.07822,"mp-569600_[0, 0, 1].png"
-44.451042,22.762959,"mp-1143147_[0, 0, 1].png"
12.737405,31.375767,"mp-23617_[0, 0, 1].png"
59.727802,-4.9993873,"mp-2714224_[0, 0, 1].png"
-11.48181,9.000856,"mp-560748_[0, 0, 1].png"
-19.372152,-2.2287555,"mp-1219967_[0, 0, 1].png"
-14.522003,-25.533817,"mp-2712980_[0, 0, 1].png"
19.486586,-24.078112,"mp-2713082_[0, 0, 1].png"
19.639044,-44.572495,"mp-1095130_[0, 0, 1].png"
12.935617,-7.7903175,"mp-8612_[0, 0, 1].png"
-40.741028,22.65649,"mp-5046_[0, 0, 1].png"
-61.59986,-5.026991,"mp-726800_[0, 0, 1].png"
14.374302,-8.341014,"mp-17279_[0, 0, 1].png"
-62.166798,-5.329783,"mp-763588_[0, 0, 1].png"
39.879333,-34.99962,"mp-8808_[0, 0, 1].png"
-1.9557884,-48.51317,"mp-18515_[0, 0, 1].png"
-16.159967,6.1798296,"mp-2714217_[0, 0, 1].png"
0.24083886,0.5457985,"mp-5853_[0, 0, 1].png"
46.752094,26.749834,"mp-769028_[0, 0, 1].png"
-8.992511,26.577604,"mp-753207_[0, 0, 1].png"
-22.288866,43.218304,"mp-510421_[0, 0, 1].png"
38.85012,-22.392748,"mp-768159_[0, 0, 1].png"
-8.695657,7.2814803,"mp-505267_[0, 0, 1].png"
36.80679,38.74899,"mp-1262735_[0, 0, 1].png"
-10.308273,-21.087221,"mp-1202299_[0, 0, 1].png"
43.77482,32.01842,"mp-984718_[0, 0, 1].png"
-34.31968,30.20918,"mp-1077182_[0, 0, 1].png"
-59.618103,-20.023726,"mp-1222068_[0, 0, 1].png"
25.978848,-44.480423,"mp-1074916_[0, 0, 1].png"
-49.289825,-20.407082,"mp-5082_[0, 0, 1].png"
-12.138803,-32.49897,"mp-2714878_[0, 0, 1].png"
17.699871,24.723179,"mp-1178101_[0, 0, 1].png"
10.605901,-25.839827,"mp-1013642_[0, 0, 1].png"
1.6040312,41.506428,"mp-1210293_[0, 0, 1].png"
-47.243896,-1.8689364,"mp-555165_[0, 0, 1].png"
-17.523174,10.288853,"mp-1189879_[0, 0, 1].png"
-28.914528,-20.140936,"mp-769046_[0, 0, 1].png"
42.871525,39.33899,"mp-1214083_[0, 0, 1].png"
-0.054333363,-50.82656,"mp-554856_[0, 0, 1].png"
-57.606297,-8.33888,"mp-552729_[0, 0, 1].png"
40.235004,20.812487,"mp-1039_[0, 0, 1].png"
-13.60908,-34.499462,"mp-1207493_[0, 0, 1].png"
34.833286,28.453903,"mp-1073743_[0, 0, 1].png"
-13.860459,-5.253168,"mp-707532_[0, 0, 1].png"
9.25224,-21.141472,"mp-732203_[0, 0, 1].png"
0.3600278,-60.924004,"mp-770503_[0, 0, 1].png"
-24.941156,40.473026,"mp-626750_[0, 0, 1].png"
46.798813,-1.9524257,"mp-758844_[0, 0, 1].png"
-58.749123,-9.453168,"mp-1221557_[0, 0, 1].png"
14.810523,-12.78026,"mp-704943_[0, 0, 1].png"
-39.516933,2.0262184,"mp-1189696_[0, 0, 1].png"
-21.188215,48.515007,"mp-11654_[0, 0, 1].png"
-20.897179,-3.5471919,"mp-1226865_[0, 0, 1].png"
9.966545,-9.556595,"mp-755254_[0, 0, 1].png"
-38.429485,-30.774601,"mp-768521_[0, 0, 1].png"
-27.570559,-27.704937,"mp-1227284_[0, 0, 1].png"
18.508617,35.19882,"mp-2714989_[0, 0, 1].png"
42.456074,-27.451406,"mp-1247561_[0, 0, 1].png"
47.12781,-14.176158,"mp-677015_[0, 0, 1].png"
43.42408,-22.035292,"mp-1217068_[0, 0, 1].png"
36.347603,10.376788,"mp-1071820_[0, 0, 1].png"
19.788078,-8.8088,"mp-1225177_[0, 0, 1].png"
-32.819244,-3.2489643,"mp-1100444_[0, 0, 1].png"
57.149418,-3.110235,"mp-772287_[0, 0, 1].png"
42.18766,-38.327496,"mp-1048620_[0, 0, 1].png"
45.094395,-33.717907,"mp-626083_[0, 0, 1].png"
-31.478077,-23.279243,"mp-754589_[0, 0, 1].png"
23.788027,-42.427174,"mp-11607_[0, 0, 1].png"
-9.878932,-38.584763,"mp-16136_[0, 0, 1].png"
35.8457,2.2546453,"mp-1221188_[0, 0, 1].png"
26.507414,12.010671,"mp-1196701_[0, 0, 1].png"
-2.336048,-50.55105,"mp-1075091_[0, 0, 1].png"
-19.969604,-6.55472,"mp-1216755_[0, 0, 1].png"
-35.37263,-46.89321,"mp-2714557_[0, 0, 1].png"
5.023907,19.835966,"mp-1100471_[0, 0, 1].png"
3.1074681,54.72089,"mp-1222602_[0, 0, 1].png"
1.2024881,-53.21474,"mp-570175_[0, 0, 1].png"
50.505836,1.3627071,"mp-570483_[0, 0, 1].png"
50.50771,-2.284374,"mp-24354_[0, 0, 1].png"
-21.751116,49.813236,"mp-1220856_[0, 0, 1].png"
13.369708,-11.535084,"mp-1041196_[0, 0, 1].png"
-4.1089115,-5.8223147,"mp-2715093_[0, 0, 1].png"
1.6136211,17.090847,"mp-555194_[0, 0, 1].png"
11.703374,-57.784645,"mp-6922_[0, 0, 1].png"
26.817074,-32.96148,"mp-1540546_[0, 0, 1].png"
46.87682,36.721653,"mp-1044945_[0, 0, 1].png"
17.620035,7.505653,"mp-10952_[0, 0, 1].png"
-52.67939,-7.4736304,"mp-1778_[0, 0, 1].png"
55.248806,7.6586366,"mp-1043800_[0, 0, 1].png"
-34.887188,-35.17907,"mp-545756_[0, 0, 1].png"
-35.233383,-27.079271,"mp-1216763_[0, 0, 1].png"
13.316703,-28.427908,"mp-752617_[0, 0, 1].png"
-21.491041,-7.8758388,"mp-2715101_[0, 0, 1].png"
47.559746,35.18128,"mp-1072082_[0, 0, 1].png"
12.65766,-12.305002,"mp-2712844_[0, 0, 1].png"
-54.826645,-14.624896,"mp-760050_[0, 0, 1].png"
-30.561205,-29.52602,"mp-2713384_[0, 0, 1].png"
-48.602863,-24.41205,"mp-1025262_[0, 0, 1].png"
-42.92985,-18.92183,"mp-644129_[0, 0, 1].png"
-43.378403,18.420525,"mp-1195188_[0, 0, 1].png"
-29.164629,-42.837376,"mp-10668_[0, 0, 1].png"
40.486225,-26.227901,"mp-998591_[0, 0, 1].png"
-1.4073788,-42.87396,"mp-1204200_[0, 0, 1].png"
11.745671,34.991875,"mp-557070_[0, 0, 1].png"
63.256638,8.227928,"mp-17605_[0, 0, 1].png"
59.107166,1.2360609,"mp-1986763_[0, 0, 1].png"
-5.6196685,39.151344,"mp-1041251_[0, 0, 1].png"
-28.445099,40.921837,"mp-1023935_[0, 0, 1].png"
42.916252,36.39352,"mp-1104857_[0, 0, 1].png"
-0.5824629,38.451656,"mp-2712727_[0, 0, 1].png"
-13.164198,-41.860905,"mp-1074292_[0, 0, 1].png"
8.223837,-5.0468745,"mp-8976_[0, 0, 1].png"
54.613697,-1.5550104,"mp-755246_[0, 0, 1].png"
62.866165,7.515363,"mp-1211060_[0, 0, 1].png"
47.351784,-12.873983,"mp-1211019_[0, 0, 1].png"
-45.5833,26.777285,"mp-2715963_[0, 0, 1].png"
1.270583,17.407545,"mp-1019100_[0, 0, 1].png"
20.136534,-35.629078,"mp-2713480_[0, 0, 1].png"
2.477733,49.754208,"mp-669378_[0, 0, 1].png"
54.208954,-0.460747,"mp-1220864_[0, 0, 1].png"
16.145576,-29.55545,"mp-1212001_[0, 0, 1].png"
-7.884455,-13.053128,"mp-29136_[0, 0, 1].png"
13.458839,-2.7109764,"mp-1245372_[0, 0, 1].png"
-1.7662264,-46.5765,"mp-771248_[0, 0, 1].png"
8.036638,-3.3210225,"mp-1399089_[0, 0, 1].png"
37.968586,24.457853,"mp-650392_[0, 0, 1].png"
19.799006,3.079872,"mp-2714336_[0, 0, 1].png"
45.3626,-24.645466,"mp-1198916_[0, 0, 1].png"
-7.161273,-24.628895,"mp-769377_[0, 0, 1].png"
61.660454,7.233782,"mp-568656_[0, 0, 1].png"
0.46669033,2.9048202,"mp-1183042_[0, 0, 1].png"
-9.101786,5.298766,"mp-2715956_[0, 0, 1].png"
-28.805813,-38.2973,"mp-1216132_[0, 0, 1].png"
-16.660059,-11.313478,"mp-1077789_[0, 0, 1].png"
10.286558,-57.825203,"mp-4763_[0, 0, 1].png"
16.88148,33.48575,"mp-675941_[0, 0, 1].png"
-39.993374,19.672031,"mp-2715953_[0, 0, 1].png"
-15.203489,25.244726,"mp-582175_[0, 0, 1].png"
-23.74639,0.09057462,"mp-35082_[0, 0, 1].png"
6.094332,4.3303175,"mp-17426_[0, 0, 1].png"
35.932636,29.102068,"mp-35269_[0, 0, 1].png"
38.60046,29.756224,"mp-557596_[0, 0, 1].png"
-3.8608582,9.478559,"mp-753030_[0, 0, 1].png"
40.676582,-35.85534,"mp-626727_[0, 0, 1].png"
12.980321,-50.97202,"mp-2713607_[0, 0, 1].png"
-3.3277197,35.041195,"mp-1219269_[0, 0, 1].png"
20.054613,42.301647,"mp-2712622_[0, 0, 1].png"
23.824709,2.9543123,"mp-866665_[0, 0, 1].png"
8.523247,-61.30245,"mp-4904_[0, 0, 1].png"
-15.339596,3.1166859,"mp-3107_[0, 0, 1].png"
-23.520884,35.032227,"mp-1247851_[0, 0, 1].png"
-40.069275,3.186684,"mp-753735_[0, 0, 1].png"
-47.2188,8.175201,"mp-1192887_[0, 0, 1].png"
-7.227233,43.05574,"mp-2716492_[0, 0, 1].png"
0.49611953,51.389153,"mp-14482_[0, 0, 1].png"
-43.349655,23.04155,"mp-1214228_[0, 0, 1].png"
9.038493,57.375763,"mp-1265992_[0, 0, 1].png"
-30.99876,-40.63762,"mp-1029378_[0, 0, 1].png"
-28.843845,-30.209047,"mp-754929_[0, 0, 1].png"
5.051596,55.07189,"mp-2714199_[0, 0, 1].png"
-17.482931,-45.53009,"mp-1211507_[0, 0, 1].png"
-63.80828,-9.014332,"mp-28035_[0, 0, 1].png"
-30.618748,-21.55774,"mp-27167_[0, 0, 1].png"
-31.26933,15.60288,"mp-35822_[0, 0, 1].png"
-4.812064,-7.7675657,"mp-19767_[0, 0, 1].png"
-17.227285,40.598923,"mp-1176566_[0, 0, 1].png"
36.521084,1.6033785,"mp-556364_[0, 0, 1].png"
-14.778392,10.326823,"mp-733_[0, 0, 1].png"
22.31165,40.54102,"mp-2714185_[0, 0, 1].png"
-19.144285,32.01859,"mp-409_[0, 0, 1].png"
4.406228,41.356712,"mp-753440_[0, 0, 1].png"
8.274944,-5.806267,"mp-1225503_[0, 0, 1].png"
-17.162464,-50.135,"mp-14506_[0, 0, 1].png"
15.365108,7.3497424,"mp-560721_[0, 0, 1].png"
7.073219,3.8069794,"mp-1212286_[0, 0, 1].png"
2.2734346,-41.22275,"mp-1012789_[0, 0, 1].png"
14.3715,44.244038,"mp-849321_[0, 0, 1].png"
23.059011,-11.743794,"mp-1208587_[0, 0, 1].png"
20.103794,42.57316,"mp-1073294_[0, 0, 1].png"
43.212418,-24.339323,"mp-567129_[0, 0, 1].png"
2.7934375,-46.836723,"mp-2716137_[0, 0, 1].png"
-23.192085,-3.9204516,"mp-1191705_[0, 0, 1].png"
-18.63291,-4.2184396,"mp-550759_[0, 0, 1].png"
3.113297,-38.103493,"mp-1222104_[0, 0, 1].png"
-42.503365,-16.690067,"mp-17366_[0, 0, 1].png"
49.96831,-7.7543716,"mp-10802_[0, 0, 1].png"
-29.761833,20.43415,"mp-1075016_[0, 0, 1].png"
31.99857,-21.895992,"mp-757429_[0, 0, 1].png"
-43.717583,-0.21955219,"mp-764642_[0, 0, 1].png"
-27.169249,-21.447092,"mp-761106_[0, 0, 1].png"
60.205948,-2.6423798,"mp-1194354_[0, 0, 1].png"
-46.174534,18.007233,"mp-1227662_[0, 0, 1].png"
3.9114144,17.256927,"mp-728512_[0, 0, 1].png"
15.504323,-8.607845,"mp-1043541_[0, 0, 1].png"
41.06786,20.902369,"mp-1093675_[0, 0, 1].png"
-15.702137,-49.85594,"mp-569711_[0, 0, 1].png"
17.540758,-10.138301,"mp-2714787_[0, 0, 1].png"
-25.730738,48.19931,"mp-17553_[0, 0, 1].png"
-35.117313,-37.326675,"mp-1200944_[0, 0, 1].png"
42.06826,26.029863,"mp-2714360_[0, 0, 1].png"
22.791077,28.337143,"mp-1074858_[0, 0, 1].png"
50.77978,30.715593,"mp-2712766_[0, 0, 1].png"
-18.898136,38.823452,"mp-686208_[0, 0, 1].png"
-23.525227,-26.124996,"mp-571242_[0, 0, 1].png"
-21.600319,31.210125,"mp-550959_[0, 0, 1].png"
16.162212,-35.832787,"mp-631376_[0, 0, 1].png"
26.276304,6.0859213,"mp-239_[0, 0, 1].png"
10.361808,-59.093002,"mp-756672_[0, 0, 1].png"
-5.8178015,18.617147,"mp-1043738_[0, 0, 1].png"
21.395369,-24.294962,"mp-1211776_[0, 0, 1].png"
-37.958073,-44.682495,"mp-1173560_[0, 0, 1].png"
-48.43519,-0.42864758,"mp-29365_[0, 0, 1].png"
-36.465275,-6.297493,"mp-42227_[0, 0, 1].png"
-25.17357,32.103786,"mp-22258_[0, 0, 1].png"
31.655144,6.434729,"mp-27211_[0, 0, 1].png"
-46.998234,2.0301714,"mp-1247816_[0, 0, 1].png"
-0.8550904,35.29803,"mp-1219182_[0, 0, 1].png"
7.4256473,-48.439877,"mp-972733_[0, 0, 1].png"
-18.227922,-43.331177,"mp-759234_[0, 0, 1].png"
28.729805,13.219313,"mp-26783_[0, 0, 1].png"
-38.218506,5.645696,"mp-1193401_[0, 0, 1].png"
24.225016,45.07782,"mp-1202790_[0, 0, 1].png"
-33.25418,-38.062237,"mp-2713066_[0, 0, 1].png"
41.447483,33.6636,"mp-675006_[0, 0, 1].png"
40.057182,-20.63735,"mp-13082_[0, 0, 1].png"
40.33614,-17.25283,"mp-1074061_[0, 0, 1].png"
-16.763823,-49.506527,"mp-568968_[0, 0, 1].png"
-21.93698,38.414684,"mp-553919_[0, 0, 1].png"
32.70119,9.84228,"mp-4043_[0, 0, 1].png"
-16.78565,49.97534,"mp-1227528_[0, 0, 1].png"
6.3900013,60.130486,"mp-2715914_[0, 0, 1].png"
16.173183,-39.27313,"mp-24181_[0, 0, 1].png"
-18.386005,-47.832676,"mp-557614_[0, 0, 1].png"
-28.620567,-37.44493,"mp-2715932_[0, 0, 1].png"
57.05634,3.6097484,"mp-555528_[0, 0, 1].png"
10.175458,-51.111294,"mp-22994_[0, 0, 1].png"
-20.878242,57.91282,"mp-1203998_[0, 0, 1].png"
-33.035194,-2.9917397,"mp-756361_[0, 0, 1].png"
9.401064,51.05548,"mp-1014244_[0, 0, 1].png"
6.58959,-61.103733,"mp-1263670_[0, 0, 1].png"
-1.3211967,-24.968794,"mp-860939_[0, 0, 1].png"
43.578884,-24.464853,"mp-1223597_[0, 0, 1].png"
-31.525433,-27.422337,"mp-2713385_[0, 0, 1].png"
-23.31873,-0.31183124,"mp-1220870_[0, 0, 1].png"
-3.056944,47.49968,"mp-1043585_[0, 0, 1].png"
-48.53823,24.947226,"mp-1075655_[0, 0, 1].png"
-19.612116,35.448235,"mp-3128_[0, 0, 1].png"
-30.655228,-44.24746,"mp-2714880_[0, 0, 1].png"
-45.599926,6.23311,"mp-560603_[0, 0, 1].png"
4.404382,60.710167,"mp-758825_[0, 0, 1].png"
-0.91464365,-58.810177,"mp-21097_[0, 0, 1].png"
30.244535,7.616736,"mp-698558_[0, 0, 1].png"
22.534382,13.628036,"mp-2715918_[0, 0, 1].png"
9.762311,57.157764,"mp-561635_[0, 0, 1].png"
-52.201454,-21.280153,"mp-1194142_[0, 0, 1].png"
5.0027733,18.065865,"mp-22583_[0, 0, 1].png"
-9.763333,12.769593,"mp-753277_[0, 0, 1].png"
37.306564,35.631046,"mp-1207312_[0, 0, 1].png"
-11.488375,-38.877506,"mp-1101851_[0, 0, 1].png"
-18.142166,59.290936,"mp-2715376_[0, 0, 1].png"
-7.46071,-19.18942,"mp-754979_[0, 0, 1].png"
2.5427113,4.538568,"mp-759014_[0, 0, 1].png"
-1.1977116,-45.102932,"mp-1020123_[0, 0, 1].png"
-24.51601,33.533024,"mp-35751_[0, 0, 1].png"
37.258038,-26.381573,"mp-9996_[0, 0, 1].png"
-30.627314,15.562773,"mp-1216609_[0, 0, 1].png"
-45.66032,-19.884684,"mp-1225061_[0, 0, 1].png"
51.113007,20.05899,"mp-1195048_[0, 0, 1].png"
-51.295235,-10.960942,"mp-3524_[0, 0, 1].png"
9.722161,-56.70875,"mp-2713655_[0, 0, 1].png"
35.06579,6.9093533,"mp-779704_[0, 0, 1].png"
17.547632,-11.212462,"mp-661_[0, 0, 1].png"
-6.914895,-15.275419,"mp-1207082_[0, 0, 1].png"
-0.17752516,36.886868,"mp-2712523_[0, 0, 1].png"
18.783781,-29.680504,"mp-1202842_[0, 0, 1].png"
34.863537,31.853891,"mp-1019566_[0, 0, 1].png"
5.0292826,-58.990692,"mp-2714972_[0, 0, 1].png"
3.8154259,-59.062542,"mp-5326_[0, 0, 1].png"
-2.9387593,42.01086,"mp-1221753_[0, 0, 1].png"
-32.815334,-37.99614,"mp-722455_[0, 0, 1].png"
30.43171,-13.303226,"mp-1246146_[0, 0, 1].png"
35.414795,31.01604,"mp-1216783_[0, 0, 1].png"
-0.78180164,-12.659029,"mp-10091_[0, 0, 1].png"
-2.212794,-42.90347,"mp-568056_[0, 0, 1].png"
-17.228811,55.22506,"mp-6356_[0, 0, 1].png"
-17.459452,-43.336212,"mp-1075744_[0, 0, 1].png"
51.56967,24.726566,"mp-1078922_[0, 0, 1].png"
33.416733,6.6883397,"mp-17944_[0, 0, 1].png"
-45.203087,-1.037372,"mp-755256_[0, 0, 1].png"
-11.063822,23.546885,"mp-642210_[0, 0, 1].png"
60.09148,5.580504,"mp-2712998_[0, 0, 1].png"
-40.793606,4.583956,"mp-1210862_[0, 0, 1].png"
9.05572,-60.413353,"mp-1201554_[0, 0, 1].png"
22.407412,42.126633,"mp-551905_[0, 0, 1].png"
22.877066,42.923035,"mp-1211967_[0, 0, 1].png"
60.98082,0.6419846,"mp-10341_[0, 0, 1].png"
-23.349066,-27.514732,"mp-973391_[0, 0, 1].png"
41.457726,-8.213852,"mp-1077503_[0, 0, 1].png"
6.4249406,-0.8025303,"mp-7324_[0, 0, 1].png"
-19.546879,9.700131,"mp-626716_[0, 0, 1].png"
-1.5219886,-9.062914,"mp-616564_[0, 0, 1].png"
-31.43965,-39.31006,"mp-1714_[0, 0, 1].png"
16.335543,38.79999,"mp-1195463_[0, 0, 1].png"
14.981206,27.428364,"mp-556544_[0, 0, 1].png"
-4.417894,-23.929968,"mp-1212647_[0, 0, 1].png"
-0.22295268,-40.568554,"mp-5429_[0, 0, 1].png"
-29.204338,39.7248,"mp-1221261_[0, 0, 1].png"
2.3404543,-4.2089896,"mp-1019524_[0, 0, 1].png"
20.370789,28.243963,"mp-560210_[0, 0, 1].png"
3.5867066,-5.9145308,"mp-1248557_[0, 0, 1].png"
-0.3708289,46.019367,"mp-1196025_[0, 0, 1].png"
-37.162926,27.669184,"mp-15653_[0, 0, 1].png"
50.030384,-13.577687,"mp-1223420_[0, 0, 1].png"
-41.761753,21.139446,"mp-2715312_[0, 0, 1].png"
-10.217457,18.237173,"mp-33880_[0, 0, 1].png"
-21.567446,-5.0602503,"mp-11390_[0, 0, 1].png"
-51.546944,-21.69498,"mp-1212442_[0, 0, 1].png"
30.432583,3.6541612,"mp-606393_[0, 0, 1].png"
4.9389496,-41.79677,"mp-542550_[0, 0, 1].png"
-64.74327,-11.665317,"mp-999498_[0, 0, 1].png"
-28.930046,40.847504,"mp-5514_[0, 0, 1].png"
-2.3984957,-21.519485,"mp-1247016_[0, 0, 1].png"
-16.873335,34.102303,"mp-18361_[0, 0, 1].png"
37.3295,-23.137405,"mp-12433_[0, 0, 1].png"
48.384712,31.691141,"mp-9947_[0, 0, 1].png"
47.335987,-27.921713,"mp-9816_[0, 0, 1].png"
15.37612,-24.808084,"mp-781081_[0, 0, 1].png"
2.6776786,-3.0875509,"mp-753364_[0, 0, 1].png"
21.447441,40.233803,"mp-2716077_[0, 0, 1].png"
-35.790318,-27.401976,"mp-17719_[0, 0, 1].png"
-38.40316,14.318366,"mp-1245610_[0, 0, 1].png"
1.724209,-37.31982,"mp-1244647_[0, 0, 1].png"
46.3983,-2.7031672,"mp-7916_[0, 0, 1].png"
-50.44926,24.652185,"mp-2716478_[0, 0, 1].png"
14.259466,-14.1659775,"mp-1210628_[0, 0, 1].png"
20.46742,-32.356148,"mp-23871_[0, 0, 1].png"
-18.59809,38.580257,"mp-1041006_[0, 0, 1].png"
-9.306103,-35.202015,"mp-10797_[0, 0, 1].png"
23.375608,8.617974,"mp-29721_[0, 0, 1].png"
-0.655884,20.500406,"mp-18353_[0, 0, 1].png"
2.3135774,20.455322,"mp-707339_[0, 0, 1].png"
-32.046627,-30.993252,"mp-1173745_[0, 0, 1].png"
42.37313,-21.565561,"mp-2716414_[0, 0, 1].png"
62.50046,4.4621773,"mp-2713323_[0, 0, 1].png"
-32.300785,-44.483707,"mp-861554_[0, 0, 1].png"
26.785477,17.715935,"mp-759972_[0, 0, 1].png"
8.303535,-3.5053298,"mp-5031_[0, 0, 1].png"
-49.736008,27.762583,"mp-1025366_[0, 0, 1].png"
4.8517547,-52.320194,"mp-972808_[0, 0, 1].png"
-9.374826,17.048687,"mp-16794_[0, 0, 1].png"
-33.276836,15.970807,"mp-15950_[0, 0, 1].png"
-13.931137,25.184265,"mp-1264530_[0, 0, 1].png"
23.44173,2.9096322,"mp-3668_[0, 0, 1].png"
-19.607328,53.043186,"mp-2716015_[0, 0, 1].png"
-18.51659,5.658274,"mp-2713120_[0, 0, 1].png"
5.308838,61.98687,"mp-2714242_[0, 0, 1].png"
2.410645,-45.425518,"mp-1212660_[0, 0, 1].png"
-7.7645974,-8.471802,"mp-1210399_[0, 0, 1].png"
24.925558,-1.881585,"mp-1214670_[0, 0, 1].png"
13.700341,-27.313408,"mp-1019360_[0, 0, 1].png"
28.001434,19.8871,"mp-1188856_[0, 0, 1].png"
25.211962,-35.942184,"mp-1201366_[0, 0, 1].png"
6.433605,18.586086,"mp-36912_[0, 0, 1].png"
41.549946,-6.707211,"mp-773512_[0, 0, 1].png"
23.36281,44.9391,"mp-22958_[0, 0, 1].png"
-13.772904,-32.342308,"mp-758141_[0, 0, 1].png"
-63.12447,-5.86047,"mp-756775_[0, 0, 1].png"
-24.795752,17.919584,"mp-2714893_[0, 0, 1].png"
-6.481103,5.531054,"mp-23292_[0, 0, 1].png"
21.225302,-40.406258,"mp-686310_[0, 0, 1].png"
-11.886036,17.325544,"mp-31306_[0, 0, 1].png"
-22.46978,25.127598,"mp-695082_[0, 0, 1].png"
-10.546619,-25.292355,"mp-1044099_[0, 0, 1].png"
5.084467,-58.175365,"mp-23963_[0, 0, 1].png"
-3.7478216,22.014889,"mp-690542_[0, 0, 1].png"
-34.60694,-39.97719,"mp-1080691_[0, 0, 1].png"
-23.67639,58.35123,"mp-34459_[0, 0, 1].png"
20.592386,-8.262708,"mp-27791_[0, 0, 1].png"
16.162937,-13.583404,"mp-1222097_[0, 0, 1].png"
-25.52031,-32.52755,"mp-1205906_[0, 0, 1].png"
-42.908024,-17.337784,"mp-2716118_[0, 0, 1].png"
24.027882,2.742808,"mp-2716332_[0, 0, 1].png"
-22.941374,56.43129,"mp-557773_[0, 0, 1].png"
-15.574425,13.702504,"mp-35035_[0, 0, 1].png"
-53.295982,-21.025417,"mp-1042320_[0, 0, 1].png"
-46.829327,-19.138966,"mp-554359_[0, 0, 1].png"
7.351297,1.5610939,"mp-569577_[0, 0, 1].png"
-4.153616,41.566334,"mp-684864_[0, 0, 1].png"
33.45597,8.157489,"mp-766038_[0, 0, 1].png"
4.9661794,61.673298,"mp-766179_[0, 0, 1].png"
-31.210508,-23.122398,"mp-1234313_[0, 0, 1].png"
-43.89638,-1.6593467,"mp-1194598_[0, 0, 1].png"
0.049133364,-40.54276,"mp-1245434_[0, 0, 1].png"
-22.891535,33.57871,"mp-2713098_[0, 0, 1].png"
12.29013,-7.512856,"mp-1224146_[0, 0, 1].png"
25.702295,14.162077,"mp-2714262_[0, 0, 1].png"
16.420252,25.674986,"mp-1246895_[0, 0, 1].png"
23.432816,-12.39353,"mp-1105597_[0, 0, 1].png"
-46.255375,7.154994,"mp-1227994_[0, 0, 1].png"
18.01394,-5.0672565,"mp-567271_[0, 0, 1].png"
-24.824375,53.763565,"mp-1226625_[0, 0, 1].png"
-39.07716,-45.64102,"mp-729_[0, 0, 1].png"
12.211166,-2.2567105,"mp-1046114_[0, 0, 1].png"
-21.025784,47.465626,"mp-1074291_[0, 0, 1].png"
-63.95983,-7.4463406,"mp-1073013_[0, 0, 1].png"
-15.641001,1.0944939,"mp-7473_[0, 0, 1].png"
11.917314,33.898357,"mp-1095827_[0, 0, 1].png"
-48.439995,-12.16541,"mp-754940_[0, 0, 1].png"
-48.86657,25.70567,"mp-2714473_[0, 0, 1].png"
-13.181217,-35.211205,"mp-2715679_[0, 0, 1].png"
-24.2176,-6.1867547,"mp-1075577_[0, 0, 1].png"
-27.858097,-30.362953,"mp-557814_[0, 0, 1].png"
-11.460809,8.859966,"mp-6402_[0, 0, 1].png"
-22.582047,-14.150837,"mp-16363_[0, 0, 1].png"
-9.414393,-10.845408,"mp-1246202_[0, 0, 1].png"
-14.191794,-32.26274,"mp-1040450_[0, 0, 1].png"
5.703607,21.143099,"mp-1199895_[0, 0, 1].png"
21.817055,-45.7145,"mp-1221602_[0, 0, 1].png"
2.1822393,-42.578865,"mp-758632_[0, 0, 1].png"
44.14084,-29.630499,"mp-504984_[0, 0, 1].png"
39.425068,30.827465,"mp-778819_[0, 0, 1].png"
10.728619,-54.16187,"mp-1202207_[0, 0, 1].png"
-34.069794,-5.097982,"mp-2714324_[0, 0, 1].png"
19.325579,-9.358761,"mp-1225459_[0, 0, 1].png"
23.792631,-29.923248,"mp-559177_[0, 0, 1].png"
51.352795,-7.5179977,"mp-1224424_[0, 0, 1].png"
39.32365,23.305428,"mp-23349_[0, 0, 1].png"
24.18892,27.861465,"mp-1020161_[0, 0, 1].png"
20.751873,-8.53186,"mp-1180295_[0, 0, 1].png"
11.280964,-51.062595,"mp-1246975_[0, 0, 1].png"
44.043106,20.535467,"mp-865507_[0, 0, 1].png"
-13.304231,-32.083687,"mp-2714832_[0, 0, 1].png"
8.976084,-49.649105,"mp-1238485_[0, 0, 1].png"
-22.171513,49.633045,"mp-757294_[0, 0, 1].png"
-48.094975,4.2777553,"mp-2712876_[0, 0, 1].png"
-58.734577,-17.138775,"mp-1044696_[0, 0, 1].png"
-50.463345,29.646803,"mp-2716232_[0, 0, 1].png"
-34.52268,22.981236,"mp-862787_[0, 0, 1].png"
-45.27093,0.009236872,"mp-752484_[0, 0, 1].png"
16.998013,-6.9591355,"mp-1378984_[0, 0, 1].png"
-56.430393,-7.470012,"mp-9775_[0, 0, 1].png"
-41.331158,20.87995,"mp-2714766_[0, 0, 1].png"
43.02525,-37.12616,"mp-2713027_[0, 0, 1].png"
25.375805,-42.985836,"mp-1068734_[0, 0, 1].png"
0.16492838,-35.34157,"mp-29491_[0, 0, 1].png"
-12.781843,-30.362473,"mp-11142_[0, 0, 1].png"
-3.895985,-21.809767,"mp-555087_[0, 0, 1].png"
-63.33639,-9.153466,"mp-12955_[0, 0, 1].png"
-33.257282,-2.8587453,"mp-1205386_[0, 0, 1].png"
51.016186,-5.8411145,"mp-5461_[0, 0, 1].png"
38.44264,-14.785078,"mp-1039843_[0, 0, 1].png"
-16.350178,9.683383,"mp-757890_[0, 0, 1].png"
37.307533,25.702963,"mp-1206993_[0, 0, 1].png"
18.9492,-5.7583117,"mp-1216581_[0, 0, 1].png"
-24.070963,32.326797,"mp-1264218_[0, 0, 1].png"
-49.48999,6.1211824,"mp-2713032_[0, 0, 1].png"
13.476156,-29.57396,"mp-1221257_[0, 0, 1].png"
-32.800907,-39.00577,"mp-1235717_[0, 0, 1].png"
44.139065,20.27112,"mp-1220352_[0, 0, 1].png"
2.1085494,19.240047,"mp-29798_[0, 0, 1].png"
17.069668,-9.048686,"mp-569280_[0, 0, 1].png"
24.728317,-12.361573,"mp-558879_[0, 0, 1].png"
-37.183296,-42.605614,"mp-561349_[0, 0, 1].png"
13.460949,-30.76159,"mp-568661_[0, 0, 1].png"
7.0138445,5.7025228,"mp-223_[0, 0, 1].png"
3.7239716,-52.524544,"mp-2712898_[0, 0, 1].png"
-31.526236,15.905911,"mp-1207887_[0, 0, 1].png"
-42.881027,-14.263116,"mp-1245748_[0, 0, 1].png"
-32.42677,16.424028,"mp-30300_[0, 0, 1].png"
-34.28223,-26.917807,"mp-1221846_[0, 0, 1].png"
23.454144,-13.109532,"mp-1044037_[0, 0, 1].png"
31.755957,9.641121,"mp-2715185_[0, 0, 1].png"
-33.122307,-6.2948685,"mp-1078014_[0, 0, 1].png"
9.39448,-20.994505,"mp-2715453_[0, 0, 1].png"
15.830465,9.12872,"mp-1191811_[0, 0, 1].png"
-50.097088,27.048262,"mp-707105_[0, 0, 1].png"
-20.060944,4.951658,"mp-19875_[0, 0, 1].png"
12.398745,32.397297,"mp-1099083_[0, 0, 1].png"
56.017353,0.7064992,"mp-1173631_[0, 0, 1].png"
57.932514,-4.2655177,"mp-626500_[0, 0, 1].png"
41.83994,-37.3165,"mp-971712_[0, 0, 1].png"
-43.182316,9.141186,"mp-1224372_[0, 0, 1].png"
-25.013485,18.609232,"mp-1040886_[0, 0, 1].png"
-22.311363,53.750774,"mp-1207305_[0, 0, 1].png"
-47.903934,28.527025,"mp-25971_[0, 0, 1].png"
-40.59925,28.490421,"mp-1013910_[0, 0, 1].png"
51.36884,-7.495525,"mp-6783_[0, 0, 1].png"
47.14368,2.6010878,"mp-1639_[0, 0, 1].png"
-33.024506,-4.0340805,"mp-7787_[0, 0, 1].png"
47.200123,-1.3686028,"mp-14168_[0, 0, 1].png"
-12.7596245,-25.503347,"mp-1226480_[0, 0, 1].png"
-21.491932,1.2456901,"mp-2715114_[0, 0, 1].png"
-23.065374,7.0770555,"mp-2714353_[0, 0, 1].png"
12.708546,27.43152,"mp-995194_[0, 0, 1].png"
-0.56129533,-54.34967,"mp-8943_[0, 0, 1].png"
-24.26922,-28.920937,"mp-30927_[0, 0, 1].png"
-2.5707207,18.81954,"mp-2714263_[0, 0, 1].png"
-32.15765,22.632334,"mp-556246_[0, 0, 1].png"
-33.465626,-5.005259,"mp-28240_[0, 0, 1].png"
17.94762,23.622234,"mp-1221952_[0, 0, 1].png"
-17.1357,-8.651769,"mp-600016_[0, 0, 1].png"
53.66305,-3.4110901,"mp-2716144_[0, 0, 1].png"
-21.663174,29.135347,"mp-756117_[0, 0, 1].png"
-5.8402824,37.17301,"mp-555676_[0, 0, 1].png"
15.457832,-30.719402,"mp-626977_[0, 0, 1].png"
-58.430397,-13.497506,"mp-13538_[0, 0, 1].png"
-14.964921,-3.0135126,"mp-1073686_[0, 0, 1].png"
-17.055944,-4.8040195,"mp-625151_[0, 0, 1].png"
42.902992,-39.28258,"mp-19131_[0, 0, 1].png"
-54.147335,-12.21668,"mp-769953_[0, 0, 1].png"
48.761616,18.782217,"mp-28549_[0, 0, 1].png"
15.300076,-41.04562,"mp-1074263_[0, 0, 1].png"
4.456094,20.819767,"mp-555983_[0, 0, 1].png"
18.921293,35.850292,"mp-18578_[0, 0, 1].png"
2.972248,-44.498356,"mp-2715826_[0, 0, 1].png"
-33.803078,2.1799865,"mp-1189560_[0, 0, 1].png"
-17.943617,-42.556335,"mp-1073456_[0, 0, 1].png"
8.698026,-10.211721,"mp-1044052_[0, 0, 1].png"
-45.040234,7.8115916,"mp-753634_[0, 0, 1].png"
2.0126524,51.13581,"mp-1220034_[0, 0, 1].png"
-11.29166,-33.120045,"mp-774557_[0, 0, 1].png"
24.854046,-0.16237563,"mp-1216112_[0, 0, 1].png"
38.35804,32.576893,"mp-561352_[0, 0, 1].png"
-24.743618,31.720192,"mp-17095_[0, 0, 1].png"
-16.747646,32.835995,"mp-1228999_[0, 0, 1].png"
10.013703,-27.203398,"mp-27573_[0, 0, 1].png"
17.507557,-14.656906,"mp-29091_[0, 0, 1].png"
-24.164497,30.949844,"mp-1220972_[0, 0, 1].png"
18.630608,32.583893,"mp-1216700_[0, 0, 1].png"
-24.43492,-11.075207,"mp-7582_[0, 0, 1].png"
-32.511665,-44.16045,"mp-7064_[0, 0, 1].png"
5.533793,-45.014717,"mp-1020115_[0, 0, 1].png"
45.18094,32.53435,"mp-5707_[0, 0, 1].png"
-11.882563,0.9569359,"mp-4730_[0, 0, 1].png"
-2.6291099,-56.777176,"mp-18303_[0, 0, 1].png"
-45.644287,-16.333862,"mp-1233096_[0, 0, 1].png"
-1.427607,-24.666325,"mp-9095_[0, 0, 1].png"
-34.950817,18.122257,"mp-556044_[0, 0, 1].png"
-45.825558,-22.101772,"mp-12954_[0, 0, 1].png"
-33.869907,0.45685428,"mp-2713010_[0, 0, 1].png"
19.943333,-42.674965,"mp-2716575_[0, 0, 1].png"
-18.765856,-8.797075,"mp-976707_[0, 0, 1].png"
-2.2113652,-50.901894,"mp-27228_[0, 0, 1].png"
-13.329332,-33.067245,"mp-753300_[0, 0, 1].png"
-15.162352,3.9656506,"mp-560247_[0, 0, 1].png"
-44.771023,2.3286178,"mp-774146_[0, 0, 1].png"
-16.74857,7.3942733,"mp-581303_[0, 0, 1].png"
38.26674,23.739998,"mp-760364_[0, 0, 1].png"
5.5904775,-55.133698,"mp-1207683_[0, 0, 1].png"
-42.80778,-40.356655,"mp-27376_[0, 0, 1].png"
-45.138496,-14.651426,"mp-7931_[0, 0, 1].png"
17.56946,-25.323433,"mp-2714569_[0, 0, 1].png"
-44.11815,24.171686,"mp-556553_[0, 0, 1].png"
12.435121,-10.178417,"mp-774171_[0, 0, 1].png"
18.09665,8.320435,"mp-1206515_[0, 0, 1].png"
21.717377,33.336487,"mp-13863_[0, 0, 1].png"
40.92291,-28.194813,"mp-1029404_[0, 0, 1].png"
0.99715954,24.206705,"mp-1182427_[0, 0, 1].png"
-13.383694,24.829575,"mp-1207203_[0, 0, 1].png"
-49.069996,-16.354252,"mp-23667_[0, 0, 1].png"
-21.999561,-4.770601,"mp-1044794_[0, 0, 1].png"
1.1585939,47.326954,"mp-1074338_[0, 0, 1].png"
-36.74076,27.832056,"mp-1224346_[0, 0, 1].png"
-27.768204,-35.622353,"mp-5928_[0, 0, 1].png"
-41.703304,23.419035,"mp-1042062_[0, 0, 1].png"
-21.984957,33.842804,"mp-768221_[0, 0, 1].png"
1.1282552,12.148793,"mp-19728_[0, 0, 1].png"
-20.761251,-3.4191947,"mp-758637_[0, 0, 1].png"
-31.08589,-43.635303,"mp-1211190_[0, 0, 1].png"
0.17749888,-22.877663,"mp-600004_[0, 0, 1].png"
11.277652,21.448153,"mp-2714282_[0, 0, 1].png"
44.135784,22.848934,"mp-1228626_[0, 0, 1].png"
16.080978,29.430525,"mp-21316_[0, 0, 1].png"
-24.916454,-35.307102,"mp-1173803_[0, 0, 1].png"
47.398087,-19.631254,"mp-772750_[0, 0, 1].png"
15.879579,-21.76385,"mp-1220724_[0, 0, 1].png"
-2.6699376,16.932968,"mp-1183445_[0, 0, 1].png"
-45.53128,24.744911,"mp-36641_[0, 0, 1].png"
4.1912327,48.64157,"mp-1072645_[0, 0, 1].png"
-33.86069,2.4062068,"mp-1209041_[0, 0, 1].png"
35.47783,-33.32883,"mp-866651_[0, 0, 1].png"
23.116035,-38.063168,"mp-1075385_[0, 0, 1].png"
18.402811,6.7642264,"mp-2715945_[0, 0, 1].png"
33.466206,-0.33652782,"mp-1020628_[0, 0, 1].png"
-29.804329,-35.93579,"mp-21890_[0, 0, 1].png"
-21.164778,-14.464682,"mp-1194418_[0, 0, 1].png"
53.946743,-2.3427012,"mp-1225916_[0, 0, 1].png"
-48.694714,23.222643,"mp-1193423_[0, 0, 1].png"
46.82497,36.46559,"mp-720338_[0, 0, 1].png"
50.855152,0.66349924,"mp-1101943_[0, 0, 1].png"
-31.606216,37.1537,"mp-33319_[0, 0, 1].png"
41.089928,-7.353046,"mp-23672_[0, 0, 1].png"
-12.887459,-27.134575,"mp-1190872_[0, 0, 1].png"
-2.282466,22.317251,"mp-2714411_[0, 0, 1].png"
-5.506335,-10.760571,"mp-13775_[0, 0, 1].png"
46.87391,36.567707,"mp-7204_[0, 0, 1].png"
47.197845,-10.428198,"mp-734814_[0, 0, 1].png"
16.674192,31.427078,"mp-2715335_[0, 0, 1].png"
-23.496935,48.51332,"mp-771650_[0, 0, 1].png"
28.744799,17.231354,"mp-1032022_[0, 0, 1].png"
3.7184117,23.855383,"mp-752915_[0, 0, 1].png"
-3.0412693,35.605503,"mp-15349_[0, 0, 1].png"
-16.30442,-29.397589,"mp-11168_[0, 0, 1].png"
-8.709545,8.228159,"mp-10405_[0, 0, 1].png"
-45.353584,20.261923,"mp-3934_[0, 0, 1].png"
35.79989,32.80833,"mp-2715814_[0, 0, 1].png"
-46.86411,-0.6462536,"mp-759095_[0, 0, 1].png"
-33.175785,-45.923203,"mp-8355_[0, 0, 1].png"
-4.0627174,37.87982,"mp-2714183_[0, 0, 1].png"
-8.510831,9.511797,"mp-2716356_[0, 0, 1].png"
-1.2962564,-8.774304,"mp-1041763_[0, 0, 1].png"
-41.10661,-19.711672,"mp-1046244_[0, 0, 1].png"
-35.78653,-39.155933,"mp-557480_[0, 0, 1].png"
-4.1724954,51.053345,"mp-2714328_[0, 0, 1].png"
-19.5087,51.580193,"mp-2712900_[0, 0, 1].png"
-60.139088,-10.980038,"mp-6753_[0, 0, 1].png"
14.50252,-8.341028,"mp-555218_[0, 0, 1].png"
4.58604,21.133684,"mp-677813_[0, 0, 1].png"
35.95606,-26.890463,"mp-32868_[0, 0, 1].png"
0.5951064,21.320919,"mp-1222571_[0, 0, 1].png"
-0.3568625,58.769894,"mp-752844_[0, 0, 1].png"
24.126108,18.626696,"mp-556661_[0, 0, 1].png"
-56.99566,-11.808074,"mp-758703_[0, 0, 1].png"
-14.242551,2.2981515,"mp-2715227_[0, 0, 1].png"
-18.801487,57.404617,"mp-1070_[0, 0, 1].png"
15.328769,23.640398,"mp-1219557_[0, 0, 1].png"
-16.806366,-1.6134715,"mp-28782_[0, 0, 1].png"
-10.423859,-24.062567,"mp-1020056_[0, 0, 1].png"
16.883709,-4.1579776,"mp-541381_[0, 0, 1].png"
-22.308128,30.687468,"mp-649944_[0, 0, 1].png"
34.621025,-16.658264,"mp-1262173_[0, 0, 1].png"
52.327145,2.497499,"mp-2715668_[0, 0, 1].png"
-15.161576,-2.6049771,"mp-19241_[0, 0, 1].png"
-4.4264975,-10.200452,"mp-1221761_[0, 0, 1].png"
19.106905,-12.061636,"mp-20586_[0, 0, 1].png"
33.984524,31.968365,"mp-676049_[0, 0, 1].png"
-30.070423,13.286734,"mp-559240_[0, 0, 1].png"
-43.208645,18.467485,"mp-556198_[0, 0, 1].png"
-46.97332,2.3007245,"mp-1218812_[0, 0, 1].png"
1.3163494,2.2083778,"mp-861290_[0, 0, 1].png"
24.974644,2.2081115,"mp-705871_[0, 0, 1].png"
-63.964203,-11.3606205,"mp-1045606_[0, 0, 1].png"
-26.921747,37.18539,"mp-23651_[0, 0, 1].png"
5.031594,-44.222782,"mp-4025_[0, 0, 1].png"
19.447012,-8.799365,"mp-1221153_[0, 0, 1].png"
-53.44551,-22.3088,"mp-1213190_[0, 0, 1].png"
10.592682,-0.32557952,"mp-5621_[0, 0, 1].png"
34.291443,-3.8728273,"mp-1102541_[0, 0, 1].png"
1.7063746,47.240944,"mp-1255039_[0, 0, 1].png"
-13.35205,1.3366307,"mp-2714876_[0, 0, 1].png"
31.226645,-18.334389,"mp-1079908_[0, 0, 1].png"
7.1429906,-43.46242,"mp-12015_[0, 0, 1].png"
-23.52578,43.635056,"mp-557387_[0, 0, 1].png"
-41.439877,-16.920979,"mp-1020109_[0, 0, 1].png"
-14.675862,-0.3916547,"mp-1211554_[0, 0, 1].png"
9.08699,-61.085514,"mp-2715049_[0, 0, 1].png"
62.156384,8.412293,"mp-1246267_[0, 0, 1].png"
36.579422,-17.463165,"mp-11000_[0, 0, 1].png"
4.2602906,-18.494022,"mp-7909_[0, 0, 1].png"
8.50539,-22.046125,"mp-757219_[0, 0, 1].png"
-13.468295,-24.533873,"mp-1068364_[0, 0, 1].png"
-12.129893,8.867714,"mp-6316_[0, 0, 1].png"
-16.124508,-8.211229,"mp-557723_[0, 0, 1].png"
-47.335037,4.8673263,"mp-559532_[0, 0, 1].png"
-39.720745,23.799494,"mp-1225614_[0, 0, 1].png"
-1.1663135,15.460121,"mp-1029868_[0, 0, 1].png"
-5.391427,-58.24202,"mp-754308_[0, 0, 1].png"
5.32755,5.4432826,"mp-8184_[0, 0, 1].png"
-46.927418,25.422802,"mp-558728_[0, 0, 1].png"
-16.959599,7.338308,"mp-2714340_[0, 0, 1].png"
11.655279,-56.707165,"mp-625604_[0, 0, 1].png"
7.3202806,-48.577553,"mp-17244_[0, 0, 1].png"
49.593613,18.377254,"mp-1173490_[0, 0, 1].png"
-38.408436,17.653715,"mp-1261785_[0, 0, 1].png"
-7.1023846,-23.709585,"mp-12459_[0, 0, 1].png"
8.774686,0.88685185,"mp-23719_[0, 0, 1].png"
-27.260767,13.435412,"mp-17155_[0, 0, 1].png"
11.715021,-9.3151865,"mp-30148_[0, 0, 1].png"
19.458994,3.3125267,"mp-753511_[0, 0, 1].png"
6.552934,60.63567,"mp-1173734_[0, 0, 1].png"
-3.399625,18.371334,"mp-2714693_[0, 0, 1].png"
40.659843,-27.391056,"mp-1097620_[0, 0, 1].png"
39.273632,25.833168,"mp-669554_[0, 0, 1].png"
-16.997383,31.877447,"mp-961675_[0, 0, 1].png"
14.090543,-34.445312,"mp-727278_[0, 0, 1].png"
-27.213686,-36.671303,"mp-863261_[0, 0, 1].png"
50.17865,0.36798528,"mp-31093_[0, 0, 1].png"
-26.00814,-33.076004,"mp-755994_[0, 0, 1].png"
39.29176,39.047768,"mp-1224954_[0, 0, 1].png"
1.6848816,39.61964,"mp-866473_[0, 0, 1].png"
-37.305706,28.91603,"mp-1032002_[0, 0, 1].png"
-48.28512,2.1616368,"mp-14_[0, 0, 1].png"
34.60968,36.9676,"mp-962076_[0, 0, 1].png"
-12.751438,-29.777458,"mp-556703_[0, 0, 1].png"
33.25161,8.660027,"mp-18572_[0, 0, 1].png"
-15.795668,43.024185,"mp-2712849_[0, 0, 1].png"
-61.664276,-5.360779,"mp-1073647_[0, 0, 1].png"
-5.886649,-14.235547,"mp-1172466_[0, 0, 1].png"
-41.34853,8.824306,"mp-1073367_[0, 0, 1].png"
40.756634,-21.585709,"mp-1201442_[0, 0, 1].png"
-38.30534,27.807028,"mp-7595_[0, 0, 1].png"
11.526509,-56.62197,"mp-674981_[0, 0, 1].png"
2.2563047,-36.00386,"mp-8235_[0, 0, 1].png"
-17.593035,22.067282,"mp-2716114_[0, 0, 1].png"
-37.53536,18.760555,"mp-4169_[0, 0, 1].png"
-43.10912,26.493126,"mp-13843_[0, 0, 1].png"
22.167553,-7.9465847,"mp-2715779_[0, 0, 1].png"
7.1753216,54.42647,"mp-4906_[0, 0, 1].png"
2.4518285,-18.165575,"mp-18147_[0, 0, 1].png"
-0.03895912,59.81201,"mp-1202545_[0, 0, 1].png"
18.881569,45.533577,"mp-1202030_[0, 0, 1].png"
21.51112,30.27014,"mp-2713299_[0, 0, 1].png"
-9.480742,-9.982035,"mp-2713368_[0, 0, 1].png"
-59.246185,-5.2802024,"mp-1100708_[0, 0, 1].png"
46.639835,-3.8888912,"mp-1198125_[0, 0, 1].png"
-49.573986,-14.816218,"mp-669367_[0, 0, 1].png"
-27.552357,13.605841,"mp-1079037_[0, 0, 1].png"
-0.8890212,-48.120426,"mp-12411_[0, 0, 1].png"
-51.064705,-22.173685,"mp-759166_[0, 0, 1].png"
-21.48053,54.769848,"mp-4452_[0, 0, 1].png"
18.40114,-31.356108,"mp-1192679_[0, 0, 1].png"
9.553806,-25.33437,"mp-1007924_[0, 0, 1].png"
-12.124279,24.953352,"mp-1199978_[0, 0, 1].png"
18.173565,-27.164837,"mp-504952_[0, 0, 1].png"
-50.47986,-16.261827,"mp-557777_[0, 0, 1].png"
41.41664,19.73732,"mp-1220307_[0, 0, 1].png"
-25.40557,-38.768536,"mp-755132_[0, 0, 1].png"
25.340797,0.6795725,"mp-677618_[0, 0, 1].png"
-50.462444,30.824202,"mp-1210416_[0, 0, 1].png"
7.342952,34.381508,"mp-23837_[0, 0, 1].png"
7.331634,-55.759926,"mp-758191_[0, 0, 1].png"
-11.431855,-38.975655,"mp-627398_[0, 0, 1].png"
-16.767113,-11.676007,"mp-1329473_[0, 0, 1].png"
5.3185244,5.751717,"mp-1043740_[0, 0, 1].png"
32.13377,-19.243614,"mp-12902_[0, 0, 1].png"
43.27427,-28.760366,"mp-1204778_[0, 0, 1].png"
-26.346287,-33.320496,"mp-1025316_[0, 0, 1].png"
1.0439276,-17.04545,"mp-1347683_[0, 0, 1].png"
-24.59758,-24.518908,"mp-1255862_[0, 0, 1].png"
56.741592,-4.2339435,"mp-1074934_[0, 0, 1].png"
3.125925,-38.021004,"mp-2714827_[0, 0, 1].png"
29.562513,-18.438965,"mp-2713763_[0, 0, 1].png"
-3.1983514,23.005383,"mp-2713040_[0, 0, 1].png"
13.008528,30.513807,"mp-695708_[0, 0, 1].png"
-34.09005,25.792494,"mp-625521_[0, 0, 1].png"
3.196455,57.056458,"mp-780620_[0, 0, 1].png"
3.3962066,63.885418,"mp-16995_[0, 0, 1].png"
-22.645329,-7.1707535,"mp-1074408_[0, 0, 1].png"
-43.33181,-12.316884,"mp-2715567_[0, 0, 1].png"
14.400826,-2.233956,"mp-1217053_[0, 0, 1].png"
-38.49577,28.834042,"mp-1220819_[0, 0, 1].png"
0.3741329,41.46254,"mp-1196785_[0, 0, 1].png"
-61.424843,-16.546677,"mp-1211323_[0, 0, 1].png"
45.61275,-3.729105,"mp-2714550_[0, 0, 1].png"
-43.868336,-14.064767,"mp-2716007_[0, 0, 1].png"
-22.024534,-10.263479,"mp-1009639_[0, 0, 1].png"
41.67053,22.855577,"mp-2714442_[0, 0, 1].png"
-46.21408,-18.216597,"mp-1044537_[0, 0, 1].png"
13.168514,34.789356,"mp-4163_[0, 0, 1].png"
42.029285,16.793394,"mp-2712803_[0, 0, 1].png"
-2.4634385,14.080089,"mp-571636_[0, 0, 1].png"
39.09097,-35.25953,"mp-1219226_[0, 0, 1].png"
-44.41755,-18.931217,"mp-758434_[0, 0, 1].png"
43.270416,22.145199,"mp-1078494_[0, 0, 1].png"
-13.658155,-43.413334,"mp-1208917_[0, 0, 1].png"
25.006283,-12.359748,"mp-1037835_[0, 0, 1].png"
56.899853,-7.9340563,"mp-625254_[0, 0, 1].png"
-55.95353,-13.705073,"mp-2713311_[0, 0, 1].png"
-47.973114,-18.924494,"mp-557194_[0, 0, 1].png"
-50.802242,26.25165,"mp-754026_[0, 0, 1].png"
41.94529,-22.640911,"mp-1188823_[0, 0, 1].png"
44.713024,-31.429262,"mp-1194879_[0, 0, 1].png"
3.9067194,1.0581851,"mp-24625_[0, 0, 1].png"
2.348109,1.1162845,"mp-1020114_[0, 0, 1].png"
-61.740993,-10.999278,"mp-971855_[0, 0, 1].png"
11.081272,-35.21568,"mp-1103166_[0, 0, 1].png"
0.22173017,-38.54167,"mp-1017439_[0, 0, 1].png"
14.840309,18.478575,"mp-6181_[0, 0, 1].png"
-23.698109,38.346912,"mp-1026700_[0, 0, 1].png"
-41.526497,28.844805,"mp-1187364_[0, 0, 1].png"
-11.468801,25.077478,"mp-541032_[0, 0, 1].png"
1.8720801,-55.103817,"mp-2714331_[0, 0, 1].png"
52.4761,4.8567996,"mp-767535_[0, 0, 1].png"
6.4373055,-57.030403,"mp-865615_[0, 0, 1].png"
-27.205135,28.690107,"mp-1043369_[0, 0, 1].png"
-46.498737,-14.3781395,"mp-14589_[0, 0, 1].png"
11.972334,-2.6153557,"mp-5752_[0, 0, 1].png"
-20.238455,32.736343,"mp-680293_[0, 0, 1].png"
-26.626036,33.664425,"mp-625111_[0, 0, 1].png"
-37.623695,24.033108,"mp-555899_[0, 0, 1].png"
44.50511,28.764254,"mp-1219842_[0, 0, 1].png"
13.307218,-2.2631874,"mp-2714749_[0, 0, 1].png"
-53.491535,-16.642365,"mp-6073_[0, 0, 1].png"
-33.066868,5.1840305,"mp-552623_[0, 0, 1].png"
36.2623,36.1279,"mp-1076936_[0, 0, 1].png"
10.019252,34.61491,"mp-1142992_[0, 0, 1].png"
-33.49888,-5.8335004,"mp-766402_[0, 0, 1].png"
-55.403164,-19.53742,"mp-1250945_[0, 0, 1].png"
0.70799553,-40.134274,"mp-2716535_[0, 0, 1].png"
27.685862,-6.719111,"mp-744914_[0, 0, 1].png"
51.055153,-11.577093,"mp-5835_[0, 0, 1].png"
-8.937991,-9.907033,"mp-2716072_[0, 0, 1].png"
35.41613,39.72059,"mp-2716462_[0, 0, 1].png"
11.936877,-12.941474,"mp-6032_[0, 0, 1].png"
36.50315,31.838678,"mp-1246402_[0, 0, 1].png"
15.9686775,22.760689,"mp-570084_[0, 0, 1].png"
-3.7968192,23.896317,"mp-753671_[0, 0, 1].png"
6.736743,-4.8671002,"mp-775302_[0, 0, 1].png"
34.310337,33.05004,"mp-1222229_[0, 0, 1].png"
0.18908757,59.67559,"mp-998412_[0, 0, 1].png"
21.532148,2.6883411,"mp-706983_[0, 0, 1].png"
43.265106,28.563229,"mp-2716501_[0, 0, 1].png"
-3.2330384,44.73138,"mp-568970_[0, 0, 1].png"
-17.286846,21.075573,"mp-1224260_[0, 0, 1].png"
-10.947947,-23.496067,"mp-14447_[0, 0, 1].png"
-45.33843,23.794884,"mp-727932_[0, 0, 1].png"
41.09284,-27.461313,"mp-2714111_[0, 0, 1].png"
32.897556,-4.1918955,"mp-28334_[0, 0, 1].png"
24.514593,34.824905,"mp-757017_[0, 0, 1].png"
4.815339,-44.648712,"mp-558917_[0, 0, 1].png"
-1.1487437,54.182564,"mp-2716208_[0, 0, 1].png"
40.56806,-34.520866,"mp-505296_[0, 0, 1].png"
9.196137,-11.102994,"mp-19508_[0, 0, 1].png"
1.5931337,15.885506,"mp-17948_[0, 0, 1].png"
-34.17298,-30.039457,"mp-1195212_[0, 0, 1].png"
-24.028723,32.222725,"mp-35208_[0, 0, 1].png"
-21.336273,41.47859,"mp-1250148_[0, 0, 1].png"
19.506296,-32.223324,"mp-1218037_[0, 0, 1].png"
-39.901257,-45.159466,"mp-604970_[0, 0, 1].png"
-19.387135,6.324167,"mp-1044783_[0, 0, 1].png"
46.217373,17.619331,"mp-1042110_[0, 0, 1].png"
-32.235256,-2.145989,"mp-2715385_[0, 0, 1].png"
-16.586151,45.687172,"mp-9359_[0, 0, 1].png"
13.387714,-2.4833796,"mp-754564_[0, 0, 1].png"
-9.547454,-38.386288,"mp-554288_[0, 0, 1].png"
26.544336,14.806469,"mp-2716570_[0, 0, 1].png"
-17.694462,-48.4692,"mp-7667_[0, 0, 1].png"
33.673115,-18.113844,"mp-2715222_[0, 0, 1].png"
7.5902524,-58.022247,"mp-1035937_[0, 0, 1].png"
0.26471484,-9.139812,"mp-866943_[0, 0, 1].png"
-1.4346495,-17.084536,"mp-1818_[0, 0, 1].png"
-19.006746,-41.881893,"mp-7446_[0, 0, 1].png"
-14.752776,24.133211,"mp-771836_[0, 0, 1].png"
-49.800007,-13.899035,"mp-2715723_[0, 0, 1].png"
-12.170787,-1.3098863,"mp-7576_[0, 0, 1].png"
27.529728,12.812688,"mp-1221713_[0, 0, 1].png"
-22.716543,-8.006951,"mp-1206942_[0, 0, 1].png"
-36.992683,27.649473,"mp-757426_[0, 0, 1].png"
-62.66002,-10.919195,"mp-15248_[0, 0, 1].png"
19.379986,-34.892056,"mp-3995_[0, 0, 1].png"
-31.877209,-44.598236,"mp-1030903_[0, 0, 1].png"
58.97687,2.0703762,"mp-560151_[0, 0, 1].png"
20.844479,-38.596035,"mp-2714072_[0, 0, 1].png"
-29.361046,19.54246,"mp-1207071_[0, 0, 1].png"
5.7989182,46.805607,"mp-1069765_[0, 0, 1].png"
16.642483,29.249195,"mp-1073075_[0, 0, 1].png"
16.318693,8.161573,"mp-2716084_[0, 0, 1].png"
-0.2713798,23.289541,"mp-1216324_[0, 0, 1].png"
11.181506,33.92635,"mp-1223242_[0, 0, 1].png"
11.749916,29.967289,"mp-675418_[0, 0, 1].png"
6.069271,-46.537086,"mp-4300_[0, 0, 1].png"
-20.46706,57.54001,"mp-2712629_[0, 0, 1].png"
34.369892,32.489147,"mp-2716534_[0, 0, 1].png"
-21.471655,41.749363,"mp-1205494_[0, 0, 1].png"
-7.1429873,-24.938393,"mp-15074_[0, 0, 1].png"
-11.55668,-25.711575,"mp-1215663_[0, 0, 1].png"
-34.2501,-5.02213,"mp-16855_[0, 0, 1].png"
-36.45093,-36.334652,"mp-560941_[0, 0, 1].png"
37.048435,-14.195703,"mp-1260237_[0, 0, 1].png"
3.2892246,-13.580264,"mp-1023934_[0, 0, 1].png"
42.050617,-10.745013,"mp-21856_[0, 0, 1].png"
39.883728,-19.207123,"mp-504564_[0, 0, 1].png"
51.467243,22.469496,"mp-541550_[0, 0, 1].png"
-1.1875901,36.410683,"mp-14448_[0, 0, 1].png"
-33.32979,-29.382275,"mp-1222655_[0, 0, 1].png"
13.027459,-5.7548485,"mp-1074932_[0, 0, 1].png"
-12.539555,-41.119316,"mp-1192605_[0, 0, 1].png"
51.11717,21.352526,"mp-998555_[0, 0, 1].png"
-42.799763,-19.462309,"mp-1648601_[0, 0, 1].png"
-15.0971575,43.96109,"mp-1079269_[0, 0, 1].png"
-21.53597,40.05995,"mp-1042247_[0, 0, 1].png"
-10.934862,25.641087,"mp-21191_[0, 0, 1].png"
-19.328625,46.22819,"mp-1221321_[0, 0, 1].png"
25.004719,-12.736134,"mp-10426_[0, 0, 1].png"
19.881432,29.138954,"mp-562283_[0, 0, 1].png"
-0.75648874,20.971949,"mp-21402_[0, 0, 1].png"
-24.779785,53.538044,"mp-1220859_[0, 0, 1].png"
21.472687,43.941322,"mp-1233044_[0, 0, 1].png"
6.862954,-59.097176,"mp-972793_[0, 0, 1].png"
2.4242408,-60.397846,"mp-2715440_[0, 0, 1].png"
-20.806139,47.36164,"mp-557137_[0, 0, 1].png"
20.893213,27.408112,"mp-1266342_[0, 0, 1].png"
-37.071136,31.034203,"mp-10284_[0, 0, 1].png"
22.232273,16.878834,"mp-759877_[0, 0, 1].png"
-18.464674,-13.638882,"mp-776478_[0, 0, 1].png"
26.532476,5.418117,"mp-999060_[0, 0, 1].png"
20.34311,-34.960403,"mp-23731_[0, 0, 1].png"
-16.96733,50.00554,"mp-16055_[0, 0, 1].png"
-38.30643,25.337868,"mp-568400_[0, 0, 1].png"
-16.512026,10.185734,"mp-2713328_[0, 0, 1].png"
-38.715145,20.268011,"mp-1030830_[0, 0, 1].png"
-23.869276,-11.909515,"mp-542996_[0, 0, 1].png"
-31.060276,-22.025024,"mp-6841_[0, 0, 1].png"
31.189928,-2.6283698,"mp-22809_[0, 0, 1].png"
-33.58031,-37.359943,"mp-1225781_[0, 0, 1].png"
47.306206,-11.374646,"mp-1227317_[0, 0, 1].png"
-50.177654,3.7642179,"mp-2715739_[0, 0, 1].png"
11.86272,-21.076214,"mp-22894_[0, 0, 1].png"
-19.062298,40.502777,"mp-532105_[0, 0, 1].png"
35.895454,-14.9130335,"mp-1079600_[0, 0, 1].png"
3.1832962,-18.012077,"mp-756401_[0, 0, 1].png"
44.431698,-29.41984,"mp-1215642_[0, 0, 1].png"
3.2451394,49.95932,"mp-1219424_[0, 0, 1].png"
51.57125,-1.1753727,"mp-583836_[0, 0, 1].png"
-25.152582,19.968508,"mp-6796_[0, 0, 1].png"
38.651047,-14.103729,"mp-743761_[0, 0, 1].png"
-47.561466,2.891683,"mp-554540_[0, 0, 1].png"
27.322496,-42.703457,"mp-20554_[0, 0, 1].png"
-36.532726,-43.595318,"mp-1046716_[0, 0, 1].png"
-33.179802,-47.414318,"mp-22949_[0, 0, 1].png"
-1.4567211,41.40468,"mp-1217174_[0, 0, 1].png"
-3.080482,-22.959896,"mp-19351_[0, 0, 1].png"
-35.714584,-36.66016,"mp-4072_[0, 0, 1].png"
16.827736,8.505115,"mp-37207_[0, 0, 1].png"
3.695039,-62.98106,"mp-1044267_[0, 0, 1].png"
-16.522346,25.033606,"mp-580554_[0, 0, 1].png"
56.220127,-1.6308581,"mp-866580_[0, 0, 1].png"
6.3892097,6.2840137,"mp-1191311_[0, 0, 1].png"
3.9841828,61.982307,"mp-2716094_[0, 0, 1].png"
-45.900993,4.556159,"mp-866482_[0, 0, 1].png"
-40.628574,27.983515,"mp-1229075_[0, 0, 1].png"
-3.0432687,40.819675,"mp-2715447_[0, 0, 1].png"
-15.980107,-5.334898,"mp-632402_[0, 0, 1].png"
-64.58948,-8.8224,"mp-849781_[0, 0, 1].png"
23.529047,-38.843998,"mp-774424_[0, 0, 1].png"
33.352974,-21.737621,"mp-23764_[0, 0, 1].png"
1.4876146,44.743164,"mp-1098353_[0, 0, 1].png"
-23.89279,-7.514101,"mp-2714152_[0, 0, 1].png"
-14.222153,-2.912447,"mp-985590_[0, 0, 1].png"
14.010347,26.139,"mp-766458_[0, 0, 1].png"
18.694,4.2966847,"mp-1263117_[0, 0, 1].png"
-16.019215,-3.4270997,"mp-1221210_[0, 0, 1].png"
-33.632336,-24.479858,"mp-21823_[0, 0, 1].png"
14.77064,-36.216915,"mp-1190822_[0, 0, 1].png"
18.064404,25.0954,"mp-1210778_[0, 0, 1].png"
30.62583,-3.1787145,"mp-1374543_[0, 0, 1].png"
-37.484287,3.82783,"mp-753739_[0, 0, 1].png"
-19.252481,57.00305,"mp-1210421_[0, 0, 1].png"
-12.796215,-28.482288,"mp-752461_[0, 0, 1].png"
-34.834713,22.346617,"mp-1221169_[0, 0, 1].png"
-3.3584893,40.633274,"mp-554722_[0, 0, 1].png"
12.891859,38.068806,"mp-571436_[0, 0, 1].png"
36.516953,40.791813,"mp-1250134_[0, 0, 1].png"
7.880677,5.4159737,"mp-1219066_[0, 0, 1].png"
3.6826007,39.404434,"mp-1193862_[0, 0, 1].png"
-48.812023,30.180262,"mp-1047560_[0, 0, 1].png"
37.395947,36.80897,"mp-2715306_[0, 0, 1].png"
17.214024,-30.829903,"mp-2714357_[0, 0, 1].png"
-50.567017,-17.998844,"mp-2716158_[0, 0, 1].png"
-38.225216,-44.248875,"mp-11677_[0, 0, 1].png"
-22.88466,41.831074,"mp-2713023_[0, 0, 1].png"
15.756331,-35.548702,"mp-1075483_[0, 0, 1].png"
50.139423,20.464317,"mp-774598_[0, 0, 1].png"
3.9207935,19.582584,"mp-1029522_[0, 0, 1].png"
-21.387226,6.0369062,"mp-23827_[0, 0, 1].png"
53.45845,-2.3929224,"mp-2716367_[0, 0, 1].png"
-0.3253991,21.379618,"mp-1206455_[0, 0, 1].png"
-31.760803,-34.25115,"mp-1200246_[0, 0, 1].png"
41.039993,-31.652054,"mp-2714384_[0, 0, 1].png"
-41.010246,23.47001,"mp-11674_[0, 0, 1].png"
52.802105,-7.309114,"mp-1245777_[0, 0, 1].png"
3.4851708,-39.80152,"mp-28932_[0, 0, 1].png"
32.860924,-0.004921729,"mp-2715791_[0, 0, 1].png"
-18.033585,38.58543,"mp-2715110_[0, 0, 1].png"
-31.022705,-37.123505,"mp-1103571_[0, 0, 1].png"
-17.026297,-49.5677,"mp-1232382_[0, 0, 1].png"
-28.783989,-32.435978,"mp-1224819_[0, 0, 1].png"
40.77019,19.791868,"mp-2715586_[0, 0, 1].png"
-20.901344,8.6481495,"mp-720509_[0, 0, 1].png"
-8.6909,26.713434,"mp-29526_[0, 0, 1].png"
30.780758,-21.323248,"mp-556257_[0, 0, 1].png"
38.157402,32.664852,"mp-3486_[0, 0, 1].png"
25.169645,-11.890003,"mp-1073590_[0, 0, 1].png"
20.517683,13.101715,"mp-766024_[0, 0, 1].png"
-38.418343,4.9704294,"mp-1197351_[0, 0, 1].png"
-7.0787034,17.321688,"mp-2714081_[0, 0, 1].png"
-16.038523,41.46206,"mp-1041877_[0, 0, 1].png"
-50.753395,-17.35482,"mp-1227682_[0, 0, 1].png"
-36.715775,-39.612988,"mp-1034686_[0, 0, 1].png"
26.852625,2.478649,"mp-680111_[0, 0, 1].png"
-29.803808,14.512857,"mp-1035955_[0, 0, 1].png"
18.209784,-28.366615,"mp-1216261_[0, 0, 1].png"
-22.40324,31.7832,"mp-22290_[0, 0, 1].png"
-2.64885,-55.005566,"mp-1042286_[0, 0, 1].png"
9.112095,-0.46474507,"mp-1044382_[0, 0, 1].png"
53.06815,-6.290465,"mp-1341154_[0, 0, 1].png"
49.502632,23.06158,"mp-7457_[0, 0, 1].png"
-48.543407,-23.40465,"mp-758036_[0, 0, 1].png"
-30.14814,-36.832893,"mp-22722_[0, 0, 1].png"
-19.013502,50.230156,"mp-1226614_[0, 0, 1].png"
0.6160834,-54.69425,"mp-1266421_[0, 0, 1].png"
-25.79546,54.73612,"mp-21616_[0, 0, 1].png"
-3.1374907,42.521946,"mp-14588_[0, 0, 1].png"
-34.88993,-37.179005,"mp-771909_[0, 0, 1].png"
41.852936,36.51379,"mp-559586_[0, 0, 1].png"
44.79603,16.15105,"mp-22067_[0, 0, 1].png"
17.167997,28.566992,"mp-1202769_[0, 0, 1].png"
47.777138,-11.169576,"mp-1019785_[0, 0, 1].png"
-12.90227,8.151633,"mp-554051_[0, 0, 1].png"
-15.162296,-24.642492,"mp-3213_[0, 0, 1].png"
34.611336,25.443022,"mp-1205138_[0, 0, 1].png"
-33.417423,-44.598812,"mp-3191_[0, 0, 1].png"
27.441505,13.669303,"mp-18463_[0, 0, 1].png"
-37.914555,-35.338627,"mp-1044114_[0, 0, 1].png"
3.6502168,18.279238,"mp-1187971_[0, 0, 1].png"
14.851355,-26.201607,"mp-2715753_[0, 0, 1].png"
-3.1128929,-27.834654,"mp-743624_[0, 0, 1].png"
2.1671476,-18.081245,"mp-1228167_[0, 0, 1].png"
23.016794,3.6530497,"mp-2714536_[0, 0, 1].png"
-5.9784303,11.490073,"mp-722896_[0, 0, 1].png"
44.27055,17.740765,"mp-10388_[0, 0, 1].png"
15.71944,-12.899859,"mp-720989_[0, 0, 1].png"
0.2387189,-38.062153,"mp-1072994_[0, 0, 1].png"
39.015606,-35.608303,"mp-1182737_[0, 0, 1].png"
22.446589,10.265695,"mp-1096762_[0, 0, 1].png"
-16.438013,51.95239,"mp-1443513_[0, 0, 1].png"
9.939175,34.542736,"mp-1044487_[0, 0, 1].png"
-10.513467,9.461927,"mp-1223636_[0, 0, 1].png"
9.963339,-10.229806,"mp-754190_[0, 0, 1].png"
41.03438,-25.550714,"mp-762644_[0, 0, 1].png"
5.453915,5.221229,"mp-9007_[0, 0, 1].png"
4.1948924,59.66918,"mp-5599_[0, 0, 1].png"
6.5751348,-9.514234,"mp-1208554_[0, 0, 1].png"
-2.960657,-16.466885,"mp-27335_[0, 0, 1].png"
-12.722816,-28.570574,"mp-561457_[0, 0, 1].png"
-17.780844,39.440514,"mp-774508_[0, 0, 1].png"
-3.0033188,-48.097404,"mp-558509_[0, 0, 1].png"
-47.781948,17.844728,"mp-2714726_[0, 0, 1].png"
-19.26644,-5.5481,"mp-755067_[0, 0, 1].png"
33.095596,12.22448,"mp-1266205_[0, 0, 1].png"
-31.762163,-0.6412429,"mp-686129_[0, 0, 1].png"
20.472208,-43.125828,"mp-1213412_[0, 0, 1].png"
-4.5086656,10.651919,"mp-11670_[0, 0, 1].png"
36.81539,-32.816364,"mp-2714386_[0, 0, 1].png"
-20.191107,-0.9320447,"mp-1074207_[0, 0, 1].png"
-31.489407,-41.991173,"mp-2713236_[0, 0, 1].png"
-17.078318,36.888733,"mp-2716380_[0, 0, 1].png"
51.93896,-7.9929223,"mp-1013850_[0, 0, 1].png"
-13.240937,18.446909,"mp-1227442_[0, 0, 1].png"
-1.6262615,23.054428,"mp-1041677_[0, 0, 1].png"
-50.385418,20.711674,"mp-1102955_[0, 0, 1].png"
41.85544,-32.07808,"mp-32854_[0, 0, 1].png"
14.123752,-14.486635,"mp-1005_[0, 0, 1].png"
-43.11299,-19.1495,"mp-1219185_[0, 0, 1].png"
-14.363614,18.568617,"mp-2712641_[0, 0, 1].png"
31.188307,15.915396,"mp-1099093_[0, 0, 1].png"
42.29526,-11.039697,"mp-1219923_[0, 0, 1].png"
17.523264,-22.816587,"mp-2715712_[0, 0, 1].png"
-35.53625,-29.181004,"mp-676038_[0, 0, 1].png"
43.76367,27.550978,"mp-624355_[0, 0, 1].png"
-31.551292,-31.862623,"mp-2715603_[0, 0, 1].png"
8.503615,27.568348,"mp-2716485_[0, 0, 1].png"
35.84147,9.506711,"mp-1095467_[0, 0, 1].png"
-41.67434,26.370188,"mp-1177702_[0, 0, 1].png"
-34.433296,14.92737,"mp-1019719_[0, 0, 1].png"
-4.1404886,7.9574685,"mp-1078908_[0, 0, 1].png"
-1.4543645,34.433987,"mp-757191_[0, 0, 1].png"
16.210754,-7.4043903,"mp-1031074_[0, 0, 1].png"
-26.615213,44.410458,"mp-2713898_[0, 0, 1].png"
44.274715,24.745213,"mp-554048_[0, 0, 1].png"
-12.176603,21.373077,"mp-26477_[0, 0, 1].png"
-1.3125052,-45.669346,"mp-17926_[0, 0, 1].png"
-26.942158,31.404497,"mp-1173853_[0, 0, 1].png"
-24.802513,-5.183166,"mp-626448_[0, 0, 1].png"
-4.293916,11.710147,"mp-561181_[0, 0, 1].png"
2.317212,54.01152,"mp-21101_[0, 0, 1].png"
23.995,-42.364494,"mp-1073164_[0, 0, 1].png"
39.35068,-29.728067,"mp-1040982_[0, 0, 1].png"
-29.603823,-29.022902,"mp-1191515_[0, 0, 1].png"
-17.423845,-48.86692,"mp-555186_[0, 0, 1].png"
48.344383,28.838627,"mp-768232_[0, 0, 1].png"
-19.883142,32.052868,"mp-2715804_[0, 0, 1].png"
-45.817596,-14.256931,"mp-2712704_[0, 0, 1].png"
-13.583818,10.55268,"mp-1228164_[0, 0, 1].png"
9.962713,-6.533712,"mp-1196159_[0, 0, 1].png"
-23.091324,-6.90849,"mp-38327_[0, 0, 1].png"
-10.3189,-21.755707,"mp-553432_[0, 0, 1].png"
-0.011523761,13.026228,"mp-504351_[0, 0, 1].png"
5.6401086,61.862877,"mp-1074240_[0, 0, 1].png"
4.504164,-43.724346,"mp-2715581_[0, 0, 1].png"
-36.956345,18.485008,"mp-1173812_[0, 0, 1].png"
15.898797,23.319908,"mp-600029_[0, 0, 1].png"
-35.69168,-6.214131,"mp-2714069_[0, 0, 1].png"
23.728924,-44.068043,"mp-8311_[0, 0, 1].png"
10.751509,-22.137758,"mp-972827_[0, 0, 1].png"
-29.886768,-30.426548,"mp-17770_[0, 0, 1].png"
5.3256516,56.35938,"mp-2712969_[0, 0, 1].png"
-42.372166,6.5418844,"mp-550925_[0, 0, 1].png"
17.339296,-22.775856,"mp-18559_[0, 0, 1].png"
1.3527349,55.426025,"mp-758596_[0, 0, 1].png"
41.611176,20.070456,"mp-1235467_[0, 0, 1].png"
-30.436272,-36.48226,"mp-1008506_[0, 0, 1].png"
1.8504243,-3.4356525,"mp-3997_[0, 0, 1].png"
-24.277994,-31.211403,"mp-1073522_[0, 0, 1].png"
-25.646265,44.94738,"mp-2714742_[0, 0, 1].png"
-50.123714,3.045639,"mp-1016928_[0, 0, 1].png"
-18.168598,-6.900194,"mp-1041149_[0, 0, 1].png"
-3.395385,51.050003,"mp-2715660_[0, 0, 1].png"
-41.598072,3.73941,"mp-634_[0, 0, 1].png"
15.5183525,-43.245487,"mp-2715190_[0, 0, 1].png"
15.976945,22.746447,"mp-1248859_[0, 0, 1].png"
-15.550318,23.680038,"mp-568032_[0, 0, 1].png"
18.667831,5.7934685,"mp-759680_[0, 0, 1].png"
0.94930273,-0.44013146,"mp-1217830_[0, 0, 1].png"
-10.795606,-36.449093,"mp-9938_[0, 0, 1].png"
-48.05402,-13.148304,"mp-1225970_[0, 0, 1].png"
22.53274,-43.101086,"mp-759114_[0, 0, 1].png"
-45.533756,-16.22005,"mp-1074685_[0, 0, 1].png"
28.67484,-6.5318956,"mp-2716225_[0, 0, 1].png"
36.539715,-33.52194,"mp-2715994_[0, 0, 1].png"
32.76384,9.317381,"mp-2713508_[0, 0, 1].png"
-40.301987,13.18923,"mp-1233615_[0, 0, 1].png"
-27.89699,-20.33955,"mp-755363_[0, 0, 1].png"
-24.286823,-4.716035,"mp-769365_[0, 0, 1].png"
49.726906,-11.458404,"mp-1211042_[0, 0, 1].png"
-40.959858,18.173824,"mp-759315_[0, 0, 1].png"
-20.209225,9.486508,"mp-7651_[0, 0, 1].png"
-3.711855,-13.873807,"mp-1096170_[0, 0, 1].png"
-56.643127,-19.536701,"mp-15704_[0, 0, 1].png"
-34.201794,27.869268,"mp-1208594_[0, 0, 1].png"
-4.6367884,9.087641,"mp-767276_[0, 0, 1].png"
-20.363731,-4.2268267,"mp-1220366_[0, 0, 1].png"
11.944892,3.5110464,"mp-1222798_[0, 0, 1].png"
-29.443264,-23.545942,"mp-1202494_[0, 0, 1].png"
-9.509548,-11.408878,"mp-695070_[0, 0, 1].png"
39.958336,-27.199001,"mp-1026668_[0, 0, 1].png"
-47.29829,1.1655633,"mp-1210275_[0, 0, 1].png"
16.645786,33.7517,"mp-1073799_[0, 0, 1].png"
-6.2903037,-28.598742,"mp-17260_[0, 0, 1].png"
-25.129005,35.357666,"mp-865269_[0, 0, 1].png"
-4.6042004,37.322033,"mp-18876_[0, 0, 1].png"
-18.727343,10.069041,"mp-1228964_[0, 0, 1].png"
-56.740654,-7.5498023,"mp-1044288_[0, 0, 1].png"
-19.7893,39.206486,"mp-21767_[0, 0, 1].png"
19.995106,-23.95889,"mp-1212184_[0, 0, 1].png"
17.388403,27.366592,"mp-2133_[0, 0, 1].png"
52.439323,-3.7802577,"mp-17240_[0, 0, 1].png"
-38.683197,5.671233,"mp-1096536_[0, 0, 1].png"
-43.17943,0.60624933,"mp-560105_[0, 0, 1].png"
-45.580246,23.038502,"mp-1225280_[0, 0, 1].png"
-4.9781456,-6.7743487,"mp-12797_[0, 0, 1].png"
14.646653,-4.3881006,"mp-772830_[0, 0, 1].png"
49.765614,31.462763,"mp-1103085_[0, 0, 1].png"
-36.651688,-40.62274,"mp-675420_[0, 0, 1].png"
-18.191809,30.70184,"mp-19251_[0, 0, 1].png"
-53.926643,-7.8378572,"mp-2714153_[0, 0, 1].png"
15.1724205,-9.293574,"mp-2713995_[0, 0, 1].png"
3.444472,59.11879,"mp-1221206_[0, 0, 1].png"
-26.970892,42.556896,"mp-684935_[0, 0, 1].png"
48.76312,-13.236631,"mp-1078877_[0, 0, 1].png"
-44.763508,15.392108,"mp-2715837_[0, 0, 1].png"
41.21058,-25.885853,"mp-27255_[0, 0, 1].png"
-1.4242107,57.288425,"mp-2712892_[0, 0, 1].png"
-18.459936,41.81055,"mp-1326565_[0, 0, 1].png"
-15.9508915,-28.530447,"mp-1199837_[0, 0, 1].png"
4.3255324,60.228863,"mp-505467_[0, 0, 1].png"
-19.451725,-7.5720034,"mp-758569_[0, 0, 1].png"
37.40487,-11.990148,"mp-530262_[0, 0, 1].png"
-18.927336,10.408271,"mp-556588_[0, 0, 1].png"
-55.65483,-8.985732,"mp-1215464_[0, 0, 1].png"
-1.9370854,47.529964,"mp-1026711_[0, 0, 1].png"
44.123726,-2.2972806,"mp-763784_[0, 0, 1].png"
44.8961,25.708578,"mp-554105_[0, 0, 1].png"
44.320232,-30.297375,"mp-850217_[0, 0, 1].png"
-56.730114,-7.535723,"mp-1218730_[0, 0, 1].png"
44.097572,29.152784,"mp-561052_[0, 0, 1].png"
3.2563643,-18.895607,"mp-2714476_[0, 0, 1].png"
-54.041386,-15.379471,"mp-1207992_[0, 0, 1].png"
-37.957058,3.7743108,"mp-2713700_[0, 0, 1].png"
20.656652,-33.512653,"mp-12177_[0, 0, 1].png"
16.472134,-41.938324,"mp-22517_[0, 0, 1].png"
29.101135,-6.9419775,"mp-20380_[0, 0, 1].png"
-34.90587,1.9539238,"mp-1022459_[0, 0, 1].png"
28.407133,-2.780295,"mp-1021421_[0, 0, 1].png"
36.114132,-9.513548,"mp-2715199_[0, 0, 1].png"
-51.924217,24.966175,"mp-1043579_[0, 0, 1].png"
16.285557,-29.451033,"mp-1008689_[0, 0, 1].png"
32.972725,8.917456,"mp-26293_[0, 0, 1].png"
21.163975,13.154759,"mp-19103_[0, 0, 1].png"
-30.425907,-24.682844,"mp-13236_[0, 0, 1].png"
46.48969,33.18189,"mp-32760_[0, 0, 1].png"
2.126352,-4.218534,"mp-20435_[0, 0, 1].png"
-8.323755,-19.41113,"mp-707027_[0, 0, 1].png"
-44.482895,5.1250267,"mp-557728_[0, 0, 1].png"
-49.658062,26.283047,"mp-2715690_[0, 0, 1].png"
-55.16997,-7.2100816,"mp-757127_[0, 0, 1].png"
-48.799706,31.708313,"mp-756316_[0, 0, 1].png"
-19.690413,30.95966,"mp-7350_[0, 0, 1].png"
46.411674,-4.8327765,"mp-1105632_[0, 0, 1].png"
0.22924279,-52.22647,"mp-1018093_[0, 0, 1].png"
-16.155855,-50.191647,"mp-4993_[0, 0, 1].png"
-21.684109,-13.650719,"mp-558200_[0, 0, 1].png"
3.8723137,0.4135706,"mp-1256235_[0, 0, 1].png"
59.14442,6.301569,"mp-684816_[0, 0, 1].png"
-7.9351883,-30.179867,"mp-568873_[0, 0, 1].png"
-19.954054,-13.091281,"mp-21569_[0, 0, 1].png"
-8.206292,-30.450466,"mp-780702_[0, 0, 1].png"
-27.945824,-21.432209,"mp-2714883_[0, 0, 1].png"
10.465139,-1.597891,"mp-1105253_[0, 0, 1].png"
-22.421497,-11.842417,"mp-1227644_[0, 0, 1].png"
5.151866,4.5132246,"mp-644419_[0, 0, 1].png"
-16.81248,58.65426,"mp-1019745_[0, 0, 1].png"
23.171299,-11.864647,"mp-2716495_[0, 0, 1].png"
-0.79055804,37.03264,"mp-34293_[0, 0, 1].png"
-38.544247,-1.4221833,"mp-1013577_[0, 0, 1].png"
37.934605,-21.777512,"mp-2715126_[0, 0, 1].png"
-62.539352,-14.321232,"mp-754014_[0, 0, 1].png"
34.04519,-25.17894,"mp-13703_[0, 0, 1].png"
-12.45944,-34.239887,"mp-1193064_[0, 0, 1].png"
-13.697208,-22.046059,"mp-977011_[0, 0, 1].png"
18.82673,-42.515213,"mp-642690_[0, 0, 1].png"
-7.346434,-21.888517,"mp-1220029_[0, 0, 1].png"
58.941868,-1.6702603,"mp-1182800_[0, 0, 1].png"
17.146414,-36.271145,"mp-862778_[0, 0, 1].png"
-10.414377,-37.451553,"mp-758949_[0, 0, 1].png"
41.298275,17.882923,"mp-753280_[0, 0, 1].png"
4.8301888,-62.91821,"mp-28205_[0, 0, 1].png"
3.1946511,-5.7874694,"mp-1228467_[0, 0, 1].png"
35.495285,3.5446818,"mp-1237266_[0, 0, 1].png"
51.510212,24.794079,"mp-2230491_[0, 0, 1].png"
27.865995,12.626255,"mp-2714334_[0, 0, 1].png"
-15.871812,46.84647,"mp-776740_[0, 0, 1].png"
-34.38453,-4.719345,"mp-559084_[0, 0, 1].png"
-39.69298,21.551838,"mp-1217037_[0, 0, 1].png"
35.215298,-16.083261,"mp-755436_[0, 0, 1].png"
-20.128147,35.14966,"mp-555740_[0, 0, 1].png"
-37.656193,4.086873,"mp-2715595_[0, 0, 1].png"
-52.642494,-17.10917,"mp-1074532_[0, 0, 1].png"
41.995277,-33.15017,"mp-850951_[0, 0, 1].png"
-31.43871,-0.29824513,"mp-1074668_[0, 0, 1].png"
42.34255,16.993162,"mp-4524_[0, 0, 1].png"
-2.8183572,-60.979553,"mp-23959_[0, 0, 1].png"
0.18296531,31.039587,"mp-1027858_[0, 0, 1].png"
48.923145,-5.0180373,"mp-570723_[0, 0, 1].png"
-16.529493,24.769201,"mp-758241_[0, 0, 1].png"
37.20196,-17.38352,"mp-1220933_[0, 0, 1].png"
45.31645,-31.991997,"mp-766401_[0, 0, 1].png"
-27.60067,17.647738,"mp-1202962_[0, 0, 1].png"
-21.370453,-11.694818,"mp-1225162_[0, 0, 1].png"
-34.96656,-30.650112,"mp-1176748_[0, 0, 1].png"
24.596506,-45.215145,"mp-685097_[0, 0, 1].png"
-8.176352,-24.043463,"mp-7456_[0, 0, 1].png"
-34.726673,-8.064917,"mp-1041038_[0, 0, 1].png"
-32.14414,-32.26846,"mp-694958_[0, 0, 1].png"
-40.511906,8.34065,"mp-573229_[0, 0, 1].png"
18.841822,-42.499763,"mp-2714407_[0, 0, 1].png"
-32.595413,-26.87725,"mp-2712604_[0, 0, 1].png"
-27.455366,36.29022,"mp-1344756_[0, 0, 1].png"
18.786377,-29.65665,"mp-1219656_[0, 0, 1].png"
-47.93297,-9.640834,"mp-1039959_[0, 0, 1].png"
3.9617078,2.0438762,"mp-1042052_[0, 0, 1].png"
30.751385,16.2468,"mp-1021514_[0, 0, 1].png"
42.53439,-37.233234,"mp-1189702_[0, 0, 1].png"
11.127902,-55.60258,"mp-5026_[0, 0, 1].png"
-42.906784,-13.873513,"mp-2715600_[0, 0, 1].png"
-2.2811804,36.30362,"mp-4896_[0, 0, 1].png"
-5.823771,23.814901,"mp-2715535_[0, 0, 1].png"
-19.28587,48.545822,"mp-2230649_[0, 0, 1].png"
-44.237846,-14.873801,"mp-1019093_[0, 0, 1].png"
-4.7184577,-6.588576,"mp-2715602_[0, 0, 1].png"
-39.944775,-45.347694,"mp-29529_[0, 0, 1].png"
-56.775513,-12.944513,"mp-2715639_[0, 0, 1].png"
36.419724,32.22228,"mp-2716028_[0, 0, 1].png"
-13.171035,-33.277573,"mp-753399_[0, 0, 1].png"
-14.636505,-24.859047,"mp-1208276_[0, 0, 1].png"
4.2994556,-64.23631,"mp-644103_[0, 0, 1].png"
7.2500496,-54.32671,"mp-2219565_[0, 0, 1].png"
-23.844513,-0.72723836,"mp-2715621_[0, 0, 1].png"
-3.0886412,23.003384,"mp-850878_[0, 0, 1].png"
2.7727203,15.503425,"mp-1180119_[0, 0, 1].png"
-46.555817,27.112188,"mp-1043568_[0, 0, 1].png"
5.8286815,50.66003,"mp-27462_[0, 0, 1].png"
6.389843,-0.026151871,"mp-5020_[0, 0, 1].png"
-33.93152,-25.449099,"mp-39823_[0, 0, 1].png"
20.118969,41.117344,"mp-1426051_[0, 0, 1].png"
-50.36172,-24.021889,"mp-1212337_[0, 0, 1].png"
1.6889117,50.49193,"mp-703459_[0, 0, 1].png"
23.282862,34.175938,"mp-851120_[0, 0, 1].png"
0.48112294,-64.171906,"mp-1025382_[0, 0, 1].png"
22.316942,-22.888302,"mp-1255268_[0, 0, 1].png"
-21.18584,8.8183565,"mp-1264130_[0, 0, 1].png"
-22.464897,-7.636332,"mp-3882_[0, 0, 1].png"
-47.63048,3.0820036,"mp-2715223_[0, 0, 1].png"
-11.6110325,24.979906,"mp-1207874_[0, 0, 1].png"
16.272917,-37.730705,"mp-2712542_[0, 0, 1].png"
-3.298356,-25.166103,"mp-675570_[0, 0, 1].png"
34.46717,-20.855822,"mp-1212362_[0, 0, 1].png"
-16.377916,3.5755112,"mp-2715150_[0, 0, 1].png"
-33.293034,-1.8407463,"mp-567130_[0, 0, 1].png"
17.393345,-40.273376,"mp-631455_[0, 0, 1].png"
-30.967888,18.89777,"mp-1251946_[0, 0, 1].png"
38.94647,-25.030613,"mp-3284_[0, 0, 1].png"
42.980392,-1.3584635,"mp-1214087_[0, 0, 1].png"
52.063217,-0.032518897,"mp-1075018_[0, 0, 1].png"
-31.695263,-33.109955,"mp-766106_[0, 0, 1].png"
47.19722,-8.655778,"mp-1219605_[0, 0, 1].png"
-8.869939,-13.472649,"mp-757250_[0, 0, 1].png"
40.457016,28.669374,"mp-1074026_[0, 0, 1].png"
-50.667675,25.669352,"mp-1042040_[0, 0, 1].png"
-18.904696,55.565933,"mp-972822_[0, 0, 1].png"
5.387959,60.579918,"mp-12403_[0, 0, 1].png"
45.110844,20.982056,"mp-23376_[0, 0, 1].png"
6.9078836,-59.43515,"mp-1227323_[0, 0, 1].png"
27.65078,-44.745438,"mp-1094066_[0, 0, 1].png"
5.352893,5.711135,"mp-770404_[0, 0, 1].png"
8.420546,-30.361362,"mp-558629_[0, 0, 1].png"
-5.806231,-25.973608,"mp-1102523_[0, 0, 1].png"
-18.065311,39.01845,"mp-998712_[0, 0, 1].png"
-17.412207,-6.8118773,"mp-699587_[0, 0, 1].png"
-21.311506,-2.2564683,"mp-1201508_[0, 0, 1].png"
15.38355,-37.181065,"mp-556464_[0, 0, 1].png"
47.126194,-11.282582,"mp-553278_[0, 0, 1].png"
19.390232,-27.13138,"mp-1018678_[0, 0, 1].png"
5.401349,-55.367023,"mp-685145_[0, 0, 1].png"
34.403492,13.961857,"mp-754909_[0, 0, 1].png"
3.20956,-61.1728,"mp-768317_[0, 0, 1].png"
2.18738,-17.952011,"mp-1194183_[0, 0, 1].png"
6.571068,16.921103,"mp-1199711_[0, 0, 1].png"
-35.661648,15.588306,"mp-1073362_[0, 0, 1].png"
34.71965,27.339275,"mp-1226069_[0, 0, 1].png"
-0.50029874,38.37462,"mp-2714393_[0, 0, 1].png"
2.3590114,-61.901665,"mp-27810_[0, 0, 1].png"
-12.810904,-32.64151,"mp-5436_[0, 0, 1].png"
-7.0045657,-7.642158,"mp-1185571_[0, 0, 1].png"
20.468658,26.514196,"mp-30232_[0, 0, 1].png"
13.64117,-8.931174,"mp-1396391_[0, 0, 1].png"
30.253511,4.4387617,"mp-1245389_[0, 0, 1].png"
-47.135082,-0.8239526,"mp-1223247_[0, 0, 1].png"
21.08421,44.373383,"mp-1213129_[0, 0, 1].png"
10.902584,-24.144688,"mp-1202190_[0, 0, 1].png"
31.853592,-1.0770928,"mp-2716235_[0, 0, 1].png"
-14.604349,-4.066714,"mp-755278_[0, 0, 1].png"
19.345255,-26.185299,"mp-2716178_[0, 0, 1].png"
20.585567,-11.529881,"mp-978508_[0, 0, 1].png"
34.353672,1.3621079,"mp-1032102_[0, 0, 1].png"
-24.475746,29.954357,"mp-18168_[0, 0, 1].png"
30.005547,-22.25974,"mp-1180331_[0, 0, 1].png"
4.1284747,42.770985,"mp-2714608_[0, 0, 1].png"
52.965393,-0.6040563,"mp-1216355_[0, 0, 1].png"
23.129196,31.48632,"mp-831271_[0, 0, 1].png"
40.216724,27.628836,"mp-12881_[0, 0, 1].png"
-59.367867,-10.781404,"mp-13275_[0, 0, 1].png"
5.2775717,-45.05845,"mp-568619_[0, 0, 1].png"
-10.128484,1.7467922,"mp-640158_[0, 0, 1].png"
-17.669111,-42.459015,"mp-23998_[0, 0, 1].png"
4.7724214,-0.44873354,"mp-18894_[0, 0, 1].png"
9.152593,-53.500313,"mp-1206326_[0, 0, 1].png"
-39.23151,2.6661122,"mp-29931_[0, 0, 1].png"
15.037958,-35.047222,"mp-21855_[0, 0, 1].png"
3.6317313,63.18852,"mp-761124_[0, 0, 1].png"
-3.6253624,11.4082,"mp-1206310_[0, 0, 1].png"
50.43591,21.278538,"mp-558219_[0, 0, 1].png"
23.969395,-38.04254,"mp-1206216_[0, 0, 1].png"
35.791397,7.783009,"mp-542995_[0, 0, 1].png"
-3.016271,38.64867,"mp-1213668_[0, 0, 1].png"
-35.235107,-7.5108886,"mp-1075310_[0, 0, 1].png"
13.446291,34.607075,"mp-1041762_[0, 0, 1].png"
11.658783,24.327297,"mp-759593_[0, 0, 1].png"
-22.041542,55.48128,"mp-762623_[0, 0, 1].png"
39.63813,-20.1578,"mp-1213240_[0, 0, 1].png"
2.7586389,51.27836,"mp-1021464_[0, 0, 1].png"
3.2624595,-65.13181,"mp-1075168_[0, 0, 1].png"
7.3321695,-4.003107,"mp-22895_[0, 0, 1].png"
-10.937399,-20.734566,"mp-2713308_[0, 0, 1].png"
50.593723,28.231956,"mp-585189_[0, 0, 1].png"
-24.184666,-6.764834,"mp-6763_[0, 0, 1].png"
-16.841663,-12.165764,"mp-757077_[0, 0, 1].png"
-20.80276,-16.08959,"mp-1199517_[0, 0, 1].png"
28.178339,-5.8368297,"mp-1043092_[0, 0, 1].png"
18.300005,-6.4023647,"mp-850407_[0, 0, 1].png"
41.463406,-10.136703,"mp-1221675_[0, 0, 1].png"
1.0612171,44.051994,"mp-2714112_[0, 0, 1].png"
-46.77399,-2.7537951,"mp-23576_[0, 0, 1].png"
26.329657,14.385542,"mp-1182405_[0, 0, 1].png"
24.586334,46.40111,"mp-753960_[0, 0, 1].png"
-36.91229,-2.075958,"mp-705894_[0, 0, 1].png"
-3.5381074,-55.81441,"mp-1009820_[0, 0, 1].png"
42.76891,-2.0632932,"mp-8654_[0, 0, 1].png"
15.446345,43.135204,"mp-675586_[0, 0, 1].png"
-13.225864,-37.834377,"mp-2469_[0, 0, 1].png"
7.886675,-55.0773,"mp-1477_[0, 0, 1].png"
51.147522,24.771772,"mp-2714939_[0, 0, 1].png"
-13.740871,-39.732613,"mp-8351_[0, 0, 1].png"
50.104805,-2.771012,"mp-753316_[0, 0, 1].png"
-46.841774,27.73861,"mp-763507_[0, 0, 1].png"
42.993557,27.368145,"mp-24052_[0, 0, 1].png"
-2.9777694,-51.60514,"mp-1019108_[0, 0, 1].png"
4.010155,-37.976974,"mp-1225173_[0, 0, 1].png"
26.874712,-38.147194,"mp-1221157_[0, 0, 1].png"
-19.319975,45.29878,"mp-1191240_[0, 0, 1].png"
-33.02832,15.012918,"mp-1219326_[0, 0, 1].png"
2.870362,-17.76908,"mp-757042_[0, 0, 1].png"
-18.214277,41.04412,"mp-2714943_[0, 0, 1].png"
-31.298197,-26.475502,"mp-13542_[0, 0, 1].png"
-14.006571,12.321986,"mp-2712901_[0, 0, 1].png"
-33.07353,15.351075,"mp-606711_[0, 0, 1].png"
2.625628,11.609225,"mp-1196440_[0, 0, 1].png"
-47.68853,5.538657,"mp-765119_[0, 0, 1].png"
43.90977,-8.113761,"mp-1075030_[0, 0, 1].png"
10.72071,-3.8534825,"mp-571298_[0, 0, 1].png"
22.783245,-9.308562,"mp-640566_[0, 0, 1].png"
-4.884733,-51.729218,"mp-31125_[0, 0, 1].png"
18.012392,-41.827843,"mp-1020029_[0, 0, 1].png"
52.872974,-10.023023,"mp-1227139_[0, 0, 1].png"
29.361137,4.618273,"mp-2714277_[0, 0, 1].png"
-6.034321,48.017086,"mp-1074057_[0, 0, 1].png"
-34.28921,-29.6195,"mp-496_[0, 0, 1].png"
21.382627,-8.04874,"mp-1043538_[0, 0, 1].png"
-0.080453254,-16.936243,"mp-5796_[0, 0, 1].png"
-2.124862,-20.721834,"mp-556604_[0, 0, 1].png"
40.745747,-37.262325,"mp-1173694_[0, 0, 1].png"
-43.705532,18.542986,"mp-17389_[0, 0, 1].png"
8.273348,-43.91694,"mp-680306_[0, 0, 1].png"
38.058575,41.00445,"mp-2715546_[0, 0, 1].png"
-0.41319972,-53.583614,"mp-1178463_[0, 0, 1].png"
21.583199,10.781358,"mp-1019746_[0, 0, 1].png"
22.048376,42.111,"mp-1074468_[0, 0, 1].png"
17.905714,38.868774,"mp-2715895_[0, 0, 1].png"
-49.628815,-13.103594,"mp-6376_[0, 0, 1].png"
-37.77039,24.892332,"mp-2712623_[0, 0, 1].png"
-6.0076237,-8.185825,"mp-1080061_[0, 0, 1].png"
44.585083,28.803108,"mp-559885_[0, 0, 1].png"
59.686558,3.6022153,"mp-1046626_[0, 0, 1].png"
-29.682009,-43.27913,"mp-1400283_[0, 0, 1].png"
3.7000282,5.044199,"mp-24802_[0, 0, 1].png"
-50.754295,22.054712,"mp-1202318_[0, 0, 1].png"
-2.1923249,-55.948296,"mp-1207095_[0, 0, 1].png"
59.22886,4.09677,"mp-16238_[0, 0, 1].png"
-49.956078,-19.721653,"mp-1199544_[0, 0, 1].png"
3.4995944,-57.524452,"mp-568115_[0, 0, 1].png"
-16.070793,22.75868,"mp-6672_[0, 0, 1].png"
2.2983158,50.485146,"mp-505142_[0, 0, 1].png"
44.518578,25.662949,"mp-705516_[0, 0, 1].png"
19.909712,-6.695756,"mp-985571_[0, 0, 1].png"
-9.508722,26.169651,"mp-600038_[0, 0, 1].png"
1.5492591,-21.192738,"mp-4044_[0, 0, 1].png"
-22.472752,1.3479383,"mp-755289_[0, 0, 1].png"
4.4502506,22.106413,"mp-15748_[0, 0, 1].png"
-0.18821792,11.731683,"mp-1070369_[0, 0, 1].png"
-19.705437,54.057827,"mp-2713100_[0, 0, 1].png"
57.33456,-5.443701,"mp-1025271_[0, 0, 1].png"
-29.344358,-30.445864,"mp-507_[0, 0, 1].png"
-0.40445513,-16.366066,"mp-2715389_[0, 0, 1].png"
17.397938,29.363718,"mp-1075351_[0, 0, 1].png"
-29.097292,41.781494,"mp-1206073_[0, 0, 1].png"
18.88899,-22.574463,"mp-2715531_[0, 0, 1].png"
-17.156034,42.164642,"mp-754833_[0, 0, 1].png"
-5.1398044,9.178266,"mp-29104_[0, 0, 1].png"
23.380198,12.640923,"mp-1227544_[0, 0, 1].png"
18.555483,-36.359436,"mp-20535_[0, 0, 1].png"
-5.800099,26.145401,"mp-1102452_[0, 0, 1].png"
24.8211,46.074635,"mp-1220956_[0, 0, 1].png"
15.154165,-26.73691,"mp-1095933_[0, 0, 1].png"
-8.387397,18.346842,"mp-560639_[0, 0, 1].png"
-33.779144,27.104372,"mp-1197574_[0, 0, 1].png"
-9.050599,-33.23725,"mp-6661_[0, 0, 1].png"
43.42349,-26.15666,"mp-1025357_[0, 0, 1].png"
-22.385695,53.862915,"mp-1191000_[0, 0, 1].png"
-7.37269,7.5731034,"mp-1196427_[0, 0, 1].png"
-52.67796,-13.935384,"mp-1248468_[0, 0, 1].png"
-28.725513,18.572884,"mp-1229042_[0, 0, 1].png"
33.50413,25.39682,"mp-560339_[0, 0, 1].png"
-4.446209,-14.72207,"mp-1182785_[0, 0, 1].png"
-1.0670353,26.043951,"mp-1210042_[0, 0, 1].png"
37.01271,-22.08589,"mp-1224294_[0, 0, 1].png"
0.19503614,-17.09853,"mp-28248_[0, 0, 1].png"
-8.743344,22.865126,"mp-759145_[0, 0, 1].png"
-42.37842,-22.187807,"mp-722867_[0, 0, 1].png"
28.117609,-39.340664,"mp-1021666_[0, 0, 1].png"
24.348677,6.4267073,"mp-1044282_[0, 0, 1].png"
44.851437,-25.96146,"mp-556262_[0, 0, 1].png"
17.734907,44.548496,"mp-17827_[0, 0, 1].png"
24.78794,-43.31703,"mp-1179504_[0, 0, 1].png"
39.027607,26.59158,"mp-1073656_[0, 0, 1].png"
41.978146,-26.249195,"mp-2714815_[0, 0, 1].png"
-45.6215,-2.6614997,"mp-543031_[0, 0, 1].png"
-8.135492,16.155334,"mp-1097035_[0, 0, 1].png"
28.44402,-3.3733814,"mp-763464_[0, 0, 1].png"
0.9998704,-54.919754,"mp-1202945_[0, 0, 1].png"
-30.233673,2.3837004,"mp-1247403_[0, 0, 1].png"
-18.427084,53.785767,"mp-28918_[0, 0, 1].png"
5.0823307,2.0561094,"mp-1017314_[0, 0, 1].png"
13.031134,34.99154,"mp-1225142_[0, 0, 1].png"
4.593239,15.225305,"mp-1206654_[0, 0, 1].png"
38.795155,-25.455711,"mp-2713703_[0, 0, 1].png"
-9.1381035,-32.06416,"mp-1261461_[0, 0, 1].png"
-24.400295,-6.8963947,"mp-18311_[0, 0, 1].png"
-28.06276,44.00984,"mp-1210669_[0, 0, 1].png"
-6.800452,15.312734,"mp-2715171_[0, 0, 1].png"
42.51056,28.938292,"mp-8620_[0, 0, 1].png"
5.3068547,-2.1362576,"mp-863076_[0, 0, 1].png"
-56.643837,-20.08837,"mp-988_[0, 0, 1].png"
-28.634697,-19.881857,"mp-754916_[0, 0, 1].png"
1.9388515,-44.52838,"mp-1077251_[0, 0, 1].png"
-26.51062,53.0631,"mp-23807_[0, 0, 1].png"
42.412968,-1.7129792,"mp-754802_[0, 0, 1].png"
22.137383,42.11298,"mp-549706_[0, 0, 1].png"
-27.062784,31.575665,"mp-2715576_[0, 0, 1].png"
43.118656,18.799381,"mp-706430_[0, 0, 1].png"
-34.382603,20.41589,"mp-1195357_[0, 0, 1].png"
26.908838,35.69886,"mp-1228143_[0, 0, 1].png"
-26.980202,-31.556719,"mp-864970_[0, 0, 1].png"
31.043331,9.301618,"mp-569272_[0, 0, 1].png"
17.8189,27.762861,"mp-1024988_[0, 0, 1].png"
48.39943,-0.8465349,"mp-2714748_[0, 0, 1].png"
16.584385,-25.37316,"mp-1221254_[0, 0, 1].png"
-19.502493,28.95081,"mp-1196218_[0, 0, 1].png"
-33.09153,1.9695425,"mp-1214020_[0, 0, 1].png"
-38.57075,23.13612,"mp-2215933_[0, 0, 1].png"
10.222096,-5.3249435,"mp-1012791_[0, 0, 1].png"
29.817032,10.57919,"mp-1080480_[0, 0, 1].png"
-16.706982,46.940563,"mp-42163_[0, 0, 1].png"
-38.603474,0.6872243,"mp-18442_[0, 0, 1].png"
40.835873,38.319252,"mp-2715839_[0, 0, 1].png"
59.523983,8.106648,"mp-554381_[0, 0, 1].png"
-1.2101824,39.34643,"mp-569055_[0, 0, 1].png"
-16.28018,23.705914,"mp-4877_[0, 0, 1].png"
-5.5822167,12.828434,"mp-2714090_[0, 0, 1].png"
14.601462,36.90599,"mp-1075191_[0, 0, 1].png"
-43.562016,-16.141003,"mp-1202442_[0, 0, 1].png"
38.718468,28.839924,"mp-5682_[0, 0, 1].png"
20.939987,-29.295603,"mp-556640_[0, 0, 1].png"
-18.436968,36.076866,"mp-684265_[0, 0, 1].png"
39.38475,-21.082106,"mp-19809_[0, 0, 1].png"
27.639673,16.689915,"mp-7648_[0, 0, 1].png"
-10.471968,22.554255,"mp-568890_[0, 0, 1].png"
-42.609596,27.579607,"mp-673624_[0, 0, 1].png"
10.912186,-53.912395,"mp-3038_[0, 0, 1].png"
-48.429646,6.8279004,"mp-1017534_[0, 0, 1].png"
4.0879583,46.99868,"mp-732195_[0, 0, 1].png"
-5.653134,-24.264683,"mp-1104926_[0, 0, 1].png"
-8.602924,-10.180849,"mp-568801_[0, 0, 1].png"
-17.129787,-48.206017,"mp-2714700_[0, 0, 1].png"
27.467476,-42.63121,"mp-16972_[0, 0, 1].png"
10.183968,53.690132,"mp-1075399_[0, 0, 1].png"
-1.3060746,52.923008,"mp-2714121_[0, 0, 1].png"
19.261282,-35.83083,"mp-2714489_[0, 0, 1].png"
-35.77942,-1.0055286,"mp-1073934_[0, 0, 1].png"
-1.5172597,-41.261555,"mp-763246_[0, 0, 1].png"
-2.6944199,56.751648,"mp-1019378_[0, 0, 1].png"
47.611355,-10.920554,"mp-1249090_[0, 0, 1].png"
15.438983,-22.12534,"mp-7998_[0, 0, 1].png"
1.6351967,45.791428,"mp-1217775_[0, 0, 1].png"
2.5447845,43.931553,"mp-768573_[0, 0, 1].png"
35.016174,25.124224,"mp-675124_[0, 0, 1].png"
53.380665,-1.5119361,"mp-1078724_[0, 0, 1].png"
5.3654146,20.935686,"mp-8686_[0, 0, 1].png"
7.1794252,47.938374,"mp-23849_[0, 0, 1].png"
19.728857,-24.117836,"mp-753854_[0, 0, 1].png"
-28.533113,-44.20649,"mp-1206746_[0, 0, 1].png"
56.349785,7.388126,"mp-1097311_[0, 0, 1].png"
-23.475954,-33.813896,"mp-1073575_[0, 0, 1].png"
17.943771,9.54122,"mp-2714619_[0, 0, 1].png"
-41.772514,20.38134,"mp-1213768_[0, 0, 1].png"
-39.590477,-38.944275,"mp-1205618_[0, 0, 1].png"
-22.568735,39.39285,"mp-11649_[0, 0, 1].png"
23.125542,41.79256,"mp-2714494_[0, 0, 1].png"
-22.647083,30.501102,"mp-1019518_[0, 0, 1].png"
1.7912687,-47.971527,"mp-1210667_[0, 0, 1].png"
-19.644037,7.6889977,"mp-1226006_[0, 0, 1].png"
37.284523,-14.280586,"mp-5546_[0, 0, 1].png"
23.704525,40.562424,"mp-770256_[0, 0, 1].png"
17.898863,24.203777,"mp-29628_[0, 0, 1].png"
13.04704,42.26976,"mp-1205374_[0, 0, 1].png"
19.401567,13.710691,"mp-1019525_[0, 0, 1].png"
-34.90712,-36.783543,"mp-3716_[0, 0, 1].png"
-31.725183,2.6149502,"mp-35264_[0, 0, 1].png"
-16.624401,-49.541084,"mp-1188784_[0, 0, 1].png"
-49.519962,21.251501,"mp-1203262_[0, 0, 1].png"
-11.09626,4.282269,"mp-2713147_[0, 0, 1].png"
24.808146,4.6793375,"mp-756430_[0, 0, 1].png"
-2.8113666,-47.991184,"mp-1403490_[0, 0, 1].png"
47.565784,-4.360168,"mp-555217_[0, 0, 1].png"
-24.788887,17.852262,"mp-675748_[0, 0, 1].png"
-23.411947,-4.919558,"mp-1227573_[0, 0, 1].png"
-3.9257898,37.13363,"mp-766442_[0, 0, 1].png"
51.2471,-6.0223503,"mp-17704_[0, 0, 1].png"
-38.69411,-6.962001,"mp-6960_[0, 0, 1].png"
44.82526,-3.2822835,"mp-1103026_[0, 0, 1].png"
59.62828,6.6843214,"mp-2713857_[0, 0, 1].png"
-4.4740944,-10.656706,"mp-1073669_[0, 0, 1].png"
11.064441,-58.218872,"mp-2716517_[0, 0, 1].png"
-16.243977,39.092133,"mp-2715487_[0, 0, 1].png"
-15.276853,1.2672442,"mp-720971_[0, 0, 1].png"
12.610144,0.93628526,"mp-1194936_[0, 0, 1].png"
-1.6997871,-45.171074,"mp-1204686_[0, 0, 1].png"
-40.407627,8.335438,"mp-562985_[0, 0, 1].png"
14.409188,31.511307,"mp-1074405_[0, 0, 1].png"
-2.5794976,24.552006,"mp-1073232_[0, 0, 1].png"
19.336145,-25.717592,"mp-7664_[0, 0, 1].png"
-49.52953,5.2876215,"mp-2714535_[0, 0, 1].png"
29.89114,-3.5429747,"mp-554243_[0, 0, 1].png"
-19.798529,46.613514,"mp-1073116_[0, 0, 1].png"
-21.626434,33.4462,"mp-1228346_[0, 0, 1].png"
-55.427082,-15.801769,"mp-2954_[0, 0, 1].png"
29.719948,-19.874403,"mp-1232374_[0, 0, 1].png"
14.279392,26.798618,"mp-972839_[0, 0, 1].png"
36.528347,31.603077,"mp-2715392_[0, 0, 1].png"
42.090046,-32.521767,"mp-1385807_[0, 0, 1].png"
17.927513,30.004234,"mp-1198245_[0, 0, 1].png"
31.785072,1.9806051,"mp-1044202_[0, 0, 1].png"
11.942902,30.760977,"mp-1257731_[0, 0, 1].png"
-31.928114,-44.388878,"mp-557780_[0, 0, 1].png"
9.840455,-55.776443,"mp-1200396_[0, 0, 1].png"
-21.770447,51.814816,"mp-1192570_[0, 0, 1].png"
54.552868,-4.5641093,"mp-626720_[0, 0, 1].png"
-26.25685,12.476314,"mp-757948_[0, 0, 1].png"
34.16805,36.50224,"mp-30311_[0, 0, 1].png"
36.476303,-34.967117,"mp-4283_[0, 0, 1].png"
7.1139054,4.525368,"mp-1219690_[0, 0, 1].png"
-15.178872,23.449432,"mp-559377_[0, 0, 1].png"
48.770737,-12.898451,"mp-1216599_[0, 0, 1].png"
-23.86533,-11.088752,"mp-1070603_[0, 0, 1].png"
-44.122112,20.186398,"mp-766119_[0, 0, 1].png"
2.2234616,61.68426,"mp-755493_[0, 0, 1].png"
-18.056225,-8.631974,"mp-1041465_[0, 0, 1].png"
1.0092846,-56.098976,"mp-546202_[0, 0, 1].png"
-40.697403,-39.6553,"mp-29703_[0, 0, 1].png"
2.7576547,1.2197238,"mp-17123_[0, 0, 1].png"
-1.4205124,9.030167,"mp-1029403_[0, 0, 1].png"
39.476326,32.994576,"mp-8479_[0, 0, 1].png"
-18.852757,4.6718507,"mp-1211186_[0, 0, 1].png"
11.606757,-12.847926,"mp-558990_[0, 0, 1].png"
13.361276,33.683285,"mp-2713879_[0, 0, 1].png"
22.42224,28.585009,"mp-7365_[0, 0, 1].png"
42.057884,-23.692577,"mp-1073358_[0, 0, 1].png"
23.518993,27.423292,"mp-542464_[0, 0, 1].png"
-37.668804,-36.60099,"mp-667292_[0, 0, 1].png"
2.3695111,14.539525,"mp-697253_[0, 0, 1].png"
-0.9765836,-9.344011,"mp-554033_[0, 0, 1].png"
56.24264,-3.1047072,"mp-540747_[0, 0, 1].png"
39.361237,26.450312,"mp-230_[0, 0, 1].png"
-13.256245,17.755318,"mp-42805_[0, 0, 1].png"
13.818622,23.749763,"mp-1217112_[0, 0, 1].png"
41.71409,33.261806,"mp-24599_[0, 0, 1].png"
-35.28404,-45.65097,"mp-600084_[0, 0, 1].png"
-39.672993,18.216354,"mp-561173_[0, 0, 1].png"
-5.3473334,9.245178,"mp-1207763_[0, 0, 1].png"
19.567041,-6.4377203,"mp-1220756_[0, 0, 1].png"
41.672993,24.282793,"mp-2713355_[0, 0, 1].png"
-13.51227,-40.93548,"mp-1224549_[0, 0, 1].png"
-12.961351,-36.66676,"mp-753340_[0, 0, 1].png"
20.77664,14.776757,"mp-766582_[0, 0, 1].png"
22.412863,-30.201952,"mp-5452_[0, 0, 1].png"
-39.437252,15.441284,"mp-2714125_[0, 0, 1].png"
-12.016198,-41.77094,"mp-10010_[0, 0, 1].png"
11.084057,-59.40556,"mp-1371287_[0, 0, 1].png"
-25.59216,15.709949,"mp-9538_[0, 0, 1].png"
44.666527,32.984028,"mp-2715627_[0, 0, 1].png"
-7.506521,18.810163,"mp-2715270_[0, 0, 1].png"
32.576237,8.555833,"mp-1210817_[0, 0, 1].png"
-46.300552,3.0794954,"mp-2714019_[0, 0, 1].png"
-37.445446,-32.049717,"mp-1208077_[0, 0, 1].png"
20.34824,-37.487507,"mp-510519_[0, 0, 1].png"
7.262295,-55.68998,"mp-723020_[0, 0, 1].png"
-51.15887,27.443924,"mp-1074144_[0, 0, 1].png"
35.219788,-7.644504,"mp-1043960_[0, 0, 1].png"
-26.02492,-35.65286,"mp-2964_[0, 0, 1].png"
-3.6480632,10.540327,"mp-1187941_[0, 0, 1].png"
43.201523,20.794613,"mp-24118_[0, 0, 1].png"
38.79104,-28.360664,"mp-14721_[0, 0, 1].png"
-23.858816,57.521038,"mp-555918_[0, 0, 1].png"
28.60917,-3.4578657,"mp-17493_[0, 0, 1].png"
-19.828354,40.004158,"mp-27442_[0, 0, 1].png"
29.951696,-3.2227027,"mp-1046688_[0, 0, 1].png"
35.94405,0.93300205,"mp-4182_[0, 0, 1].png"
-17.808569,-2.2482789,"mp-756502_[0, 0, 1].png"
8.333597,28.213793,"mp-541108_[0, 0, 1].png"
-37.520622,5.410209,"mp-1221552_[0, 0, 1].png"
23.726068,13.396295,"mp-2715116_[0, 0, 1].png"
-48.668392,31.55158,"mp-626534_[0, 0, 1].png"
-43.41008,1.7499614,"mp-10453_[0, 0, 1].png"
-63.494663,-5.8394156,"mp-677335_[0, 0, 1].png"
9.187939,-22.381931,"mp-708991_[0, 0, 1].png"
-47.046925,-12.757602,"mp-2712996_[0, 0, 1].png"
39.626633,-17.383654,"mp-2713242_[0, 0, 1].png"
39.177677,26.67206,"mp-2715006_[0, 0, 1].png"
-21.688549,39.793842,"mp-766449_[0, 0, 1].png"
20.759565,43.3278,"mp-4666_[0, 0, 1].png"
19.54158,40.722073,"mp-2713169_[0, 0, 1].png"
-62.47716,-5.6919837,"mp-5724_[0, 0, 1].png"
-47.651722,6.32693,"mp-18292_[0, 0, 1].png"
-44.429016,-21.887903,"mp-28795_[0, 0, 1].png"
17.51929,-4.195802,"mp-20692_[0, 0, 1].png"
-30.21414,-36.384243,"mp-1210316_[0, 0, 1].png"
-45.110023,-22.862078,"mp-802343_[0, 0, 1].png"
-34.23648,-36.363495,"mp-1030850_[0, 0, 1].png"
0.2769118,51.106186,"mp-2716089_[0, 0, 1].png"
15.7295265,-30.49054,"mp-2714184_[0, 0, 1].png"
12.577251,28.477617,"mp-761267_[0, 0, 1].png"
6.572244,-6.7472687,"mp-1018892_[0, 0, 1].png"
-30.0805,13.715311,"mp-776397_[0, 0, 1].png"
14.738924,-7.076099,"mp-697592_[0, 0, 1].png"
-5.7158284,11.743289,"mp-983589_[0, 0, 1].png"
-32.873207,28.859486,"mp-1043408_[0, 0, 1].png"
44.579796,15.678901,"mp-15472_[0, 0, 1].png"
28.754854,-5.1470776,"mp-758595_[0, 0, 1].png"
4.355395,-18.635513,"mp-1219617_[0, 0, 1].png"
-12.714138,-35.712013,"mp-2715397_[0, 0, 1].png"
-56.75544,-13.323682,"mp-2714307_[0, 0, 1].png"
21.102644,-43.859005,"mp-5055_[0, 0, 1].png"
18.070007,-6.1476417,"mp-1203732_[0, 0, 1].png"
-18.849108,1.625643,"mp-504426_[0, 0, 1].png"
-24.401102,46.800655,"mp-569174_[0, 0, 1].png"
-46.075058,2.1593025,"mp-1217211_[0, 0, 1].png"
-64.94261,-10.426484,"mp-763255_[0, 0, 1].png"
-8.301818,19.458624,"mp-1040941_[0, 0, 1].png"
-8.491769,-22.072636,"mp-1248872_[0, 0, 1].png"
0.7618708,47.88735,"mp-1225155_[0, 0, 1].png"
17.89013,31.234657,"mp-2782_[0, 0, 1].png"
-30.72753,-43.66279,"mp-540635_[0, 0, 1].png"
28.363955,-41.390438,"mp-2716222_[0, 0, 1].png"
-3.2474391,18.548122,"mp-2885_[0, 0, 1].png"
53.346344,-2.9351206,"mp-626012_[0, 0, 1].png"
53.209564,-8.287932,"mp-11025_[0, 0, 1].png"
-26.87236,-21.114197,"mp-2714394_[0, 0, 1].png"
-43.41053,28.75211,"mp-1041071_[0, 0, 1].png"
37.93077,-34.186462,"mp-760333_[0, 0, 1].png"
-37.128853,-3.0946205,"mp-1220868_[0, 0, 1].png"
-15.212985,-26.671154,"mp-755285_[0, 0, 1].png"
-0.09268713,-46.364178,"mp-570044_[0, 0, 1].png"
-14.409909,47.092396,"mp-2716070_[0, 0, 1].png"
57.80091,-5.227338,"mp-1199804_[0, 0, 1].png"
-11.587199,22.33636,"mp-2716329_[0, 0, 1].png"
-18.981987,-8.433206,"mp-2715469_[0, 0, 1].png"
35.459316,-27.656487,"mp-551918_[0, 0, 1].png"
-24.43867,-15.10204,"mp-3881_[0, 0, 1].png"
22.453308,-29.29254,"mp-752894_[0, 0, 1].png"
-41.22266,29.741142,"mp-504422_[0, 0, 1].png"
27.11486,-12.854919,"mp-1225800_[0, 0, 1].png"
58.0597,2.813615,"mp-1143521_[0, 0, 1].png"
-19.982878,43.67853,"mp-2716004_[0, 0, 1].png"
-24.18303,1.6817349,"mp-2714028_[0, 0, 1].png"
-51.12043,27.525187,"mp-1105877_[0, 0, 1].png"
-10.337721,-22.676216,"mp-557662_[0, 0, 1].png"
-17.41194,5.072376,"mp-540111_[0, 0, 1].png"
36.422314,-26.047436,"mp-2714042_[0, 0, 1].png"
-38.160458,-36.263466,"mp-556283_[0, 0, 1].png"
40.835625,-24.12357,"mp-610992_[0, 0, 1].png"
23.251368,-40.948883,"mp-1101160_[0, 0, 1].png"
-56.322094,-10.429759,"mp-1217900_[0, 0, 1].png"
7.356801,-8.11891,"mp-1235092_[0, 0, 1].png"
16.642834,24.014252,"mp-1019589_[0, 0, 1].png"
-5.317951,-28.137945,"mp-1040822_[0, 0, 1].png"
25.910322,4.9125752,"mp-766544_[0, 0, 1].png"
-2.3081453,-28.544203,"mp-1443834_[0, 0, 1].png"
44.86475,20.605461,"mp-2714717_[0, 0, 1].png"
33.147358,14.423707,"mp-757434_[0, 0, 1].png"
15.475133,27.759918,"mp-2715882_[0, 0, 1].png"
60.194893,3.967095,"mp-1207455_[0, 0, 1].png"
41.914265,31.120413,"mp-28959_[0, 0, 1].png"
-29.570698,14.323416,"mp-1041250_[0, 0, 1].png"
26.059458,4.46043,"mp-1193158_[0, 0, 1].png"
-57.86374,-11.606245,"mp-1220300_[0, 0, 1].png"
60.4139,6.413676,"mp-1221494_[0, 0, 1].png"
-22.269018,-1.3900473,"mp-1192124_[0, 0, 1].png"
-24.999502,44.02233,"mp-2714779_[0, 0, 1].png"
-16.984297,-51.02139,"mp-1173847_[0, 0, 1].png"
4.988735,-49.923866,"mp-1077374_[0, 0, 1].png"
-50.65066,-20.9658,"mp-7095_[0, 0, 1].png"
16.06957,25.079922,"mp-1194866_[0, 0, 1].png"
20.700842,46.52408,"mp-1007776_[0, 0, 1].png"
-23.350798,-15.4608555,"mp-1220524_[0, 0, 1].png"
45.988712,-13.835143,"mp-765578_[0, 0, 1].png"
10.940511,-47.17455,"mp-559872_[0, 0, 1].png"
0.08926705,54.801342,"mp-2716299_[0, 0, 1].png"
22.91908,-8.010271,"mp-1203679_[0, 0, 1].png"
-8.537406,-36.12519,"mp-17912_[0, 0, 1].png"
-14.577992,-2.32781,"mp-1206335_[0, 0, 1].png"
21.119986,10.776216,"mp-863755_[0, 0, 1].png"
-48.383915,-16.47396,"mp-866222_[0, 0, 1].png"
-22.122118,-5.7604303,"mp-754659_[0, 0, 1].png"
11.863367,-58.402966,"mp-28813_[0, 0, 1].png"
-8.946189,26.627514,"mp-1036904_[0, 0, 1].png"
39.950863,18.770685,"mp-1237086_[0, 0, 1].png"
-10.137675,-23.842468,"mp-1247369_[0, 0, 1].png"
46.3977,-9.163177,"mp-1094028_[0, 0, 1].png"
18.7944,4.480122,"mp-1217926_[0, 0, 1].png"
-15.9646435,-32.04389,"mp-1227412_[0, 0, 1].png"
46.024387,-1.0758746,"mp-2714117_[0, 0, 1].png"
17.26239,31.804737,"mp-2714845_[0, 0, 1].png"
41.800682,-29.782463,"mp-1267080_[0, 0, 1].png"
2.0678136,21.311487,"mp-974650_[0, 0, 1].png"
3.6325526,-1.4087093,"mp-555558_[0, 0, 1].png"
20.504574,13.469087,"mp-1223601_[0, 0, 1].png"
-5.6037025,8.7095585,"mp-753362_[0, 0, 1].png"
45.695786,29.397514,"mp-1190765_[0, 0, 1].png"
3.9231777,-53.265568,"mp-1215558_[0, 0, 1].png"
37.502308,-34.291145,"mp-1208894_[0, 0, 1].png"
37.98464,27.54722,"mp-19128_[0, 0, 1].png"
-20.232212,33.11716,"mp-570777_[0, 0, 1].png"
-2.2770522,46.03813,"mp-2715865_[0, 0, 1].png"
33.3846,5.900844,"mp-1094131_[0, 0, 1].png"
27.56609,-42.76974,"mp-1198764_[0, 0, 1].png"
36.299,29.16116,"mp-2713501_[0, 0, 1].png"
-15.554338,-1.4709322,"mp-557537_[0, 0, 1].png"
-25.023876,52.30272,"mp-1026685_[0, 0, 1].png"
9.918457,-54.435455,"mp-1075131_[0, 0, 1].png"
23.317621,11.874141,"mp-37657_[0, 0, 1].png"
13.630671,-3.4406424,"mp-2713784_[0, 0, 1].png"
6.345058,-56.515785,"mp-1228745_[0, 0, 1].png"
-10.621883,20.418442,"mp-1218396_[0, 0, 1].png"
-9.527247,-11.873256,"mp-7657_[0, 0, 1].png"
-0.32964084,-42.842236,"mp-768931_[0, 0, 1].png"
21.303307,-34.98541,"mp-560341_[0, 0, 1].png"
-33.10008,-25.72687,"mp-15703_[0, 0, 1].png"
38.087696,39.311527,"mp-1019558_[0, 0, 1].png"
-20.755178,48.64779,"mp-1074458_[0, 0, 1].png"
-32.389164,18.112646,"mp-2715662_[0, 0, 1].png"
8.30436,-27.853569,"mp-1179454_[0, 0, 1].png"
-39.325455,-4.8657184,"mp-1217306_[0, 0, 1].png"
33.91246,7.393167,"mp-4614_[0, 0, 1].png"
5.2402234,63.45119,"mp-16609_[0, 0, 1].png"
13.61907,32.80681,"mp-2716355_[0, 0, 1].png"
35.178738,-31.84318,"mp-23147_[0, 0, 1].png"
20.439846,47.0252,"mp-675645_[0, 0, 1].png"
15.175133,38.777504,"mp-3281_[0, 0, 1].png"
-23.720215,33.212334,"mp-2716243_[0, 0, 1].png"
-23.32587,0.40919024,"mp-1256705_[0, 0, 1].png"
-41.854904,0.7061696,"mp-1019781_[0, 0, 1].png"
-19.263596,52.240425,"mp-1013532_[0, 0, 1].png"
29.650652,-21.752983,"mp-1180115_[0, 0, 1].png"
43.379055,-20.730143,"mp-510032_[0, 0, 1].png"
19.908182,13.712942,"mp-2716109_[0, 0, 1].png"
-47.75116,-14.841174,"mp-554752_[0, 0, 1].png"
-24.72605,54.87007,"mp-2714317_[0, 0, 1].png"
-37.55359,0.643359,"mp-1073859_[0, 0, 1].png"
-13.841262,12.46317,"mp-28471_[0, 0, 1].png"
-40.331806,2.4521327,"mp-694972_[0, 0, 1].png"
1.5097272,53.935635,"mp-1246629_[0, 0, 1].png"
-16.67631,33.77186,"mp-13820_[0, 0, 1].png"
4.624858,-63.02378,"mp-1034788_[0, 0, 1].png"
-26.305387,47.867443,"mp-21429_[0, 0, 1].png"
3.3091102,51.792866,"mp-759070_[0, 0, 1].png"
-22.406282,-14.222596,"mp-2714789_[0, 0, 1].png"
-19.309591,54.266273,"mp-29995_[0, 0, 1].png"
-35.663033,-39.274014,"mp-569787_[0, 0, 1].png"
-34.255978,-2.587884,"mp-721330_[0, 0, 1].png"
-8.597875,-11.610737,"mp-754840_[0, 0, 1].png"
-47.914894,-15.678226,"mp-1025396_[0, 0, 1].png"
-18.93576,-10.184083,"mp-27936_[0, 0, 1].png"
-3.589571,12.005293,"mp-574086_[0, 0, 1].png"
42.213226,24.33511,"mp-540791_[0, 0, 1].png"
-24.111685,-8.533923,"mp-559593_[0, 0, 1].png"
-11.83433,22.790674,"mp-1223893_[0, 0, 1].png"
26.970081,-36.717293,"mp-1178391_[0, 0, 1].png"
-18.386108,2.9547775,"mp-358_[0, 0, 1].png"
13.311164,29.735413,"mp-568831_[0, 0, 1].png"
50.85383,-9.159513,"mp-756328_[0, 0, 1].png"
45.03362,-14.578576,"mp-6081_[0, 0, 1].png"
-2.0794764,42.11268,"mp-1226607_[0, 0, 1].png"
-47.457615,-1.4836922,"mp-30847_[0, 0, 1].png"
18.416885,9.963496,"mp-972848_[0, 0, 1].png"
24.462885,46.17611,"mp-1249267_[0, 0, 1].png"
-17.008276,-45.42352,"mp-754369_[0, 0, 1].png"
0.44000074,-64.200874,"mp-632684_[0, 0, 1].png"
30.959263,3.8305814,"mp-1217269_[0, 0, 1].png"
-40.844933,-17.995419,"mp-1193265_[0, 0, 1].png"
10.02175,48.279724,"mp-2712743_[0, 0, 1].png"
-26.959986,-32.92432,"mp-19343_[0, 0, 1].png"
-57.27318,-10.649379,"mp-571156_[0, 0, 1].png"
21.472334,-45.141193,"mp-721896_[0, 0, 1].png"
-16.893173,9.138206,"mp-2716112_[0, 0, 1].png"
-50.827396,27.782736,"mp-1103709_[0, 0, 1].png"
-14.153914,45.73506,"mp-1202714_[0, 0, 1].png"
19.67512,7.4484715,"mp-761486_[0, 0, 1].png"
61.849533,6.333302,"mp-559091_[0, 0, 1].png"
5.8032537,-4.955682,"mp-1227819_[0, 0, 1].png"
-28.802452,47.42302,"mp-510347_[0, 0, 1].png"
13.673114,-13.203891,"mp-1173798_[0, 0, 1].png"
-20.938728,40.753403,"mp-1095180_[0, 0, 1].png"
-34.445213,1.2327402,"mp-1223175_[0, 0, 1].png"
43.225925,28.56761,"mp-1033928_[0, 0, 1].png"
7.3821783,26.743765,"mp-7339_[0, 0, 1].png"
19.58607,-29.127918,"mp-1295909_[0, 0, 1].png"
-17.035042,-51.543884,"mp-1220272_[0, 0, 1].png"
29.34579,2.565226,"mp-1206025_[0, 0, 1].png"
-0.2196128,-22.135357,"mp-5734_[0, 0, 1].png"
-0.6770916,23.855305,"mp-1214991_[0, 0, 1].png"
9.754049,1.3899865,"mp-1266318_[0, 0, 1].png"
2.3894567,2.0853431,"mp-1019898_[0, 0, 1].png"
-4.7279825,26.156374,"mp-600051_[0, 0, 1].png"
-19.567265,-10.788634,"mp-31318_[0, 0, 1].png"
-47.637074,-1.2933995,"mp-554108_[0, 0, 1].png"
-1.4031935,-53.170353,"mp-23739_[0, 0, 1].png"
28.150387,18.238811,"mp-2714361_[0, 0, 1].png"
-22.012426,-0.37728912,"mp-510293_[0, 0, 1].png"
26.799204,1.9445908,"mp-754445_[0, 0, 1].png"
-50.710827,4.9669466,"mp-2715842_[0, 0, 1].png"
48.531372,-1.7648343,"mp-1044650_[0, 0, 1].png"
0.07948595,-14.521873,"mp-20333_[0, 0, 1].png"
-9.575854,9.159623,"mp-13308_[0, 0, 1].png"
-25.455545,-6.7494383,"mp-1074518_[0, 0, 1].png"
39.2955,-29.52125,"mp-1205526_[0, 0, 1].png"
-12.473682,-35.460022,"mp-1221908_[0, 0, 1].png"
-42.2168,6.497382,"mp-2713107_[0, 0, 1].png"
15.659844,-40.976933,"mp-1197475_[0, 0, 1].png"
5.3854914,20.522413,"mp-1100437_[0, 0, 1].png"
21.49303,26.613806,"mp-2715907_[0, 0, 1].png"
28.927341,12.966324,"mp-1220364_[0, 0, 1].png"
22.428343,-12.674496,"mp-28123_[0, 0, 1].png"
-34.861824,-6.7548122,"mp-1214069_[0, 0, 1].png"
13.566074,38.604153,"mp-558042_[0, 0, 1].png"
-6.384902,-21.296618,"mp-1199399_[0, 0, 1].png"
15.064569,32.61519,"mp-6856_[0, 0, 1].png"
9.215742,-29.623476,"mp-1206104_[0, 0, 1].png"
34.992683,6.083616,"mp-1233426_[0, 0, 1].png"
51.920616,-8.2171335,"mp-31455_[0, 0, 1].png"
6.426082,-46.481373,"mp-2712990_[0, 0, 1].png"
20.348095,-40.154144,"mp-568446_[0, 0, 1].png"
-16.862835,43.92075,"mp-2715095_[0, 0, 1].png"
20.177843,-23.508675,"mp-5540_[0, 0, 1].png"
-31.765265,-0.85056686,"mp-4081_[0, 0, 1].png"
-54.59687,-10.269226,"mp-1106310_[0, 0, 1].png"
-27.423815,-34.592865,"mp-1216090_[0, 0, 1].png"
49.535088,-11.261271,"mp-572951_[0, 0, 1].png"
30.178267,-2.3340569,"mp-1248193_[0, 0, 1].png"
-5.1402144,-11.503214,"mp-1079666_[0, 0, 1].png"
24.166225,15.903792,"mp-1019563_[0, 0, 1].png"
-29.994488,-41.860905,"mp-13978_[0, 0, 1].png"
-47.119087,-0.86344373,"mp-7707_[0, 0, 1].png"
7.3007116,-1.8344737,"mp-1205720_[0, 0, 1].png"
-3.1767192,-26.298338,"mp-6600_[0, 0, 1].png"
55.125668,7.2606616,"mp-1026683_[0, 0, 1].png"
-21.80708,38.90346,"mp-31202_[0, 0, 1].png"
41.66206,-22.671722,"mp-1212415_[0, 0, 1].png"
40.47106,-29.82295,"mp-1382564_[0, 0, 1].png"
41.142982,25.181164,"mp-17066_[0, 0, 1].png"
19.66325,-33.412254,"mp-850798_[0, 0, 1].png"
22.669952,28.55183,"mp-2716062_[0, 0, 1].png"
-24.487352,-0.19489367,"mp-2340_[0, 0, 1].png"
-6.6914287,-23.765287,"mp-1189914_[0, 0, 1].png"
-40.707157,25.398973,"mp-2713041_[0, 0, 1].png"
23.127777,-33.80363,"mp-753203_[0, 0, 1].png"
43.623657,0.42957172,"mp-1208232_[0, 0, 1].png"
30.585121,10.169149,"mp-540998_[0, 0, 1].png"
-6.890318,39.55697,"mp-2713606_[0, 0, 1].png"
22.79617,9.95221,"mp-979932_[0, 0, 1].png"
-23.223051,5.345809,"mp-1224857_[0, 0, 1].png"
-34.18307,28.198175,"mp-22229_[0, 0, 1].png"
-44.60637,-16.453613,"mp-1035527_[0, 0, 1].png"
16.526115,34.725468,"mp-31203_[0, 0, 1].png"
41.063046,-27.553543,"mp-1043405_[0, 0, 1].png"
-10.9622345,-26.572596,"mp-2713208_[0, 0, 1].png"
-36.344337,-6.156185,"mp-4007_[0, 0, 1].png"
-42.25605,-40.83872,"mp-758830_[0, 0, 1].png"
-5.69297,36.346935,"mp-2715971_[0, 0, 1].png"
-1.1844697,-60.068092,"mp-759034_[0, 0, 1].png"
0.41398457,-44.705284,"mp-1181683_[0, 0, 1].png"
17.833227,-34.40587,"mp-1036736_[0, 0, 1].png"
15.165661,11.182615,"mp-1040924_[0, 0, 1].png"
41.622707,-20.25931,"mp-2715787_[0, 0, 1].png"
17.321608,36.34363,"mp-14175_[0, 0, 1].png"
-44.425747,-12.161095,"mp-2716209_[0, 0, 1].png"
-42.982098,-22.48665,"mp-1398291_[0, 0, 1].png"
-1.87726,-55.745502,"mp-772121_[0, 0, 1].png"
-18.677551,31.967066,"mp-1221470_[0, 0, 1].png"
25.23007,-41.524563,"mp-1211348_[0, 0, 1].png"
36.680016,35.448025,"mp-1299_[0, 0, 1].png"
-38.124966,-35.218426,"mp-1041468_[0, 0, 1].png"
-11.302998,-1.4474725,"mp-1212441_[0, 0, 1].png"
47.545284,3.3157663,"mp-29145_[0, 0, 1].png"
12.859972,31.651056,"mp-16594_[0, 0, 1].png"
-31.336561,-35.75972,"mp-1207605_[0, 0, 1].png"
-10.654928,17.962708,"mp-24595_[0, 0, 1].png"
-24.112144,1.9394052,"mp-1189451_[0, 0, 1].png"
16.10053,9.472053,"mp-1100428_[0, 0, 1].png"
-18.131155,45.225586,"mp-643033_[0, 0, 1].png"
-9.610191,-26.788122,"mp-1210633_[0, 0, 1].png"
17.675533,-42.617504,"mp-1223321_[0, 0, 1].png"
33.06988,10.832976,"mp-1019708_[0, 0, 1].png"
-27.730598,-35.615112,"mp-677127_[0, 0, 1].png"
11.276191,2.5661535,"mp-1205522_[0, 0, 1].png"
-24.774492,48.960045,"mp-1248719_[0, 0, 1].png"
-37.92056,-46.20161,"mp-28261_[0, 0, 1].png"
-34.220215,28.26097,"mp-865015_[0, 0, 1].png"
31.771097,15.336037,"mp-557856_[0, 0, 1].png"
-12.141296,5.7628326,"mp-616135_[0, 0, 1].png"
1.387373,55.05551,"mp-21906_[0, 0, 1].png"
-30.439192,-42.86967,"mp-22765_[0, 0, 1].png"
-0.8763883,39.728226,"mp-625075_[0, 0, 1].png"
41.497894,-37.322083,"mp-2714681_[0, 0, 1].png"
20.519333,-34.798706,"mp-1075466_[0, 0, 1].png"
0.88477254,-17.336866,"mp-2716131_[0, 0, 1].png"
-59.706852,-8.495706,"mp-1217402_[0, 0, 1].png"
-8.5497875,21.271616,"mp-1212736_[0, 0, 1].png"
-43.82164,17.672255,"mp-31758_[0, 0, 1].png"
8.805257,-56.55775,"mp-2713474_[0, 0, 1].png"
-5.6538897,16.090755,"mp-580744_[0, 0, 1].png"
21.508919,31.14175,"mp-2714211_[0, 0, 1].png"
15.208712,25.845848,"mp-1221466_[0, 0, 1].png"
-28.062378,13.488021,"mp-2714338_[0, 0, 1].png"
5.946482,50.12655,"mp-757716_[0, 0, 1].png"
19.05709,35.150795,"mp-1219186_[0, 0, 1].png"
35.210976,34.049137,"mp-1080623_[0, 0, 1].png"
35.398884,5.240321,"mp-13032_[0, 0, 1].png"
44.870216,-12.746476,"mp-27760_[0, 0, 1].png"
17.79234,-14.709196,"mp-1227106_[0, 0, 1].png"
8.210421,-62.008354,"mp-556172_[0, 0, 1].png"
-44.727425,18.701982,"mp-753095_[0, 0, 1].png"
6.3672905,-60.275154,"mp-1217138_[0, 0, 1].png"
0.30066344,36.703506,"mp-569849_[0, 0, 1].png"
33.00193,-0.38796237,"mp-1073926_[0, 0, 1].png"
19.089931,10.71184,"mp-35746_[0, 0, 1].png"
46.48363,35.30466,"mp-1209009_[0, 0, 1].png"
45.449368,-32.268867,"mp-759238_[0, 0, 1].png"
-31.631577,-26.64117,"mp-569802_[0, 0, 1].png"
-44.476486,-23.610355,"mp-1221140_[0, 0, 1].png"
-11.236495,-27.770147,"mp-23615_[0, 0, 1].png"
9.597512,3.0175557,"mp-978509_[0, 0, 1].png"
9.448183,-61.05907,"mp-6675_[0, 0, 1].png"
-64.24333,-12.146615,"mp-17685_[0, 0, 1].png"
-39.872284,16.971884,"mp-721246_[0, 0, 1].png"
2.1820798,61.684467,"mp-10492_[0, 0, 1].png"
-37.17557,4.2254314,"mp-1217151_[0, 0, 1].png"
-35.629745,-47.837337,"mp-2715084_[0, 0, 1].png"
-23.45502,-15.926033,"mp-849556_[0, 0, 1].png"
2.3399296,-35.064728,"mp-1079836_[0, 0, 1].png"
23.52033,-11.897788,"mp-2714047_[0, 0, 1].png"
4.1177793,57.9346,"mp-1196125_[0, 0, 1].png"
-4.340124,-10.535703,"mp-753557_[0, 0, 1].png"
-16.715942,-49.097885,"mp-1020663_[0, 0, 1].png"
-14.851042,37.95199,"mp-1222952_[0, 0, 1].png"
0.41603592,51.96056,"mp-2715303_[0, 0, 1].png"
-28.58376,15.199751,"mp-32684_[0, 0, 1].png"
51.943073,17.53739,"mp-556961_[0, 0, 1].png"
39.24826,31.982481,"mp-2713919_[0, 0, 1].png"
-50.263386,-16.987385,"mp-1041261_[0, 0, 1].png"
25.865322,7.358284,"mp-5069_[0, 0, 1].png"
-42.72475,4.32775,"mp-1202125_[0, 0, 1].png"
2.0142288,-48.92281,"mp-10080_[0, 0, 1].png"
-56.43426,-8.355816,"mp-1043109_[0, 0, 1].png"
-4.501693,12.369253,"mp-695960_[0, 0, 1].png"
29.331238,0.72362375,"mp-1217449_[0, 0, 1].png"
20.540653,-9.928613,"mp-1074003_[0, 0, 1].png"
-18.576485,40.045372,"mp-554159_[0, 0, 1].png"
-9.018573,24.184408,"mp-1041062_[0, 0, 1].png"
15.45451,-13.427946,"mp-672680_[0, 0, 1].png"
51.076534,20.33837,"mp-1220572_[0, 0, 1].png"
-32.944588,15.792827,"mp-1210834_[0, 0, 1].png"
-17.860407,58.677635,"mp-2712887_[0, 0, 1].png"
-1.4061509,-42.653896,"mp-973633_[0, 0, 1].png"
41.800323,-33.252533,"mp-774933_[0, 0, 1].png"
17.154757,-41.20286,"mp-6174_[0, 0, 1].png"
-46.592754,-17.198204,"mp-1041461_[0, 0, 1].png"
35.822002,-8.807922,"mp-2713568_[0, 0, 1].png"
39.801086,28.050602,"mp-755488_[0, 0, 1].png"
-15.538792,-26.611858,"mp-1074673_[0, 0, 1].png"
-31.248688,19.981398,"mp-27704_[0, 0, 1].png"
34.449635,-23.415646,"mp-16598_[0, 0, 1].png"
-4.837243,53.55914,"mp-1025276_[0, 0, 1].png"
-3.0633821,-59.869877,"mp-555726_[0, 0, 1].png"
24.294193,33.811626,"mp-1222108_[0, 0, 1].png"
42.120327,21.052317,"mp-1029312_[0, 0, 1].png"
23.811457,8.290652,"mp-16225_[0, 0, 1].png"
-31.311998,14.371863,"mp-2712663_[0, 0, 1].png"
5.5907054,-61.144768,"mp-2713894_[0, 0, 1].png"
-22.361662,25.675097,"mp-1227582_[0, 0, 1].png"
3.7200181,18.342737,"mp-1097178_[0, 0, 1].png"
-62.29382,-4.1005645,"mp-33569_[0, 0, 1].png"
-37.743694,23.451202,"mp-1370_[0, 0, 1].png"
16.835382,-28.313972,"mp-29796_[0, 0, 1].png"
-53.739223,-16.517502,"mp-559092_[0, 0, 1].png"
23.115135,16.893078,"mp-10223_[0, 0, 1].png"
16.135752,10.833608,"mp-13398_[0, 0, 1].png"
-6.5423265,-24.418358,"mp-21548_[0, 0, 1].png"
-18.528265,-1.7756318,"mp-557403_[0, 0, 1].png"
-45.577057,-20.762638,"mp-634418_[0, 0, 1].png"
50.35169,4.2199583,"mp-1248585_[0, 0, 1].png"
-45.304344,19.864464,"mp-561110_[0, 0, 1].png"
-32.29484,21.543356,"mp-760971_[0, 0, 1].png"
-43.495193,28.378277,"mp-697139_[0, 0, 1].png"
28.528076,-0.082351714,"mp-18310_[0, 0, 1].png"
-8.006111,-29.373121,"mp-24500_[0, 0, 1].png"
-29.600487,-22.46673,"mp-1046096_[0, 0, 1].png"
-1.6511656,-23.761639,"mp-18509_[0, 0, 1].png"
45.96341,28.416132,"mp-1201218_[0, 0, 1].png"
6.8639235,61.607525,"mp-753525_[0, 0, 1].png"
-60.36736,-16.265608,"mp-22512_[0, 0, 1].png"
15.392461,-0.6221481,"mp-1246651_[0, 0, 1].png"
-41.844334,28.614641,"mp-2713685_[0, 0, 1].png"
4.5259166,1.3070347,"mp-1219259_[0, 0, 1].png"
0.5805336,-1.601988,"mp-1248826_[0, 0, 1].png"
24.365015,1.4501125,"mp-696752_[0, 0, 1].png"
31.953161,-16.487623,"mp-571586_[0, 0, 1].png"
46.551838,-28.353924,"mp-1073154_[0, 0, 1].png"
-12.063408,-27.826141,"mp-1180703_[0, 0, 1].png"
-18.929495,54.674847,"mp-1205289_[0, 0, 1].png"
21.552126,13.954733,"mp-675531_[0, 0, 1].png"
-50.44583,21.360134,"mp-2716408_[0, 0, 1].png"
-25.436054,36.470856,"mp-1203019_[0, 0, 1].png"
-25.179089,32.186653,"mp-1074189_[0, 0, 1].png"
-4.1661487,10.355557,"mp-1074278_[0, 0, 1].png"
4.818483,42.542923,"mp-1191275_[0, 0, 1].png"
2.9843569,-18.39103,"mp-942_[0, 0, 1].png"
-2.5990999,41.858677,"mp-754459_[0, 0, 1].png"
-2.6423461,39.960762,"mp-1016069_[0, 0, 1].png"
-37.54803,17.254086,"mp-16595_[0, 0, 1].png"
-7.8622622,-13.952014,"mp-1221185_[0, 0, 1].png"
-24.214222,4.5975227,"mp-2715184_[0, 0, 1].png"
51.2505,25.997375,"mp-1142857_[0, 0, 1].png"
5.628283,63.292763,"mp-1017320_[0, 0, 1].png"
-34.251965,-5.469258,"mp-4984_[0, 0, 1].png"
15.462725,19.32186,"mp-984604_[0, 0, 1].png"
-15.534788,23.595476,"mp-974267_[0, 0, 1].png"
-21.358057,-0.6075283,"mp-1246004_[0, 0, 1].png"
-6.7886577,-23.113354,"mp-1073061_[0, 0, 1].png"
-2.0069115,-48.834812,"mp-769171_[0, 0, 1].png"
-25.922161,-32.81462,"mp-1044375_[0, 0, 1].png"
42.24831,26.931936,"mp-17008_[0, 0, 1].png"
34.076225,-27.943739,"mp-1074500_[0, 0, 1].png"
0.34235686,19.01036,"mp-558938_[0, 0, 1].png"
7.5998898,-1.1000984,"mp-555318_[0, 0, 1].png"
-17.386305,-45.775635,"mp-675349_[0, 0, 1].png"
-17.342424,-49.433544,"mp-558580_[0, 0, 1].png"
-13.852737,18.81754,"mp-504653_[0, 0, 1].png"
27.928617,9.244224,"mp-2062_[0, 0, 1].png"
22.95466,35.58195,"mp-757836_[0, 0, 1].png"
18.201038,-31.384077,"mp-1219606_[0, 0, 1].png"
-8.124995,12.521911,"mp-561462_[0, 0, 1].png"
16.268993,-30.676357,"mp-554650_[0, 0, 1].png"
14.87913,-11.592065,"mp-1207849_[0, 0, 1].png"
-22.006563,57.10011,"mp-554396_[0, 0, 1].png"
8.487627,-2.6238909,"mp-2714165_[0, 0, 1].png"
-36.40901,19.493689,"mp-1041035_[0, 0, 1].png"
34.975346,-32.92198,"mp-557574_[0, 0, 1].png"
-38.916424,-6.733191,"mp-1213587_[0, 0, 1].png"
42.987324,19.407476,"mp-2713097_[0, 0, 1].png"
41.212975,26.790152,"mp-761341_[0, 0, 1].png"
3.100706,16.137218,"mp-1192814_[0, 0, 1].png"
-35.456985,-0.80424666,"mp-1180962_[0, 0, 1].png"
-17.392323,51.98129,"mp-758981_[0, 0, 1].png"
-21.832008,2.3968997,"mp-18625_[0, 0, 1].png"
7.9885488,-26.353176,"mp-2714730_[0, 0, 1].png"
4.167734,-59.875412,"mp-2715592_[0, 0, 1].png"
-29.94572,37.898464,"mp-1008223_[0, 0, 1].png"
-46.44076,-14.470536,"mp-651279_[0, 0, 1].png"
-20.59319,58.19427,"mp-28548_[0, 0, 1].png"
2.2542722,44.332546,"mp-1198056_[0, 0, 1].png"
-8.68976,-10.973814,"mp-1019891_[0, 0, 1].png"
-11.092551,4.8562274,"mp-2713938_[0, 0, 1].png"
48.707867,28.864126,"mp-1103261_[0, 0, 1].png"
-28.271431,-19.236063,"mp-10519_[0, 0, 1].png"
-39.124165,2.0644476,"mp-1216179_[0, 0, 1].png"
15.212664,-39.43079,"mp-2713450_[0, 0, 1].png"
22.781958,-38.609985,"mp-1227903_[0, 0, 1].png"
-30.676388,-40.087112,"mp-772754_[0, 0, 1].png"
-21.010386,56.849888,"mp-2714866_[0, 0, 1].png"
30.898804,14.704772,"mp-2713846_[0, 0, 1].png"
47.401913,-0.44471467,"mp-5639_[0, 0, 1].png"
-45.63982,25.878439,"mp-771341_[0, 0, 1].png"
-19.309032,-11.869484,"mp-1222006_[0, 0, 1].png"
18.585354,38.90394,"mp-1222427_[0, 0, 1].png"
-58.828545,-10.226829,"mp-29738_[0, 0, 1].png"
22.967815,-34.958965,"mp-567290_[0, 0, 1].png"
-29.77163,14.336671,"mp-17756_[0, 0, 1].png"
-7.600292,46.642868,"mp-5830_[0, 0, 1].png"
-4.620536,18.14428,"mp-631389_[0, 0, 1].png"
3.5799067,53.556416,"mp-756200_[0, 0, 1].png"
7.995885,-0.618603,"mp-1019735_[0, 0, 1].png"
-50.457375,-23.958279,"mp-2714209_[0, 0, 1].png"
34.91861,-24.575493,"mp-2715135_[0, 0, 1].png"
53.570686,1.3978654,"mp-2715897_[0, 0, 1].png"
51.322994,23.284836,"mp-765984_[0, 0, 1].png"
17.098785,-4.76962,"mp-752764_[0, 0, 1].png"
-0.6351533,-11.395999,"mp-2715221_[0, 0, 1].png"
49.993305,17.857204,"mp-2712684_[0, 0, 1].png"
6.322415,46.870758,"mp-756673_[0, 0, 1].png"
41.530678,38.541,"mp-2712724_[0, 0, 1].png"
46.472534,-21.136742,"mp-752899_[0, 0, 1].png"
7.1124268,-46.0064,"mp-2715383_[0, 0, 1].png"
-33.856613,-26.562986,"mp-2714740_[0, 0, 1].png"
19.091919,4.083029,"mp-1220478_[0, 0, 1].png"
-5.5797534,-19.138668,"mp-1075311_[0, 0, 1].png"
16.707497,-9.326617,"mp-1073655_[0, 0, 1].png"
-60.97869,-7.5649824,"mp-1044937_[0, 0, 1].png"
48.302303,-13.932427,"mp-28423_[0, 0, 1].png"
-36.150673,-41.456993,"mp-1017497_[0, 0, 1].png"
-22.68532,-14.226967,"mp-8651_[0, 0, 1].png"
-38.537777,4.125259,"mp-1043730_[0, 0, 1].png"
-49.648952,20.204948,"mp-1009083_[0, 0, 1].png"
23.483484,-43.771984,"mp-1221107_[0, 0, 1].png"
18.130964,41.57008,"mp-1105676_[0, 0, 1].png"
44.801365,-0.38399386,"mp-760276_[0, 0, 1].png"
-38.666588,32.062157,"mp-721988_[0, 0, 1].png"
-30.989119,-26.141745,"mp-1019599_[0, 0, 1].png"
-0.13548298,-58.387775,"mp-1226003_[0, 0, 1].png"
-5.9887896,17.255072,"mp-16788_[0, 0, 1].png"
44.807682,16.04249,"mp-18953_[0, 0, 1].png"
34.604713,25.304968,"mp-7822_[0, 0, 1].png"
43.028587,-30.488113,"mp-1205723_[0, 0, 1].png"
-28.000292,-29.106255,"mp-753828_[0, 0, 1].png"
-25.151861,51.599804,"mp-696633_[0, 0, 1].png"
-1.6715629,39.633575,"mp-13654_[0, 0, 1].png"
-24.23034,-31.604927,"mp-2713003_[0, 0, 1].png"
-51.71481,27.935162,"mp-1205771_[0, 0, 1].png"
7.4534726,55.23704,"mp-830_[0, 0, 1].png"
11.057671,-48.363285,"mp-1018100_[0, 0, 1].png"
44.564877,0.0119013665,"mp-754628_[0, 0, 1].png"
-38.754417,15.347592,"mp-1095343_[0, 0, 1].png"
-63.919163,-11.079268,"mp-684024_[0, 0, 1].png"
32.464825,10.997221,"mp-1046534_[0, 0, 1].png"
13.138475,-56.507587,"mp-1189012_[0, 0, 1].png"
16.731834,38.00348,"mp-2713106_[0, 0, 1].png"
-9.669121,1.6241846,"mp-725514_[0, 0, 1].png"
-1.3907655,59.12359,"mp-2715480_[0, 0, 1].png"
28.337954,15.148392,"mp-1008228_[0, 0, 1].png"
11.508557,-29.668325,"mp-4250_[0, 0, 1].png"
15.14024,1.0751503,"mp-1016108_[0, 0, 1].png"
-44.928146,18.55167,"mp-1217359_[0, 0, 1].png"
-50.230427,20.732193,"mp-1199682_[0, 0, 1].png"
-33.62352,-31.13955,"mp-757541_[0, 0, 1].png"
-32.900345,17.415182,"mp-766120_[0, 0, 1].png"
13.76271,-4.248014,"mp-17308_[0, 0, 1].png"
17.128092,32.181576,"mp-1210357_[0, 0, 1].png"
-5.35481,-6.7898097,"mp-2714432_[0, 0, 1].png"
1.376263,-2.0274684,"mp-2715623_[0, 0, 1].png"
3.5682967,-1.7780641,"mp-653763_[0, 0, 1].png"
-2.6807938,19.752172,"mp-1019889_[0, 0, 1].png"
38.164085,-16.644812,"mp-1019593_[0, 0, 1].png"
40.475906,35.921925,"mp-1260096_[0, 0, 1].png"
37.22355,29.705147,"mp-973793_[0, 0, 1].png"
2.425226,58.342674,"mp-849520_[0, 0, 1].png"
21.195885,-42.41198,"mp-4627_[0, 0, 1].png"
-23.692558,51.588657,"mp-893_[0, 0, 1].png"
23.360102,12.685008,"mp-1222654_[0, 0, 1].png"
38.08374,-24.338295,"mp-1208613_[0, 0, 1].png"
18.852375,26.628784,"mp-1029469_[0, 0, 1].png"
52.891018,20.740768,"mp-2715430_[0, 0, 1].png"
-7.7814045,11.13082,"mp-7932_[0, 0, 1].png"
-37.637444,15.960796,"mp-780671_[0, 0, 1].png"
-11.430164,1.9441919,"mp-690578_[0, 0, 1].png"
-10.399382,21.684206,"mp-601852_[0, 0, 1].png"
-52.70498,-10.3923025,"mp-2714540_[0, 0, 1].png"
50.59644,30.265028,"mp-2712866_[0, 0, 1].png"
-12.197843,25.992645,"mp-1219910_[0, 0, 1].png"
-15.268567,-35.61501,"mp-2714016_[0, 0, 1].png"
16.64666,38.78618,"mp-18762_[0, 0, 1].png"
18.68731,-36.903183,"mp-1074927_[0, 0, 1].png"
37.86744,30.812143,"mp-971761_[0, 0, 1].png"
-17.6604,41.029083,"mp-5515_[0, 0, 1].png"
49.701862,0.87584984,"mp-612861_[0, 0, 1].png"
47.904964,31.345034,"mp-754104_[0, 0, 1].png"
-54.554214,-11.332571,"mp-2715388_[0, 0, 1].png"
16.494194,-42.9737,"mp-28719_[0, 0, 1].png"
-14.853848,43.824234,"mp-1105876_[0, 0, 1].png"
13.012616,-3.6778681,"mp-1215289_[0, 0, 1].png"
-14.56594,-32.457222,"mp-2713316_[0, 0, 1].png"
-48.713425,-11.258816,"mp-1009086_[0, 0, 1].png"
29.120733,1.389854,"mp-23985_[0, 0, 1].png"
-24.492851,38.8821,"mp-2715477_[0, 0, 1].png"
43.028137,17.206682,"mp-30192_[0, 0, 1].png"
8.766365,-51.124344,"mp-1223564_[0, 0, 1].png"
-21.100216,35.11695,"mp-1096625_[0, 0, 1].png"
-26.77002,-8.703721,"mp-626229_[0, 0, 1].png"
-47.711372,18.387423,"mp-2713409_[0, 0, 1].png"
6.7807336,57.948513,"mp-554781_[0, 0, 1].png"
-45.5022,3.0972385,"mp-10990_[0, 0, 1].png"
-41.196533,30.801842,"mp-505572_[0, 0, 1].png"
37.81105,-30.400446,"mp-6013_[0, 0, 1].png"
26.097635,-38.494637,"mp-23110_[0, 0, 1].png"
-19.44483,43.1999,"mp-752851_[0, 0, 1].png"
19.037376,40.545464,"mp-1264155_[0, 0, 1].png"
53.008347,22.771656,"mp-1202662_[0, 0, 1].png"
-51.35019,21.295631,"mp-19422_[0, 0, 1].png"
-1.9748532,42.699448,"mp-768310_[0, 0, 1].png"
49.31746,1.5148585,"mp-2715670_[0, 0, 1].png"
4.4903474,19.82796,"mp-559829_[0, 0, 1].png"
-35.544132,-44.453102,"mp-2715673_[0, 0, 1].png"
43.45535,-34.587,"mp-36582_[0, 0, 1].png"
-39.446236,17.89354,"mp-3839_[0, 0, 1].png"
22.439732,45.14929,"mp-1222016_[0, 0, 1].png"
-59.248493,-19.634516,"mp-1228059_[0, 0, 1].png"
41.678577,-28.08397,"mp-780288_[0, 0, 1].png"
-35.34466,-3.123352,"mp-1020947_[0, 0, 1].png"
-9.320782,-22.453405,"mp-1223068_[0, 0, 1].png"
23.509062,12.972814,"mp-1221935_[0, 0, 1].png"
22.39393,9.917955,"mp-2172_[0, 0, 1].png"
18.644783,-8.026581,"mp-550433_[0, 0, 1].png"
49.808437,-11.161482,"mp-2568_[0, 0, 1].png"
18.493773,-33.610016,"mp-1106089_[0, 0, 1].png"
52.847485,25.252771,"mp-2715593_[0, 0, 1].png"
-5.5920277,12.223718,"mp-1197740_[0, 0, 1].png"
39.041176,-36.88584,"mp-759261_[0, 0, 1].png"
-59.330864,-10.351276,"mp-1075203_[0, 0, 1].png"
-32.57016,23.093494,"mp-1073015_[0, 0, 1].png"
-35.547646,-31.19459,"mp-15004_[0, 0, 1].png"
-17.141998,-44.984867,"mp-2716383_[0, 0, 1].png"
23.954039,-41.190407,"mp-1032273_[0, 0, 1].png"
49.006718,-3.0438359,"mp-1263350_[0, 0, 1].png"
-37.81311,30.24335,"mp-1215629_[0, 0, 1].png"
-40.99427,-38.492634,"mp-571315_[0, 0, 1].png"
13.828533,-23.274054,"mp-2714128_[0, 0, 1].png"
-0.39426473,-21.829672,"mp-5213_[0, 0, 1].png"
7.244986,-42.814827,"mp-2715624_[0, 0, 1].png"
9.623163,2.7679152,"mp-1391233_[0, 0, 1].png"
7.746403,-5.1092944,"mp-677082_[0, 0, 1].png"
-3.824703,49.48806,"mp-2716379_[0, 0, 1].png"
40.51573,18.478361,"mp-2713346_[0, 0, 1].png"
-20.836975,-14.459039,"mp-6903_[0, 0, 1].png"
-6.8497667,-27.732862,"mp-1188435_[0, 0, 1].png"
35.037525,9.28295,"mp-771263_[0, 0, 1].png"
-19.55986,29.331978,"mp-2894_[0, 0, 1].png"
52.677277,6.622975,"mp-28020_[0, 0, 1].png"
-0.4085945,-43.764957,"mp-818519_[0, 0, 1].png"
-3.1295938,38.091484,"mp-684785_[0, 0, 1].png"
17.092037,39.79006,"mp-1205813_[0, 0, 1].png"
15.938585,18.575184,"mp-775027_[0, 0, 1].png"
1.3180379,55.48319,"mp-29565_[0, 0, 1].png"
-63.954834,-11.329284,"mp-1217297_[0, 0, 1].png"
30.873281,11.845872,"mp-1093724_[0, 0, 1].png"
46.289677,18.51297,"mp-556880_[0, 0, 1].png"
0.8572061,12.404875,"mp-1201400_[0, 0, 1].png"
18.544685,36.26045,"mp-1020641_[0, 0, 1].png"
-11.404886,-34.525913,"mp-22261_[0, 0, 1].png"
18.528912,-4.2471967,"mp-1075723_[0, 0, 1].png"
-9.487109,-10.318712,"mp-766812_[0, 0, 1].png"
-63.21536,-9.187036,"mp-1210884_[0, 0, 1].png"
-31.70609,15.890739,"mp-1235397_[0, 0, 1].png"
-36.841164,-43.14855,"mp-768663_[0, 0, 1].png"
33.74664,26.248236,"mp-15642_[0, 0, 1].png"
58.483456,1.5642046,"mp-766496_[0, 0, 1].png"
29.806091,-18.964144,"mp-1217079_[0, 0, 1].png"
-43.7986,16.894968,"mp-1105799_[0, 0, 1].png"
40.667877,-31.200026,"mp-2713590_[0, 0, 1].png"
62.786293,8.217873,"mp-2714881_[0, 0, 1].png"
-7.5564966,-14.412936,"mp-19715_[0, 0, 1].png"
37.48679,24.801445,"mp-1207675_[0, 0, 1].png"
-39.52847,28.880735,"mp-23011_[0, 0, 1].png"
37.199383,35.853348,"mp-1227900_[0, 0, 1].png"
21.30621,-44.991867,"mp-1220919_[0, 0, 1].png"
36.685673,6.903233,"mp-1225750_[0, 0, 1].png"
25.919102,16.957916,"mp-1202483_[0, 0, 1].png"
-18.877508,48.293167,"mp-15951_[0, 0, 1].png"
14.68199,22.256859,"mp-980_[0, 0, 1].png"
-3.4026997,43.498093,"mp-1216955_[0, 0, 1].png"
25.999392,43.301975,"mp-755043_[0, 0, 1].png"
28.095697,2.7729747,"mp-677526_[0, 0, 1].png"
35.168724,4.0192432,"mp-1211926_[0, 0, 1].png"
-26.764107,41.013218,"mp-1073570_[0, 0, 1].png"
44.40781,27.47574,"mp-27724_[0, 0, 1].png"
27.305939,-40.539692,"mp-35539_[0, 0, 1].png"
9.601021,-4.21159,"mp-626799_[0, 0, 1].png"
24.720634,-42.882378,"mp-1019517_[0, 0, 1].png"
35.756145,-23.9271,"mp-43114_[0, 0, 1].png"
-0.96833163,2.9666739,"mp-1220469_[0, 0, 1].png"
10.211463,21.954947,"mp-758435_[0, 0, 1].png"
-0.028938342,-14.421467,"mp-3288_[0, 0, 1].png"
-39.13769,27.52686,"mp-17709_[0, 0, 1].png"
35.34104,-30.961494,"mp-1185419_[0, 0, 1].png"
23.339964,-13.414362,"mp-754594_[0, 0, 1].png"
41.975487,21.109547,"mp-865468_[0, 0, 1].png"
1.259358,46.488903,"mp-18939_[0, 0, 1].png"
7.199916,59.105145,"mp-2712920_[0, 0, 1].png"
48.653137,-5.806177,"mp-16282_[0, 0, 1].png"
24.777586,44.07078,"mp-765593_[0, 0, 1].png"
-2.9966052,-45.85238,"mp-1077398_[0, 0, 1].png"
-33.113758,17.960054,"mp-1043669_[0, 0, 1].png"
43.878,-23.326132,"mp-34078_[0, 0, 1].png"
34.056583,5.764157,"mp-2932_[0, 0, 1].png"
-4.0756073,-21.502403,"mp-14780_[0, 0, 1].png"
7.2069874,59.38018,"mp-757826_[0, 0, 1].png"
-0.3731958,-39.20352,"mp-1019381_[0, 0, 1].png"
-19.97025,43.942074,"mp-1100452_[0, 0, 1].png"
-30.884579,-32.651676,"mp-1202894_[0, 0, 1].png"
-62.552868,-4.6435375,"mp-1267368_[0, 0, 1].png"
19.901323,9.687452,"mp-755727_[0, 0, 1].png"
-18.30044,42.741867,"mp-2713412_[0, 0, 1].png"
14.541965,18.722633,"mp-1075720_[0, 0, 1].png"
57.630096,4.350213,"mp-753527_[0, 0, 1].png"
7.805208,-8.590169,"mp-1206722_[0, 0, 1].png"
-17.300213,23.007105,"mp-530986_[0, 0, 1].png"
-1.44279,49.507805,"mp-755018_[0, 0, 1].png"
-14.810111,23.851019,"mp-1228030_[0, 0, 1].png"
32.73853,-25.140709,"mp-29910_[0, 0, 1].png"
-13.866374,8.870675,"mp-1073916_[0, 0, 1].png"
-61.614857,-11.016539,"mp-20012_[0, 0, 1].png"
-13.190028,-39.597523,"mp-34465_[0, 0, 1].png"
-36.575794,30.912891,"mp-697146_[0, 0, 1].png"
19.453304,31.75163,"mp-1183122_[0, 0, 1].png"
-9.145791,-13.333763,"mp-2716167_[0, 0, 1].png"
-21.190516,5.0085087,"mp-1220929_[0, 0, 1].png"
56.002697,-3.684559,"mp-638070_[0, 0, 1].png"
-20.195755,49.23273,"mp-6606_[0, 0, 1].png"
36.39853,-22.001467,"mp-2517_[0, 0, 1].png"
-20.989277,-13.951131,"mp-770387_[0, 0, 1].png"
-23.653425,-13.71906,"mp-755898_[0, 0, 1].png"
21.520372,13.949353,"mp-768353_[0, 0, 1].png"
-0.3035719,13.297965,"mp-1228810_[0, 0, 1].png"
49.797806,21.27431,"mp-7913_[0, 0, 1].png"
-45.05964,3.7809422,"mp-20292_[0, 0, 1].png"
2.70766,16.110825,"mp-28090_[0, 0, 1].png"
28.775389,10.572185,"mp-556454_[0, 0, 1].png"
-28.690002,39.978413,"mp-1041040_[0, 0, 1].png"
-0.4257111,-49.937225,"mp-1251187_[0, 0, 1].png"
30.536087,-4.6200128,"mp-555166_[0, 0, 1].png"
-39.71362,-2.976057,"mp-1228172_[0, 0, 1].png"
33.097458,14.316192,"mp-1046354_[0, 0, 1].png"
0.50061417,-22.065489,"mp-1222213_[0, 0, 1].png"
-13.67523,-29.449705,"mp-2715193_[0, 0, 1].png"
14.392654,36.69895,"mp-2716318_[0, 0, 1].png"
17.932854,-34.873604,"mp-768411_[0, 0, 1].png"
26.013142,1.4760145,"mp-2714065_[0, 0, 1].png"
-43.724224,-2.034989,"mp-1097120_[0, 0, 1].png"
-25.319668,20.168806,"mp-1074178_[0, 0, 1].png"
-24.341166,-14.547823,"mp-1205232_[0, 0, 1].png"
24.237856,41.69468,"mp-534838_[0, 0, 1].png"
47.519337,-13.862888,"mp-7610_[0, 0, 1].png"
-1.0066968,-8.733528,"mp-1031540_[0, 0, 1].png"
20.371437,-26.48444,"mp-769543_[0, 0, 1].png"
52.107296,-8.518927,"mp-28473_[0, 0, 1].png"
-9.158143,-9.153606,"mp-771041_[0, 0, 1].png"
-4.1359615,-14.747039,"mp-555089_[0, 0, 1].png"
-41.565914,-37.548927,"mp-1182036_[0, 0, 1].png"
-20.86206,5.037602,"mp-505554_[0, 0, 1].png"
34.281765,32.553364,"mp-1541_[0, 0, 1].png"
-21.446833,-16.434166,"mp-2714130_[0, 0, 1].png"
-36.40786,-34.16824,"mp-759401_[0, 0, 1].png"
43.136074,-4.7727094,"mp-1041318_[0, 0, 1].png"
-3.7780473,18.559772,"mp-1223469_[0, 0, 1].png"
4.2665696,-38.291122,"mp-560163_[0, 0, 1].png"
-9.220125,19.954182,"mp-2715207_[0, 0, 1].png"
14.284344,-27.444675,"mp-558553_[0, 0, 1].png"
15.5256,-38.3352,"mp-1044660_[0, 0, 1].png"
-1.0152645,-41.48629,"mp-14420_[0, 0, 1].png"
-52.82109,24.361862,"mp-555556_[0, 0, 1].png"
-2.522942,41.380096,"mp-557123_[0, 0, 1].png"
-46.266365,-13.217202,"mp-567749_[0, 0, 1].png"
33.755928,3.8616168,"mp-2715508_[0, 0, 1].png"
21.88417,-46.09276,"mp-1043054_[0, 0, 1].png"
-15.475036,-4.118048,"mp-1196684_[0, 0, 1].png"
43.234318,22.223783,"mp-1075337_[0, 0, 1].png"
10.08007,-30.47768,"mp-2716223_[0, 0, 1].png"
-22.356937,39.975033,"mp-1210861_[0, 0, 1].png"
12.731157,-24.223684,"mp-1104686_[0, 0, 1].png"
-8.762334,-10.960096,"mp-2714954_[0, 0, 1].png"
25.026783,5.829818,"mp-1248784_[0, 0, 1].png"
-9.214549,-10.408908,"mp-2715282_[0, 0, 1].png"
18.02309,7.5021505,"mp-1104298_[0, 0, 1].png"
37.62073,29.219662,"mp-1074941_[0, 0, 1].png"
-36.913948,-27.125086,"mp-2715831_[0, 0, 1].png"
3.6378326,18.245766,"mp-1102095_[0, 0, 1].png"
-16.498384,53.10181,"mp-1198799_[0, 0, 1].png"
-28.378815,31.287785,"mp-2712588_[0, 0, 1].png"
1.7773881,-43.857292,"mp-19950_[0, 0, 1].png"
-54.27783,-13.561546,"mp-1212314_[0, 0, 1].png"
47.701054,35.736042,"mp-1253019_[0, 0, 1].png"
-33.05291,-5.051336,"mp-755718_[0, 0, 1].png"
4.742733,0.5924544,"mp-1100408_[0, 0, 1].png"
-10.698986,26.200861,"mp-5151_[0, 0, 1].png"
17.31722,-28.390766,"mp-766530_[0, 0, 1].png"
13.199478,34.42956,"mp-758977_[0, 0, 1].png"
-17.836802,3.678996,"mp-28099_[0, 0, 1].png"
8.788285,-8.526599,"mp-568020_[0, 0, 1].png"
-5.4898214,39.40815,"mp-14708_[0, 0, 1].png"
-17.11291,-10.210974,"mp-1214557_[0, 0, 1].png"
31.79665,-26.022932,"mp-755425_[0, 0, 1].png"
-22.378418,32.684795,"mp-1029565_[0, 0, 1].png"
44.91766,33.82133,"mp-1129406_[0, 0, 1].png"
23.883596,31.958982,"mp-1227947_[0, 0, 1].png"
28.47925,16.986193,"mp-612740_[0, 0, 1].png"
-46.279324,-0.7175049,"mp-1075048_[0, 0, 1].png"
-10.99995,-38.352627,"mp-32509_[0, 0, 1].png"
-4.6562653,9.486984,"mp-22995_[0, 0, 1].png"
-0.23040895,15.283822,"mp-19885_[0, 0, 1].png"
-53.2587,-19.142689,"mp-10967_[0, 0, 1].png"
-25.888128,47.740814,"mp-1225524_[0, 0, 1].png"
15.718139,-1.8607203,"mp-558724_[0, 0, 1].png"
3.9643,22.918156,"mp-6419_[0, 0, 1].png"
-20.695572,58.296856,"mp-753149_[0, 0, 1].png"
-47.796406,30.54192,"mp-752506_[0, 0, 1].png"
-24.130495,-7.389683,"mp-1030926_[0, 0, 1].png"
38.093304,-30.300686,"mp-1211746_[0, 0, 1].png"
5.646462,48.819813,"mp-759724_[0, 0, 1].png"
-22.013687,58.23241,"mp-10616_[0, 0, 1].png"
50.23706,17.977913,"mp-2715688_[0, 0, 1].png"
-16.82931,42.89991,"mp-1025385_[0, 0, 1].png"
39.811012,-14.576073,"mp-2215892_[0, 0, 1].png"
53.558315,1.29299,"mp-2712593_[0, 0, 1].png"
19.27861,-6.9862156,"mp-6084_[0, 0, 1].png"
-39.61531,-46.390022,"mp-2714776_[0, 0, 1].png"
40.70673,-32.39843,"mp-1016319_[0, 0, 1].png"
-26.757528,37.933033,"mp-1021466_[0, 0, 1].png"
30.333334,16.988014,"mp-752471_[0, 0, 1].png"
-9.892989,-31.29305,"mp-567338_[0, 0, 1].png"
-2.2653215,34.47955,"mp-1221815_[0, 0, 1].png"
-4.7439604,-10.68394,"mp-759160_[0, 0, 1].png"
-30.523895,-30.950315,"mp-16313_[0, 0, 1].png"
50.37618,18.358284,"mp-2715615_[0, 0, 1].png"
-4.548327,-10.607058,"mp-1074194_[0, 0, 1].png"
42.459393,39.84449,"mp-2716452_[0, 0, 1].png"
21.233143,34.720737,"mp-7684_[0, 0, 1].png"
42.32634,-24.780453,"mp-1142841_[0, 0, 1].png"
20.347376,35.385223,"mp-2715717_[0, 0, 1].png"
41.573338,-37.855694,"mp-1222888_[0, 0, 1].png"
12.913775,-23.967802,"mp-1105201_[0, 0, 1].png"
-7.801512,-28.093283,"mp-775186_[0, 0, 1].png"
-22.179087,-12.182073,"mp-1192758_[0, 0, 1].png"
-21.95084,-6.529363,"mp-2715665_[0, 0, 1].png"
36.292946,40.944893,"mp-1214297_[0, 0, 1].png"
55.8425,-3.7578847,"mp-542754_[0, 0, 1].png"
-47.722923,25.69828,"mp-2716300_[0, 0, 1].png"
60.222755,7.5482707,"mp-6208_[0, 0, 1].png"
14.287613,-5.7033334,"mp-7754_[0, 0, 1].png"
-11.284793,-35.110813,"mp-1073935_[0, 0, 1].png"
-18.246305,43.927013,"mp-641919_[0, 0, 1].png"
-28.091196,-23.271547,"mp-2653_[0, 0, 1].png"
3.3433197,-65.119675,"mp-2713831_[0, 0, 1].png"
-23.83133,-0.84826064,"mp-28503_[0, 0, 1].png"
24.320932,14.809545,"mp-1074203_[0, 0, 1].png"
26.696056,-32.430584,"mp-570437_[0, 0, 1].png"
1.1557574,-35.9614,"mp-685043_[0, 0, 1].png"
20.959852,-22.072508,"mp-1236536_[0, 0, 1].png"
45.922794,-27.985767,"mp-1222909_[0, 0, 1].png"
-24.439396,32.253937,"mp-1227798_[0, 0, 1].png"
29.66457,18.100073,"mp-18610_[0, 0, 1].png"
-15.62382,5.329828,"mp-1044170_[0, 0, 1].png"
-41.04602,-14.687317,"mp-1026677_[0, 0, 1].png"
28.946955,-20.688093,"mp-2713623_[0, 0, 1].png"
38.564583,-18.286243,"mp-18220_[0, 0, 1].png"
48.600586,-8.208453,"mp-15988_[0, 0, 1].png"
-46.56234,21.21614,"mp-753062_[0, 0, 1].png"
39.440407,-17.09629,"mp-559840_[0, 0, 1].png"
27.232525,-12.331495,"mp-761495_[0, 0, 1].png"
36.231544,-27.960625,"mp-3666_[0, 0, 1].png"
50.57005,-7.122463,"mp-2661_[0, 0, 1].png"
25.303352,38.95044,"mp-2712525_[0, 0, 1].png"
2.780387,20.472973,"mp-1044096_[0, 0, 1].png"
-25.003475,-35.404434,"mp-1044397_[0, 0, 1].png"
-23.97109,31.717268,"mp-1100463_[0, 0, 1].png"
-34.85635,28.071291,"mp-2714402_[0, 0, 1].png"
58.78259,-4.7267404,"mp-1214345_[0, 0, 1].png"
32.250008,12.676214,"mp-1223575_[0, 0, 1].png"
50.46099,0.050613794,"mp-1261497_[0, 0, 1].png"
0.96815413,-43.2545,"mp-8380_[0, 0, 1].png"
57.084736,6.3226314,"mp-18562_[0, 0, 1].png"
-15.313831,45.738113,"mp-6150_[0, 0, 1].png"
18.562376,40.821342,"mp-759375_[0, 0, 1].png"
-39.50574,-2.6892262,"mp-12016_[0, 0, 1].png"
3.920449,40.12331,"mp-27821_[0, 0, 1].png"
-18.857885,-7.9848814,"mp-1222755_[0, 0, 1].png"
6.135216,60.568142,"mp-754500_[0, 0, 1].png"
-12.135554,-29.62798,"mp-676431_[0, 0, 1].png"
-43.72142,26.711424,"mp-2714175_[0, 0, 1].png"
18.03036,43.40014,"mp-37923_[0, 0, 1].png"
32.181343,5.832072,"mp-757842_[0, 0, 1].png"
-9.6002,-36.741783,"mp-2714507_[0, 0, 1].png"
23.65908,-12.636018,"mp-2714988_[0, 0, 1].png"
5.008184,50.102016,"mp-1009084_[0, 0, 1].png"
42.55237,-21.389874,"mp-1030893_[0, 0, 1].png"
-33.83542,-32.308956,"mp-1031460_[0, 0, 1].png"
-10.367271,-31.34753,"mp-510566_[0, 0, 1].png"
36.448376,-17.861498,"mp-1043424_[0, 0, 1].png"
22.582579,12.096019,"mp-627349_[0, 0, 1].png"
-27.048767,47.06768,"mp-1184934_[0, 0, 1].png"
22.225489,-39.024612,"mp-20782_[0, 0, 1].png"
-23.158617,50.276215,"mp-1209611_[0, 0, 1].png"
16.404552,9.517411,"mp-17698_[0, 0, 1].png"
17.603653,39.974236,"mp-1040512_[0, 0, 1].png"
27.021122,18.83611,"mp-20596_[0, 0, 1].png"
-49.318462,7.1580257,"mp-693857_[0, 0, 1].png"
-46.30639,1.7268783,"mp-1207677_[0, 0, 1].png"
1.6494597,-35.59684,"mp-1044226_[0, 0, 1].png"
-44.306797,20.244183,"mp-1207018_[0, 0, 1].png"
-1.6098688,34.04643,"mp-554868_[0, 0, 1].png"
44.562614,21.922686,"mp-755811_[0, 0, 1].png"
8.265034,-62.206226,"mp-12837_[0, 0, 1].png"
5.354653,-53.61712,"mp-7910_[0, 0, 1].png"
-31.525152,-22.64091,"mp-770865_[0, 0, 1].png"
-23.259302,-14.038507,"mp-781712_[0, 0, 1].png"
28.37392,19.06128,"mp-1222235_[0, 0, 1].png"
50.954933,-11.130944,"mp-1227080_[0, 0, 1].png"
-4.99323,49.578518,"mp-10182_[0, 0, 1].png"
38.89013,24.309134,"mp-4510_[0, 0, 1].png"
44.552757,23.58397,"mp-1210000_[0, 0, 1].png"
-32.40977,-26.213802,"mp-9781_[0, 0, 1].png"
-35.610542,-7.1710596,"mp-551086_[0, 0, 1].png"
47.564575,-27.18968,"mp-4829_[0, 0, 1].png"
1.9703138,-53.145096,"mp-625318_[0, 0, 1].png"
6.963283,60.022415,"mp-1073851_[0, 0, 1].png"
-4.629131,8.742127,"mp-1226845_[0, 0, 1].png"
-18.763119,53.807076,"mp-642209_[0, 0, 1].png"
11.781751,-11.369795,"mp-1006390_[0, 0, 1].png"
-17.950344,58.680172,"mp-21065_[0, 0, 1].png"
13.195542,-11.0581875,"mp-570213_[0, 0, 1].png"
-37.284958,-1.2884153,"mp-2715226_[0, 0, 1].png"
44.140312,-2.4848797,"mp-149_[0, 0, 1].png"
-30.32188,38.1198,"mp-1072248_[0, 0, 1].png"
-34.45653,29.362831,"mp-22383_[0, 0, 1].png"
4.0293026,49.995453,"mp-777651_[0, 0, 1].png"
-0.527371,-43.228905,"mp-778011_[0, 0, 1].png"
-38.34251,-39.81647,"mp-1217586_[0, 0, 1].png"
-3.7868962,-21.845613,"mp-2715544_[0, 0, 1].png"
-28.061783,-19.176697,"mp-775350_[0, 0, 1].png"
25.055798,3.5595405,"mp-677121_[0, 0, 1].png"
-29.664206,-35.482063,"mp-1189414_[0, 0, 1].png"
-11.305426,19.485605,"mp-1209907_[0, 0, 1].png"
11.449325,-53.269062,"mp-2714207_[0, 0, 1].png"
-55.360275,-7.455663,"mp-1195311_[0, 0, 1].png"
-40.990143,-39.433037,"mp-2713425_[0, 0, 1].png"
-14.769303,0.35531348,"mp-1101755_[0, 0, 1].png"
1.1296413,-64.197556,"mp-1177304_[0, 0, 1].png"
1.2053794,56.283043,"mp-753200_[0, 0, 1].png"
6.5881276,-9.135464,"mp-1043503_[0, 0, 1].png"
-1.443708,19.8457,"mp-1020706_[0, 0, 1].png"
27.885918,-7.421986,"mp-1224451_[0, 0, 1].png"
-41.056435,-15.635647,"mp-2713090_[0, 0, 1].png"
12.254338,-27.40052,"mp-1047935_[0, 0, 1].png"
0.5361244,47.03251,"mp-1073635_[0, 0, 1].png"
-16.229864,40.42245,"mp-756353_[0, 0, 1].png"
56.38501,-2.3170173,"mp-759107_[0, 0, 1].png"
-8.698656,10.650052,"mp-1020615_[0, 0, 1].png"
0.14747338,-44.99564,"mp-2715398_[0, 0, 1].png"
-31.108456,-43.40557,"mp-1074833_[0, 0, 1].png"
30.549202,-21.86352,"mp-758102_[0, 0, 1].png"
2.291836,-1.6062336,"mp-505332_[0, 0, 1].png"
-34.362896,17.580462,"mp-1205555_[0, 0, 1].png"
49.94147,-11.746125,"mp-1399879_[0, 0, 1].png"
-16.616766,-48.124767,"mp-698018_[0, 0, 1].png"
-4.1002445,45.919685,"mp-42508_[0, 0, 1].png"
23.47874,-7.960171,"mp-1431_[0, 0, 1].png"
30.915169,-0.038030177,"mp-2714646_[0, 0, 1].png"
-45.717995,-17.370152,"mp-1134064_[0, 0, 1].png"
18.592512,-37.84266,"mp-1207965_[0, 0, 1].png"
20.815102,30.629522,"mp-1001837_[0, 0, 1].png"
-14.557731,20.638916,"mp-1182691_[0, 0, 1].png"
17.691221,31.190306,"mp-1224714_[0, 0, 1].png"
-1.5462381,36.316544,"mp-1221288_[0, 0, 1].png"
-31.434608,2.2657635,"mp-1218540_[0, 0, 1].png"
18.302465,-13.262047,"mp-765470_[0, 0, 1].png"
20.212782,-13.217865,"mp-850291_[0, 0, 1].png"
-19.934282,-13.861746,"mp-22582_[0, 0, 1].png"
15.446259,33.96719,"mp-20694_[0, 0, 1].png"
4.039045,18.223633,"mp-1222632_[0, 0, 1].png"
-1.792506,-57.602097,"mp-862_[0, 0, 1].png"
20.147335,-25.204351,"mp-1074798_[0, 0, 1].png"
-10.309528,-28.02391,"mp-1173298_[0, 0, 1].png"
17.038048,-31.051373,"mp-567680_[0, 0, 1].png"
-29.256502,43.14959,"mp-10126_[0, 0, 1].png"
-28.819017,23.044235,"mp-1227796_[0, 0, 1].png"
18.157679,39.933983,"mp-754913_[0, 0, 1].png"
-32.24212,-32.11468,"mp-561301_[0, 0, 1].png"
-20.296625,-3.3742528,"mp-978806_[0, 0, 1].png"
-9.70947,22.434202,"mp-550714_[0, 0, 1].png"
42.21996,-27.920412,"mp-1078996_[0, 0, 1].png"
-24.394146,36.66101,"mp-1073909_[0, 0, 1].png"
-35.877953,-42.401394,"mp-18778_[0, 0, 1].png"
-3.5825737,35.526867,"mp-15016_[0, 0, 1].png"
24.148424,13.076306,"mp-2712554_[0, 0, 1].png"
3.6410105,-47.865654,"mp-23884_[0, 0, 1].png"
-33.267075,20.781126,"mp-6091_[0, 0, 1].png"
11.067418,-24.842903,"mp-3224_[0, 0, 1].png"
24.77184,-32.5365,"mp-972387_[0, 0, 1].png"
21.77029,-45.79693,"mp-2716058_[0, 0, 1].png"
-48.290188,-16.091143,"mp-1078782_[0, 0, 1].png"
30.316029,17.715393,"mp-1074792_[0, 0, 1].png"
7.237819,-42.642876,"mp-695427_[0, 0, 1].png"
11.766449,2.128834,"mp-758715_[0, 0, 1].png"
-47.856644,25.150946,"mp-1042094_[0, 0, 1].png"
-23.492552,-27.659725,"mp-2714392_[0, 0, 1].png"
-16.648687,1.4001604,"mp-1214645_[0, 0, 1].png"
20.774805,25.347246,"mp-11560_[0, 0, 1].png"
25.401167,15.0951605,"mp-12958_[0, 0, 1].png"
8.675051,35.602226,"mp-2715610_[0, 0, 1].png"
25.497444,-34.099056,"mp-865681_[0, 0, 1].png"
-31.590046,-36.80236,"mp-1219912_[0, 0, 1].png"
17.576015,-26.790106,"mp-1215852_[0, 0, 1].png"
-3.3595352,35.642918,"mp-863678_[0, 0, 1].png"
6.930182,-63.14173,"mp-644385_[0, 0, 1].png"
1.9584193,1.4275845,"mp-1020739_[0, 0, 1].png"
-22.577253,-13.990557,"mp-17652_[0, 0, 1].png"
15.985723,-11.106064,"mp-1193608_[0, 0, 1].png"
37.887188,24.475239,"mp-753702_[0, 0, 1].png"
-45.837975,1.9892892,"mp-754726_[0, 0, 1].png"
32.002357,4.827186,"mp-600023_[0, 0, 1].png"
20.024042,39.208073,"mp-11017_[0, 0, 1].png"
27.570833,5.851814,"mp-1253145_[0, 0, 1].png"
-54.85764,-18.53226,"mp-849731_[0, 0, 1].png"
-2.992597,19.07856,"mp-2715538_[0, 0, 1].png"
-19.769442,3.6396189,"mp-561351_[0, 0, 1].png"
-32.652863,-39.382427,"mp-28407_[0, 0, 1].png"
43.725197,-35.808693,"mp-2714462_[0, 0, 1].png"
-15.579216,13.552698,"mp-35555_[0, 0, 1].png"
4.544604,47.66966,"mp-907952_[0, 0, 1].png"
-6.79515,12.042374,"mp-1206381_[0, 0, 1].png"
-20.175695,-6.661821,"mp-550751_[0, 0, 1].png"
35.442505,-33.151173,"mp-639511_[0, 0, 1].png"
-14.357925,0.22396113,"mp-752826_[0, 0, 1].png"
12.338492,1.0368285,"mp-1255447_[0, 0, 1].png"
-16.420835,25.004148,"mp-766583_[0, 0, 1].png"
-24.788553,37.705284,"mp-1344128_[0, 0, 1].png"
25.60601,-36.82004,"mp-8877_[0, 0, 1].png"
-38.415977,2.5559952,"mp-39288_[0, 0, 1].png"
-3.223468,46.92366,"mp-651175_[0, 0, 1].png"
18.172464,-37.47657,"mp-1073900_[0, 0, 1].png"
-29.706848,-21.81727,"mp-1020616_[0, 0, 1].png"
36.780796,40.30742,"mp-753710_[0, 0, 1].png"
12.985217,-23.376444,"mp-2499_[0, 0, 1].png"
-48.557037,17.749014,"mp-866662_[0, 0, 1].png"
10.357442,-24.536547,"mp-1068827_[0, 0, 1].png"
-28.453863,47.140606,"mp-12180_[0, 0, 1].png"
-12.969971,-36.43801,"mp-1210991_[0, 0, 1].png"
13.385986,-12.323015,"mp-1044868_[0, 0, 1].png"
-17.551064,48.6296,"mp-753700_[0, 0, 1].png"
-21.413994,-4.030246,"mp-3779_[0, 0, 1].png"
45.420303,23.283783,"mp-680269_[0, 0, 1].png"
2.8032286,57.084248,"mp-1013762_[0, 0, 1].png"
6.588283,52.17513,"mp-1224530_[0, 0, 1].png"
-39.902,0.23865922,"mp-1224828_[0, 0, 1].png"
-47.37333,-1.3766207,"mp-1222307_[0, 0, 1].png"
25.09243,-41.772987,"mp-1180369_[0, 0, 1].png"
-60.828377,-6.371991,"mp-753539_[0, 0, 1].png"
25.346462,41.615067,"mp-1208777_[0, 0, 1].png"
-57.557823,-14.779955,"mp-766811_[0, 0, 1].png"
-17.029392,57.029133,"mp-781754_[0, 0, 1].png"
-37.15929,16.599934,"mp-686427_[0, 0, 1].png"
-10.386448,-29.574596,"mp-2714558_[0, 0, 1].png"
-19.290304,42.354767,"mp-2713849_[0, 0, 1].png"
9.518233,-54.142014,"mp-1073134_[0, 0, 1].png"
38.68588,35.59909,"mp-1183270_[0, 0, 1].png"
46.389233,-32.076385,"mp-707840_[0, 0, 1].png"
-16.773481,-0.6937682,"mp-1306442_[0, 0, 1].png"
6.189982,-8.067509,"mp-15078_[0, 0, 1].png"
-54.086178,-13.947942,"mp-5526_[0, 0, 1].png"
6.3056087,59.67577,"mp-1227188_[0, 0, 1].png"
-27.85734,14.522598,"mp-1211498_[0, 0, 1].png"
11.369087,-0.2425492,"mp-1258196_[0, 0, 1].png"
23.681286,-44.49691,"mp-26600_[0, 0, 1].png"
1.7360194,14.7561035,"mp-3775_[0, 0, 1].png"
22.8273,29.085114,"mp-14232_[0, 0, 1].png"
-12.721255,3.5188615,"mp-1044829_[0, 0, 1].png"
9.833905,-48.211018,"mp-561743_[0, 0, 1].png"
-0.958676,43.91578,"mp-1043406_[0, 0, 1].png"
6.4667916,-43.588108,"mp-541040_[0, 0, 1].png"
-63.46505,-9.056247,"mp-685863_[0, 0, 1].png"
44.44028,-5.789766,"mp-4876_[0, 0, 1].png"
26.155481,-45.31981,"mp-1044342_[0, 0, 1].png"
45.757862,-28.682796,"mp-1041875_[0, 0, 1].png"
-25.074219,47.959465,"mp-647450_[0, 0, 1].png"
61.70616,9.879834,"mp-675944_[0, 0, 1].png"
-15.404878,-49.18287,"mp-1211911_[0, 0, 1].png"
0.17394619,-16.200872,"mp-758604_[0, 0, 1].png"
-8.523287,-35.9422,"mp-13916_[0, 0, 1].png"
-47.71838,0.382457,"mp-557649_[0, 0, 1].png"
-37.596752,4.8936815,"mp-2714778_[0, 0, 1].png"
-37.610275,15.024392,"mp-1210475_[0, 0, 1].png"
-6.081148,49.582428,"mp-801999_[0, 0, 1].png"
4.2595906,-47.500214,"mp-28460_[0, 0, 1].png"
-46.098232,6.7713995,"mp-1257168_[0, 0, 1].png"
-13.916558,0.6868535,"mp-1220308_[0, 0, 1].png"
22.363754,-37.573593,"mp-684724_[0, 0, 1].png"
24.758718,-35.855278,"mp-1210489_[0, 0, 1].png"
-4.142045,16.087664,"mp-754357_[0, 0, 1].png"
2.15159,11.984644,"mp-510011_[0, 0, 1].png"
16.063368,43.5484,"mp-1177678_[0, 0, 1].png"
15.274315,-40.60647,"mp-1217739_[0, 0, 1].png"
33.016396,-19.388485,"mp-1105142_[0, 0, 1].png"
-33.020958,17.908934,"mp-758755_[0, 0, 1].png"
47.272713,2.288958,"mp-6867_[0, 0, 1].png"
23.34587,46.78716,"mp-14836_[0, 0, 1].png"
-21.839178,-10.740804,"mp-2713232_[0, 0, 1].png"
-10.238429,0.8124745,"mp-10436_[0, 0, 1].png"
51.40148,26.750326,"mp-1044163_[0, 0, 1].png"
46.8417,-22.657448,"mp-568029_[0, 0, 1].png"
-51.089886,-13.148221,"mp-1020666_[0, 0, 1].png"
-30.739826,2.2371724,"mp-1200090_[0, 0, 1].png"
20.071291,11.661628,"mp-1228563_[0, 0, 1].png"
20.142372,12.055142,"mp-20949_[0, 0, 1].png"
-21.444029,-7.748046,"mp-774243_[0, 0, 1].png"
52.144283,-9.538379,"mp-796827_[0, 0, 1].png"
-30.308819,16.145824,"mp-557373_[0, 0, 1].png"
4.021567,46.75365,"mp-7449_[0, 0, 1].png"
2.0372574,-64.8502,"mp-28514_[0, 0, 1].png"
-2.4286423,-53.99156,"mp-1216157_[0, 0, 1].png"
6.390955,2.1085312,"mp-631562_[0, 0, 1].png"
-8.55036,21.107258,"mp-1206324_[0, 0, 1].png"
15.667293,9.792626,"mp-10244_[0, 0, 1].png"
2.2824879,-19.70964,"mp-1194616_[0, 0, 1].png"
43.66186,-21.957445,"mp-1041160_[0, 0, 1].png"
53.605152,-8.636993,"mp-1190138_[0, 0, 1].png"
-35.487885,-45.84628,"mp-1213518_[0, 0, 1].png"
-20.029032,-11.918819,"mp-2716435_[0, 0, 1].png"
-16.085648,54.284107,"mp-13235_[0, 0, 1].png"
-37.599056,4.1992974,"mp-1045787_[0, 0, 1].png"
37.640007,-3.1694412,"mp-1025210_[0, 0, 1].png"
-18.372736,-12.91437,"mp-1043451_[0, 0, 1].png"
22.305017,-43.732574,"mp-626256_[0, 0, 1].png"
43.49172,-31.12142,"mp-1247264_[0, 0, 1].png"
-3.3169842,-26.512869,"mp-1210431_[0, 0, 1].png"
4.1878614,-18.470722,"mp-2715369_[0, 0, 1].png"
-32.485016,-45.897564,"mp-2176_[0, 0, 1].png"
-35.02334,-47.836487,"mp-5974_[0, 0, 1].png"
20.18176,-23.671051,"mp-21459_[0, 0, 1].png"
11.600205,-32.37564,"mp-2716510_[0, 0, 1].png"
-22.454185,-16.89103,"mp-1223524_[0, 0, 1].png"
-37.55976,23.548891,"mp-757130_[0, 0, 1].png"
25.120243,8.191774,"mp-2712814_[0, 0, 1].png"
8.76265,52.268543,"mp-9556_[0, 0, 1].png"
-4.9192753,43.52386,"mp-2713373_[0, 0, 1].png"
-38.44782,17.544106,"mp-556390_[0, 0, 1].png"
1.201777,13.594851,"mp-2714784_[0, 0, 1].png"
19.223808,-26.429558,"mp-567968_[0, 0, 1].png"
-16.859962,-47.79285,"mp-680437_[0, 0, 1].png"
50.77131,-2.8667324,"mp-18285_[0, 0, 1].png"
-0.15529814,37.843693,"mp-1102115_[0, 0, 1].png"
42.65372,-38.66192,"mp-552_[0, 0, 1].png"
-37.335037,12.664545,"mp-1222095_[0, 0, 1].png"
-1.5890441,-49.144623,"mp-1074681_[0, 0, 1].png"
-54.330986,-16.47581,"mp-1219191_[0, 0, 1].png"
-28.259487,-25.54417,"mp-24369_[0, 0, 1].png"
2.693169,-36.5087,"mp-567769_[0, 0, 1].png"
21.6222,38.372334,"mp-2715484_[0, 0, 1].png"
-9.914502,-35.63602,"mp-723049_[0, 0, 1].png"
28.327314,16.917633,"mp-1225894_[0, 0, 1].png"
41.43687,-6.397298,"mp-2714323_[0, 0, 1].png"
4.7986455,56.397186,"mp-1204796_[0, 0, 1].png"
-5.948563,-30.288372,"mp-16283_[0, 0, 1].png"
60.066936,-2.2134202,"mp-1220187_[0, 0, 1].png"
29.811163,-19.886389,"mp-862556_[0, 0, 1].png"
52.944366,24.154058,"mp-5056_[0, 0, 1].png"
-20.213572,-11.9735155,"mp-752966_[0, 0, 1].png"
-8.321537,-12.007254,"mp-2712551_[0, 0, 1].png"
26.605042,15.608168,"mp-2712961_[0, 0, 1].png"
38.820045,-35.62016,"mp-862999_[0, 0, 1].png"
-41.757668,3.8445563,"mp-643432_[0, 0, 1].png"
2.636406,62.995197,"mp-1196887_[0, 0, 1].png"
-19.28983,48.522873,"mp-5382_[0, 0, 1].png"
-43.448574,15.506133,"mp-1040887_[0, 0, 1].png"
-0.21505365,-42.214615,"mp-26511_[0, 0, 1].png"
-2.6443486,-60.618267,"mp-1181218_[0, 0, 1].png"
18.595678,-6.5914187,"mp-9968_[0, 0, 1].png"
-54.235428,-20.89491,"mp-3777_[0, 0, 1].png"
19.04888,41.781162,"mp-758787_[0, 0, 1].png"
-50.846664,-18.301153,"mp-1219559_[0, 0, 1].png"
-2.6977634,-59.62052,"mp-1209310_[0, 0, 1].png"
44.62213,-28.877047,"mp-28676_[0, 0, 1].png"
12.987044,31.075665,"mp-1198316_[0, 0, 1].png"
2.2067223,61.710934,"mp-1222102_[0, 0, 1].png"
2.1526244,52.072323,"mp-1188211_[0, 0, 1].png"
-26.75536,31.28485,"mp-559934_[0, 0, 1].png"
-15.380037,-4.3996415,"mp-1187007_[0, 0, 1].png"
43.796722,-32.071697,"mp-1201520_[0, 0, 1].png"
-18.215542,-13.021141,"mp-626417_[0, 0, 1].png"
-48.780205,23.566671,"mp-761819_[0, 0, 1].png"
37.717735,-14.538031,"mp-1191091_[0, 0, 1].png"
12.302283,-20.306543,"mp-1068635_[0, 0, 1].png"
-37.299854,-40.73892,"mp-1220793_[0, 0, 1].png"
37.710857,31.937256,"mp-1214287_[0, 0, 1].png"
-31.859097,21.032755,"mp-2232393_[0, 0, 1].png"
-2.0066903,-17.333431,"mp-1225118_[0, 0, 1].png"
25.886152,38.64584,"mp-560226_[0, 0, 1].png"
40.53718,-16.944925,"mp-2712752_[0, 0, 1].png"
-12.802569,0.21811472,"mp-1079297_[0, 0, 1].png"
44.18291,19.64071,"mp-1034837_[0, 0, 1].png"
-45.50175,1.7032644,"mp-1073734_[0, 0, 1].png"
-6.6636925,4.7551026,"mp-532803_[0, 0, 1].png"
-6.5158615,-15.8184395,"mp-1228255_[0, 0, 1].png"
-8.563844,-34.18511,"mp-6671_[0, 0, 1].png"
1.898415,42.601875,"mp-1246296_[0, 0, 1].png"
55.803505,-7.333035,"mp-2716182_[0, 0, 1].png"
-9.413854,-22.792292,"mp-1188498_[0, 0, 1].png"
-46.321037,4.4483404,"mp-3278_[0, 0, 1].png"
-25.40823,19.842922,"mp-2715341_[0, 0, 1].png"
25.249533,-45.821964,"mp-1199894_[0, 0, 1].png"
7.774041,25.573225,"mp-1105487_[0, 0, 1].png"
36.928085,29.16369,"mp-1186731_[0, 0, 1].png"
10.224664,-59.642017,"mp-1133317_[0, 0, 1].png"
26.63142,-0.037717376,"mp-20187_[0, 0, 1].png"
4.911693,-0.43002936,"mp-7557_[0, 0, 1].png"
12.741413,-24.257393,"mp-28922_[0, 0, 1].png"
-32.481396,-31.167046,"mp-1045788_[0, 0, 1].png"
-15.082565,-22.419485,"mp-25886_[0, 0, 1].png"
-5.615197,16.161701,"mp-673070_[0, 0, 1].png"
-0.84274215,10.621358,"mp-1206564_[0, 0, 1].png"
-52.12707,-19.158377,"mp-39681_[0, 0, 1].png"
5.3956237,58.563477,"mp-2713733_[0, 0, 1].png"
18.811892,39.57274,"mp-1213057_[0, 0, 1].png"
24.067942,28.52278,"mp-9309_[0, 0, 1].png"
30.584616,1.8645498,"mp-752895_[0, 0, 1].png"
-25.706903,41.327732,"mp-1043818_[0, 0, 1].png"
57.891735,2.6092656,"mp-735519_[0, 0, 1].png"
39.383602,-31.758402,"mp-1043548_[0, 0, 1].png"
-17.387043,36.769,"mp-1189988_[0, 0, 1].png"
45.101112,22.882223,"mp-1172462_[0, 0, 1].png"
-9.13585,-32.194977,"mp-2713569_[0, 0, 1].png"
-7.586743,-10.252234,"mp-675020_[0, 0, 1].png"
-0.20609106,16.206554,"mp-2713673_[0, 0, 1].png"
-32.068226,-31.171877,"mp-639228_[0, 0, 1].png"
34.472446,33.186016,"mp-924128_[0, 0, 1].png"
20.28841,36.868374,"mp-1029791_[0, 0, 1].png"
4.603186,57.38106,"mp-27235_[0, 0, 1].png"
-23.58521,-31.096619,"mp-2713920_[0, 0, 1].png"
45.731663,2.7254987,"mp-1044068_[0, 0, 1].png"
-2.9167714,55.970387,"mp-1075486_[0, 0, 1].png"
-21.711134,-6.0968175,"mp-2713339_[0, 0, 1].png"
17.202127,33.122074,"mp-648117_[0, 0, 1].png"
0.93271875,-0.7677547,"mp-11737_[0, 0, 1].png"
40.58307,-6.147759,"mp-13150_[0, 0, 1].png"
28.497108,-5.2542167,"mp-2715455_[0, 0, 1].png"
2.930816,-38.089798,"mp-1031242_[0, 0, 1].png"
59.20359,0.45292097,"mp-22746_[0, 0, 1].png"
-20.799932,-15.446859,"mp-999200_[0, 0, 1].png"
-50.535946,4.6769347,"mp-3481_[0, 0, 1].png"
6.1564226,-61.3862,"mp-2713975_[0, 0, 1].png"
10.097453,-10.293015,"mp-1223618_[0, 0, 1].png"
46.964672,0.308611,"mp-560588_[0, 0, 1].png"
18.014328,36.18573,"mp-767688_[0, 0, 1].png"
38.17024,-26.365673,"mp-1210523_[0, 0, 1].png"
-42.50514,3.4773877,"mp-23612_[0, 0, 1].png"
-2.5170102,10.405799,"mp-1189212_[0, 0, 1].png"
-4.212332,47.651573,"mp-7030_[0, 0, 1].png"
2.7424774,-36.54373,"mp-2714709_[0, 0, 1].png"
-1.1162695,-60.29119,"mp-1217296_[0, 0, 1].png"
3.7657344,44.415745,"mp-1040245_[0, 0, 1].png"
-46.168552,6.199482,"mp-1073862_[0, 0, 1].png"
-4.7585983,20.146828,"mp-2713788_[0, 0, 1].png"
-46.56385,-10.100789,"mp-6169_[0, 0, 1].png"
-6.2118797,-26.666449,"mp-2714664_[0, 0, 1].png"
26.529226,-43.697933,"mp-4004_[0, 0, 1].png"
-12.672718,24.850811,"mp-793_[0, 0, 1].png"
5.3148766,-4.904407,"mp-22438_[0, 0, 1].png"
15.753966,36.478916,"mp-568402_[0, 0, 1].png"
-18.358389,-13.693248,"mp-1234765_[0, 0, 1].png"
-34.43247,1.4317027,"mp-2715976_[0, 0, 1].png"
-45.157806,5.02218,"mp-849346_[0, 0, 1].png"
-34.96602,26.821222,"mp-17128_[0, 0, 1].png"
-33.85602,29.210299,"mp-1194454_[0, 0, 1].png"
5.0698147,-59.38515,"mp-2691_[0, 0, 1].png"
23.015257,10.444106,"mp-4756_[0, 0, 1].png"
-16.211979,23.261215,"mp-569051_[0, 0, 1].png"
-20.181124,55.802208,"mp-972741_[0, 0, 1].png"
16.175829,-4.787634,"mp-1070857_[0, 0, 1].png"
59.99201,7.6191216,"mp-29362_[0, 0, 1].png"
22.434612,40.608463,"mp-1221824_[0, 0, 1].png"
-5.932736,22.039463,"mp-1044885_[0, 0, 1].png"
-11.944157,26.64665,"mp-754474_[0, 0, 1].png"
0.58753395,2.4228551,"mp-2713291_[0, 0, 1].png"
-28.731297,39.051163,"mp-29513_[0, 0, 1].png"
-2.113376,43.459576,"mp-1185023_[0, 0, 1].png"
-29.818892,-43.07865,"mp-998986_[0, 0, 1].png"
-40.524574,-39.509773,"mp-8873_[0, 0, 1].png"
-16.987524,-48.543556,"mp-770947_[0, 0, 1].png"
-46.138092,26.405655,"mp-23485_[0, 0, 1].png"
33.46854,3.8846855,"mp-1209928_[0, 0, 1].png"
7.1391087,58.063824,"mp-1217882_[0, 0, 1].png"
14.814219,33.20102,"mp-2716105_[0, 0, 1].png"
-26.77146,18.783295,"mp-13643_[0, 0, 1].png"
15.413804,-12.823548,"mp-4175_[0, 0, 1].png"
-5.982538,9.514648,"mp-1075152_[0, 0, 1].png"
0.2865557,50.5725,"mp-1245536_[0, 0, 1].png"
-58.449837,-7.551863,"mp-349_[0, 0, 1].png"
-9.862441,-36.787483,"mp-1206651_[0, 0, 1].png"
36.87134,-20.639362,"mp-15777_[0, 0, 1].png"
-17.80365,-38.94449,"mp-2715640_[0, 0, 1].png"
36.47243,36.27606,"mp-27988_[0, 0, 1].png"
14.294563,-6.828665,"mp-703875_[0, 0, 1].png"
4.352107,-62.71888,"mp-1225273_[0, 0, 1].png"
12.607566,26.655264,"mp-2713999_[0, 0, 1].png"
5.7088656,-51.465893,"mp-1197130_[0, 0, 1].png"
41.87467,30.490202,"mp-600068_[0, 0, 1].png"
-38.166866,3.601613,"mp-556215_[0, 0, 1].png"
-45.32602,5.751172,"mp-672226_[0, 0, 1].png"
-35.4274,-40.735992,"mp-2713219_[0, 0, 1].png"
-0.22449946,-14.302883,"mp-1029422_[0, 0, 1].png"
-7.5110927,-12.87494,"mp-1102195_[0, 0, 1].png"
-22.689865,57.16476,"mp-504460_[0, 0, 1].png"
21.725729,46.23,"mp-2230845_[0, 0, 1].png"
-21.528502,-14.00216,"mp-1216552_[0, 0, 1].png"
34.110035,29.269112,"mp-771952_[0, 0, 1].png"
-47.585777,2.2009513,"mp-710380_[0, 0, 1].png"
-32.04137,2.8985884,"mp-1075741_[0, 0, 1].png"
17.203346,-1.8003658,"mp-1179424_[0, 0, 1].png"
-20.947256,3.7131248,"mp-1207727_[0, 0, 1].png"
-5.975253,48.367764,"mp-1019562_[0, 0, 1].png"
-19.158768,30.888332,"mp-554141_[0, 0, 1].png"
-7.1424284,-21.935547,"mp-627867_[0, 0, 1].png"
-3.0849354,-15.226086,"mp-861182_[0, 0, 1].png"
14.938757,-21.16455,"mp-1041863_[0, 0, 1].png"
-15.893129,-46.635967,"mp-20797_[0, 0, 1].png"
-24.584831,54.850193,"mp-2715692_[0, 0, 1].png"
-0.8900583,-40.54992,"mp-850957_[0, 0, 1].png"
-17.604137,-12.511107,"mp-1045800_[0, 0, 1].png"
-14.042302,5.581726,"mp-556592_[0, 0, 1].png"
44.765907,-34.054874,"mp-1214208_[0, 0, 1].png"
-24.588177,6.5337973,"mp-2713670_[0, 0, 1].png"
-0.03216454,-46.00439,"mp-1217150_[0, 0, 1].png"
2.014615,57.25985,"mp-20496_[0, 0, 1].png"
-13.545055,-2.4352388,"mp-1249890_[0, 0, 1].png"
-9.581934,-32.85486,"mp-2713392_[0, 0, 1].png"
-45.647854,6.958232,"mp-554663_[0, 0, 1].png"
4.304572,-46.05685,"mp-2715345_[0, 0, 1].png"
15.886298,-31.26905,"mp-2713046_[0, 0, 1].png"
-27.760275,-35.665565,"mp-2714100_[0, 0, 1].png"
9.250334,-48.659077,"mp-2715813_[0, 0, 1].png"
-51.010536,-8.976973,"mp-1073208_[0, 0, 1].png"
25.244913,35.922356,"mp-26173_[0, 0, 1].png"
-17.95613,-50.03439,"mp-1176587_[0, 0, 1].png"
-22.391045,-16.98969,"mp-642725_[0, 0, 1].png"
-35.46314,-36.962803,"mp-32750_[0, 0, 1].png"
-13.613983,-3.8905826,"mp-560173_[0, 0, 1].png"
-19.076746,-41.891735,"mp-31114_[0, 0, 1].png"
28.272161,1.7587202,"mp-2715472_[0, 0, 1].png"
42.910374,26.266819,"mp-1223549_[0, 0, 1].png"
-48.880775,-16.179121,"mp-689393_[0, 0, 1].png"
39.899956,-24.716152,"mp-34034_[0, 0, 1].png"
10.840302,36.33862,"mp-9906_[0, 0, 1].png"
-1.5895683,34.732014,"mp-1072391_[0, 0, 1].png"
-20.043602,46.417736,"mp-1074587_[0, 0, 1].png"
-17.1189,-50.872723,"mp-758758_[0, 0, 1].png"
27.68224,-7.0176973,"mp-1226642_[0, 0, 1].png"
-30.422646,19.226347,"mp-850195_[0, 0, 1].png"
-33.834072,-4.2089367,"mp-1197460_[0, 0, 1].png"
-33.857796,-36.2745,"mp-554894_[0, 0, 1].png"
-36.573048,17.364357,"mp-1075277_[0, 0, 1].png"
19.139284,-20.851608,"mp-1043704_[0, 0, 1].png"
-31.362858,15.792456,"mp-772051_[0, 0, 1].png"
-10.399486,-21.494787,"mp-1220844_[0, 0, 1].png"
-32.265312,-42.467697,"mp-7124_[0, 0, 1].png"
12.937368,-13.0293665,"mp-1041188_[0, 0, 1].png"
0.20520227,-41.074654,"mp-1434_[0, 0, 1].png"
6.0792804,-45.92403,"mp-1182622_[0, 0, 1].png"
29.83707,9.522415,"mp-7394_[0, 0, 1].png"
39.86211,-34.697018,"mp-2715620_[0, 0, 1].png"
45.623844,21.207964,"mp-2716253_[0, 0, 1].png"
-15.639411,24.334692,"mp-1075387_[0, 0, 1].png"
-18.95238,36.242912,"mp-1029387_[0, 0, 1].png"
-18.151245,43.14715,"mp-640889_[0, 0, 1].png"
-4.1710434,23.150904,"mp-553945_[0, 0, 1].png"
-27.473476,-42.42113,"mp-1225402_[0, 0, 1].png"
-28.670998,-30.5025,"mp-2715590_[0, 0, 1].png"
0.5403293,-19.468952,"mp-1235283_[0, 0, 1].png"
-10.514562,6.5251107,"mp-757743_[0, 0, 1].png"
50.915314,-13.660614,"mp-755562_[0, 0, 1].png"
21.403513,5.1670313,"mp-998971_[0, 0, 1].png"
-31.155413,-42.257877,"mp-971683_[0, 0, 1].png"
-10.388135,-10.96777,"mp-1222519_[0, 0, 1].png"
20.544481,43.306847,"mp-2716574_[0, 0, 1].png"
36.758823,-19.075256,"mp-866086_[0, 0, 1].png"
-4.3651433,15.761765,"mp-1013953_[0, 0, 1].png"
-0.08575392,-18.187723,"mp-573514_[0, 0, 1].png"
29.498901,-20.709208,"mp-1005829_[0, 0, 1].png"
-55.9497,-14.527125,"mp-763256_[0, 0, 1].png"
8.240867,25.67476,"mp-7583_[0, 0, 1].png"
-29.112959,48.880814,"mp-1214671_[0, 0, 1].png"
8.176968,-8.757904,"mp-1073794_[0, 0, 1].png"
27.616934,-45.65074,"mp-721039_[0, 0, 1].png"
46.484406,22.794,"mp-618991_[0, 0, 1].png"
-12.154094,7.1246967,"mp-696360_[0, 0, 1].png"
-0.5224652,34.29805,"mp-696735_[0, 0, 1].png"
25.178364,42.594193,"mp-1205578_[0, 0, 1].png"
-36.76362,25.979843,"mp-1073789_[0, 0, 1].png"
13.741824,-10.981889,"mp-545346_[0, 0, 1].png"
-15.898686,4.980685,"mp-771260_[0, 0, 1].png"
-14.3044815,-6.7537756,"mp-1173841_[0, 0, 1].png"
-32.497986,-3.0931473,"mp-555485_[0, 0, 1].png"
45.22631,-8.406558,"mp-29541_[0, 0, 1].png"
-55.226856,-10.108175,"mp-1219280_[0, 0, 1].png"
7.0604334,49.502686,"mp-1208874_[0, 0, 1].png"
20.256676,-27.126303,"mp-756427_[0, 0, 1].png"
49.60008,27.23699,"mp-1221967_[0, 0, 1].png"
-7.9379625,-9.973021,"mp-2713935_[0, 0, 1].png"
-41.451614,4.811166,"mp-2714475_[0, 0, 1].png"
-42.04305,-17.620625,"mp-9478_[0, 0, 1].png"
-9.475669,5.763101,"mp-37381_[0, 0, 1].png"
53.750267,-0.27155358,"mp-1009818_[0, 0, 1].png"
-32.90623,-33.656845,"mp-2714284_[0, 0, 1].png"
-41.78515,18.621325,"mp-2712760_[0, 0, 1].png"
-53.18051,-21.4418,"mp-2712582_[0, 0, 1].png"
41.861794,-38.142513,"mp-557974_[0, 0, 1].png"
-17.691374,34.297745,"mp-1219554_[0, 0, 1].png"
4.6191354,-51.668236,"mp-1235249_[0, 0, 1].png"
22.08778,-11.598086,"mp-1025406_[0, 0, 1].png"
10.96942,-3.5393844,"mp-1095532_[0, 0, 1].png"
18.792927,-40.156754,"mp-1182_[0, 0, 1].png"
-10.507678,9.990969,"mp-755543_[0, 0, 1].png"
32.697052,12.890079,"mp-757002_[0, 0, 1].png"
19.71009,3.4316118,"mp-27934_[0, 0, 1].png"
-34.58195,17.421806,"mp-567713_[0, 0, 1].png"
-12.896594,-32.33227,"mp-2715742_[0, 0, 1].png"
31.355907,12.624458,"mp-2715892_[0, 0, 1].png"
5.423532,-58.666218,"mp-21012_[0, 0, 1].png"
5.5534887,51.795033,"mp-2712659_[0, 0, 1].png"
-15.302,-49.565636,"mp-2712635_[0, 0, 1].png"
16.630564,-11.13236,"mp-2715683_[0, 0, 1].png"
7.010852,-8.878144,"mp-2716264_[0, 0, 1].png"
-4.351144,14.708984,"mp-20713_[0, 0, 1].png"
3.9496799,-63.231148,"mp-1091384_[0, 0, 1].png"
23.464376,43.411285,"mp-1028099_[0, 0, 1].png"
-11.9605055,21.090044,"mp-2714563_[0, 0, 1].png"
-2.346368,-23.77462,"mp-1250508_[0, 0, 1].png"
-35.187847,-37.649258,"mp-677191_[0, 0, 1].png"
-3.9966094,-22.845528,"mp-756773_[0, 0, 1].png"
-35.88316,30.12344,"mp-2713888_[0, 0, 1].png"
55.164692,6.400051,"mp-6449_[0, 0, 1].png"
-19.420998,-6.590412,"mp-1219860_[0, 0, 1].png"
57.53757,1.7594917,"mp-1190542_[0, 0, 1].png"
-20.732975,-8.005039,"mp-1206365_[0, 0, 1].png"
41.4425,37.232582,"mp-766262_[0, 0, 1].png"
-1.2015556,1.6245672,"mp-1228192_[0, 0, 1].png"
14.973251,-33.12173,"mp-556884_[0, 0, 1].png"
37.74986,-14.768078,"mp-19296_[0, 0, 1].png"
41.342655,-6.0955863,"mp-640357_[0, 0, 1].png"
12.665983,1.0488274,"mp-1182805_[0, 0, 1].png"
1.1517143,-39.615467,"mp-758607_[0, 0, 1].png"
42.45836,-8.119199,"mp-557516_[0, 0, 1].png"
-1.4922056,-58.218006,"mp-7440_[0, 0, 1].png"
7.980201,-57.79758,"mp-504941_[0, 0, 1].png"
46.479214,18.862741,"mp-686653_[0, 0, 1].png"
43.58233,-0.3965613,"mp-675215_[0, 0, 1].png"
-23.863686,50.317337,"mp-1188522_[0, 0, 1].png"
-43.50149,-18.17877,"mp-27853_[0, 0, 1].png"
-50.061935,18.52691,"mp-653596_[0, 0, 1].png"
-24.283316,-35.051403,"mp-2715035_[0, 0, 1].png"
-18.830097,36.250504,"mp-1075521_[0, 0, 1].png"
19.666517,43.62054,"mp-10368_[0, 0, 1].png"
15.710086,20.753323,"mp-985592_[0, 0, 1].png"
-42.09031,-16.123007,"mp-1020011_[0, 0, 1].png"
54.437687,0.96904683,"mp-1223855_[0, 0, 1].png"
-35.553543,-27.978481,"mp-559123_[0, 0, 1].png"
-46.223732,6.5961013,"mp-1191035_[0, 0, 1].png"
-46.941925,20.494373,"mp-568100_[0, 0, 1].png"
10.8892145,-22.978645,"mp-1154479_[0, 0, 1].png"
31.972319,0.00039257668,"mp-1210174_[0, 0, 1].png"
4.572609,13.37825,"mp-1222553_[0, 0, 1].png"
-17.31251,-0.5229227,"mp-1221911_[0, 0, 1].png"
-33.178715,-1.3299502,"mp-2715757_[0, 0, 1].png"
-16.839014,-47.969074,"mp-13949_[0, 0, 1].png"
16.150606,43.668564,"mp-1227789_[0, 0, 1].png"
37.238678,32.417404,"mp-1193963_[0, 0, 1].png"
43.29165,23.505436,"mp-1030873_[0, 0, 1].png"
40.63553,31.584684,"mp-696416_[0, 0, 1].png"
8.186449,-6.586153,"mp-558181_[0, 0, 1].png"
28.900982,-0.07639336,"mp-9338_[0, 0, 1].png"
46.8176,30.860302,"mp-1041873_[0, 0, 1].png"
7.4862003,57.453587,"mp-655_[0, 0, 1].png"
-1.0069942,49.760162,"mp-2715744_[0, 0, 1].png"
44.859108,-13.070855,"mp-600109_[0, 0, 1].png"
-38.53598,6.703224,"mp-1018725_[0, 0, 1].png"
18.877262,-40.10567,"mp-1105703_[0, 0, 1].png"
12.465151,36.358555,"mp-9905_[0, 0, 1].png"
16.966679,38.34534,"mp-15066_[0, 0, 1].png"
-5.8337584,36.267845,"mp-1079688_[0, 0, 1].png"
-22.557222,41.539513,"mp-1199110_[0, 0, 1].png"
55.769077,-7.963541,"mp-695983_[0, 0, 1].png"
37.014835,37.60484,"mp-976307_[0, 0, 1].png"
48.387177,23.010132,"mp-676723_[0, 0, 1].png"
42.1899,16.79764,"mp-24468_[0, 0, 1].png"
-7.25012,11.629385,"mp-2716152_[0, 0, 1].png"
16.488398,-40.348114,"mp-560754_[0, 0, 1].png"
22.152508,43.575943,"mp-2715906_[0, 0, 1].png"
-26.605667,-7.5507226,"mp-2716325_[0, 0, 1].png"
6.4544973,27.194853,"mp-1986_[0, 0, 1].png"
43.589634,18.378265,"mp-767471_[0, 0, 1].png"
-42.82955,2.9751132,"mp-30068_[0, 0, 1].png"
13.589441,28.669882,"mp-30028_[0, 0, 1].png"
-2.3433254,-43.402817,"mp-777779_[0, 0, 1].png"
20.672281,45.9619,"mp-760096_[0, 0, 1].png"
-3.1218445,14.50228,"mp-1103076_[0, 0, 1].png"
40.29512,38.296062,"mp-1211198_[0, 0, 1].png"
49.656593,-0.47218865,"mp-10004_[0, 0, 1].png"
-53.892982,-9.367135,"mp-31235_[0, 0, 1].png"
61.661755,9.25239,"mp-554383_[0, 0, 1].png"
19.404108,-39.95487,"mp-1193751_[0, 0, 1].png"
-19.412935,29.662743,"mp-1217925_[0, 0, 1].png"
2.4988647,22.915514,"mp-1044954_[0, 0, 1].png"
-6.6090937,-11.764336,"mp-504902_[0, 0, 1].png"
-35.006184,28.35203,"mp-1237695_[0, 0, 1].png"
-15.447443,-8.389732,"mp-27411_[0, 0, 1].png"
-36.779472,28.72301,"mp-974002_[0, 0, 1].png"
34.46031,8.778038,"mp-1539137_[0, 0, 1].png"
12.512145,-38.392765,"mp-721287_[0, 0, 1].png"
19.967995,41.058323,"mp-1201038_[0, 0, 1].png"
1.1762253,-64.17811,"mp-2714560_[0, 0, 1].png"
7.0011864,-43.1127,"mp-760506_[0, 0, 1].png"
9.434622,-29.713322,"mp-1227312_[0, 0, 1].png"
-2.0266862,-50.361794,"mp-1198051_[0, 0, 1].png"
43.559906,25.793554,"mp-720248_[0, 0, 1].png"
-48.22226,-17.982182,"mp-752580_[0, 0, 1].png"
8.160047,-2.0695748,"mp-2715527_[0, 0, 1].png"
22.30855,40.17542,"mp-1017330_[0, 0, 1].png"
23.863892,36.907307,"mp-8017_[0, 0, 1].png"
9.777747,1.8034298,"mp-19309_[0, 0, 1].png"
52.79685,-4.3379703,"mp-2715708_[0, 0, 1].png"
12.011768,-58.585747,"mp-760457_[0, 0, 1].png"
-57.629112,-10.856777,"mp-559384_[0, 0, 1].png"
-27.44937,29.674477,"mp-759181_[0, 0, 1].png"
0.17601335,-40.941273,"mp-39770_[0, 0, 1].png"
47.10112,25.958857,"mp-2714002_[0, 0, 1].png"
-31.7529,-1.0266435,"mp-20330_[0, 0, 1].png"
-49.378967,1.9225616,"mp-1197444_[0, 0, 1].png"
26.748604,16.845928,"mp-7275_[0, 0, 1].png"
-18.627909,41.08481,"mp-1044171_[0, 0, 1].png"
2.0729823,-19.91805,"mp-1191660_[0, 0, 1].png"
-12.817256,-39.143353,"mp-697313_[0, 0, 1].png"
-33.727142,-34.851562,"mp-556376_[0, 0, 1].png"
-4.1581135,8.54198,"mp-1179366_[0, 0, 1].png"
-9.704284,5.263562,"mp-1210148_[0, 0, 1].png"
-48.403267,6.871359,"mp-542829_[0, 0, 1].png"
-6.909477,-19.437422,"mp-1103939_[0, 0, 1].png"
19.426876,-24.373734,"mp-1074645_[0, 0, 1].png"
-43.088203,17.230408,"mp-9024_[0, 0, 1].png"
-19.537157,4.3927307,"mp-1222202_[0, 0, 1].png"
15.4314,-38.298153,"mp-9258_[0, 0, 1].png"
15.977896,22.269289,"mp-505349_[0, 0, 1].png"
13.48914,-37.791832,"mp-1212512_[0, 0, 1].png"
-18.4256,52.203156,"mp-866291_[0, 0, 1].png"
19.157398,23.999537,"mp-35907_[0, 0, 1].png"
42.973076,24.736483,"mp-600083_[0, 0, 1].png"
-11.263706,21.050293,"mp-1177998_[0, 0, 1].png"
-2.133887,44.22301,"mp-504340_[0, 0, 1].png"
32.13045,-1.5351245,"mp-690946_[0, 0, 1].png"
4.365804,63.000828,"mp-1222970_[0, 0, 1].png"
-46.296803,0.5093315,"mp-9490_[0, 0, 1].png"
12.947531,36.10351,"mp-1189157_[0, 0, 1].png"
-14.79414,8.753351,"mp-1212431_[0, 0, 1].png"
-12.7165985,-29.344023,"mp-695354_[0, 0, 1].png"
-42.11658,-16.424192,"mp-1221563_[0, 0, 1].png"
43.154076,-20.60296,"mp-1180416_[0, 0, 1].png"
32.75003,4.9575715,"mp-753374_[0, 0, 1].png"
-37.519993,30.453922,"mp-2714637_[0, 0, 1].png"
-45.51111,7.7859764,"mp-1405450_[0, 0, 1].png"
57.637665,4.9026227,"mp-563032_[0, 0, 1].png"
15.225149,-23.744709,"mp-2715475_[0, 0, 1].png"
15.655426,-1.5921879,"mp-2712984_[0, 0, 1].png"
-39.864426,-20.474981,"mp-556132_[0, 0, 1].png"
19.403917,-28.057144,"mp-2217038_[0, 0, 1].png"
42.84062,18.298471,"mp-546500_[0, 0, 1].png"
12.142988,-8.644173,"mp-1256265_[0, 0, 1].png"
-34.595512,-5.322665,"mp-1219437_[0, 0, 1].png"
33.06156,16.06837,"mp-2714634_[0, 0, 1].png"
-45.495155,31.274424,"mp-19072_[0, 0, 1].png"
2.8891606,49.935493,"mp-1224317_[0, 0, 1].png"
-42.24527,22.448448,"mp-1265011_[0, 0, 1].png"
-2.5453498,10.036448,"mp-2712823_[0, 0, 1].png"
13.331395,-9.157848,"mp-2715650_[0, 0, 1].png"
59.496544,-0.8003367,"mp-2059_[0, 0, 1].png"
11.280503,-21.254902,"mp-1192816_[0, 0, 1].png"
39.662167,-16.290789,"mp-29033_[0, 0, 1].png"
45.336605,21.400341,"mp-1191292_[0, 0, 1].png"
-48.470413,-16.913034,"mp-18789_[0, 0, 1].png"
2.9137156,-5.189799,"mp-2715929_[0, 0, 1].png"
13.04066,36.04653,"mp-765346_[0, 0, 1].png"
-28.412966,17.656597,"mp-1007823_[0, 0, 1].png"
-27.960327,41.245514,"mp-557437_[0, 0, 1].png"
-25.124495,50.99512,"mp-6624_[0, 0, 1].png"
39.35616,-21.392015,"mp-1020022_[0, 0, 1].png"
21.55163,-23.842773,"mp-1191203_[0, 0, 1].png"
-24.572716,-16.185696,"mp-1218635_[0, 0, 1].png"
-36.49947,30.2127,"mp-642740_[0, 0, 1].png"
50.398865,17.905516,"mp-1198014_[0, 0, 1].png"
-3.379285,-60.415718,"mp-1190450_[0, 0, 1].png"
-38.98283,2.9847813,"mp-759063_[0, 0, 1].png"
41.959396,18.254623,"mp-754496_[0, 0, 1].png"
24.115065,41.205734,"mp-9066_[0, 0, 1].png"
39.906246,-36.612347,"mp-861055_[0, 0, 1].png"
-26.713015,-32.405025,"mp-2714168_[0, 0, 1].png"
-8.223427,16.038256,"mp-1210430_[0, 0, 1].png"
45.190384,-31.37844,"mp-14659_[0, 0, 1].png"
9.318005,4.8495984,"mp-1220751_[0, 0, 1].png"
-25.71821,8.040776,"mp-770501_[0, 0, 1].png"
-28.013248,18.823544,"mp-3161_[0, 0, 1].png"
43.587257,25.933487,"mp-1041008_[0, 0, 1].png"
-43.572678,23.12527,"mp-23558_[0, 0, 1].png"
-9.511979,18.272001,"mp-1105665_[0, 0, 1].png"
-10.414537,16.897223,"mp-779443_[0, 0, 1].png"
4.8212776,-56.477074,"mp-1009752_[0, 0, 1].png"
-63.158447,-7.4718046,"mp-1104658_[0, 0, 1].png"
13.67615,-19.889011,"mp-6137_[0, 0, 1].png"
3.1139753,-46.076664,"mp-559962_[0, 0, 1].png"
-23.35045,40.64242,"mp-1019523_[0, 0, 1].png"
56.426193,-0.4652699,"mp-999047_[0, 0, 1].png"
7.146973,-58.67513,"mp-757523_[0, 0, 1].png"
-22.609547,33.85598,"mp-1320262_[0, 0, 1].png"
41.76739,29.252878,"mp-557802_[0, 0, 1].png"
34.848553,36.52144,"mp-2713782_[0, 0, 1].png"
52.040573,-0.45143282,"mp-627632_[0, 0, 1].png"
-59.656216,-5.0001664,"mp-2715251_[0, 0, 1].png"
-30.523811,47.823483,"mp-1073958_[0, 0, 1].png"
-35.752213,-30.740843,"mp-2714482_[0, 0, 1].png"
38.546307,-21.091545,"mp-1215061_[0, 0, 1].png"
-3.7547507,-44.204765,"mp-2715707_[0, 0, 1].png"
-39.375866,-6.323422,"mp-1190240_[0, 0, 1].png"
-5.792673,26.211248,"mp-567505_[0, 0, 1].png"
9.503682,31.84446,"mp-1215754_[0, 0, 1].png"
-32.983414,-3.606123,"mp-865532_[0, 0, 1].png"
14.433711,9.690446,"mp-1208595_[0, 0, 1].png"
16.773129,-3.2296646,"mp-1249282_[0, 0, 1].png"
1.2992013,-3.147249,"mp-18104_[0, 0, 1].png"
-45.896652,7.18109,"mp-504650_[0, 0, 1].png"
-17.291239,50.179424,"mp-1210830_[0, 0, 1].png"
1.0560731,50.72548,"mp-540634_[0, 0, 1].png"
7.244595,-3.135244,"mp-754202_[0, 0, 1].png"
-32.63088,-36.519093,"mp-1046217_[0, 0, 1].png"
-12.313878,4.9361253,"mp-1207721_[0, 0, 1].png"
-5.6939597,-7.2527637,"mp-1216594_[0, 0, 1].png"
-38.454548,14.300018,"mp-23494_[0, 0, 1].png"
47.348648,-12.928861,"mp-7700_[0, 0, 1].png"
-29.526007,-21.932901,"mp-2713064_[0, 0, 1].png"
23.501284,4.268665,"mp-1019537_[0, 0, 1].png"
-8.276956,13.826634,"mp-1196952_[0, 0, 1].png"
-19.183744,31.003195,"mp-2715177_[0, 0, 1].png"
49.266888,18.485292,"mp-1026716_[0, 0, 1].png"
-54.952007,-14.96094,"mp-2716512_[0, 0, 1].png"
-6.351714,-22.648565,"mp-16053_[0, 0, 1].png"
-1.460763,-13.914483,"mp-1046415_[0, 0, 1].png"
6.9096255,48.358803,"mp-561474_[0, 0, 1].png"
-45.370728,-19.429739,"mp-1205119_[0, 0, 1].png"
2.429849,-45.840225,"mp-37829_[0, 0, 1].png"
48.36477,17.220446,"mp-1199448_[0, 0, 1].png"
-45.985096,6.8808794,"mp-778032_[0, 0, 1].png"
-6.9205,-30.47494,"mp-555606_[0, 0, 1].png"
-46.94588,16.66258,"mp-779165_[0, 0, 1].png"
43.356163,-23.134514,"mp-1073562_[0, 0, 1].png"
-1.7408808,-8.363441,"mp-1215352_[0, 0, 1].png"
35.77762,33.10233,"mp-752694_[0, 0, 1].png"
41.65053,33.323032,"mp-1206504_[0, 0, 1].png"
51.162838,-12.6385565,"mp-14415_[0, 0, 1].png"
-23.812046,-5.889469,"mp-1220386_[0, 0, 1].png"
2.7670872,-17.30206,"mp-1221256_[0, 0, 1].png"
50.103252,1.9139718,"mp-31703_[0, 0, 1].png"
5.6055326,61.83826,"mp-1041491_[0, 0, 1].png"
-26.139135,-34.45305,"mp-722686_[0, 0, 1].png"
1.2501165,11.462484,"mp-1207106_[0, 0, 1].png"
-11.65146,6.9263496,"mp-1234735_[0, 0, 1].png"
44.762093,19.006657,"mp-8121_[0, 0, 1].png"
-22.516924,-10.300472,"mp-29047_[0, 0, 1].png"
-4.715286,-24.614641,"mp-976184_[0, 0, 1].png"
-40.994,-20.688118,"mp-16591_[0, 0, 1].png"
15.03791,-10.597114,"mp-1200345_[0, 0, 1].png"
-3.813928,9.330932,"mp-1097179_[0, 0, 1].png"
18.065361,33.86098,"mp-1205499_[0, 0, 1].png"
30.207195,-22.294785,"mp-699257_[0, 0, 1].png"
1.5327462,20.059288,"mp-1070124_[0, 0, 1].png"
-60.606155,-8.982673,"mp-557082_[0, 0, 1].png"
-7.9804707,11.022539,"mp-1106233_[0, 0, 1].png"
-29.267647,17.599258,"mp-1203909_[0, 0, 1].png"
25.613821,10.432796,"mp-685969_[0, 0, 1].png"
-32.81824,19.46744,"mp-1245249_[0, 0, 1].png"
-5.551489,-26.715609,"mp-1163934_[0, 0, 1].png"
-20.4196,7.3773828,"mp-776448_[0, 0, 1].png"
-42.505955,17.239874,"mp-13923_[0, 0, 1].png"
-60.54633,-7.5604343,"mp-778997_[0, 0, 1].png"
1.8333553,55.564705,"mp-757383_[0, 0, 1].png"
50.053356,1.7161561,"mp-1218263_[0, 0, 1].png"
1.5297791,-37.126297,"mp-1103987_[0, 0, 1].png"
27.027569,-3.2317827,"mp-1206089_[0, 0, 1].png"
-34.335835,15.266275,"mp-971914_[0, 0, 1].png"
40.07593,33.68527,"mp-1208544_[0, 0, 1].png"
32.072166,11.633923,"mp-2715180_[0, 0, 1].png"
39.244007,27.578505,"mp-757623_[0, 0, 1].png"
39.474926,-31.124044,"mp-1212161_[0, 0, 1].png"
-8.1839,-32.506638,"mp-772813_[0, 0, 1].png"
33.312424,-23.230314,"mp-557118_[0, 0, 1].png"
53.829487,-9.282061,"mp-768502_[0, 0, 1].png"
38.98666,-17.335052,"mp-2715468_[0, 0, 1].png"
42.403168,-31.273468,"mp-1219132_[0, 0, 1].png"
35.996105,32.171158,"mp-603241_[0, 0, 1].png"
25.683607,39.099,"mp-32881_[0, 0, 1].png"
12.910757,23.561882,"mp-560917_[0, 0, 1].png"
-57.6105,-10.70921,"mp-1074347_[0, 0, 1].png"
-32.159412,-45.639393,"mp-1228963_[0, 0, 1].png"
-19.345861,-8.17348,"mp-1017418_[0, 0, 1].png"
28.287271,17.016281,"mp-726223_[0, 0, 1].png"
25.792307,-39.560856,"mp-1095673_[0, 0, 1].png"
-34.068634,-6.74492,"mp-1190833_[0, 0, 1].png"
-20.11716,43.077343,"mp-18727_[0, 0, 1].png"
34.507603,3.7658198,"mp-1031664_[0, 0, 1].png"
-57.475258,-10.965946,"mp-35220_[0, 0, 1].png"
22.0477,4.2455335,"mp-676011_[0, 0, 1].png"
52.11578,18.936192,"mp-1205921_[0, 0, 1].png"
-56.855427,-3.6960588,"mp-4514_[0, 0, 1].png"
-9.400539,-8.758004,"mp-690525_[0, 0, 1].png"
-7.2578344,-19.186365,"mp-696288_[0, 0, 1].png"
24.9307,-46.289265,"mp-559162_[0, 0, 1].png"
43.325123,-37.356113,"mp-1233835_[0, 0, 1].png"
-3.335871,16.206533,"mp-2713822_[0, 0, 1].png"
33.503174,-20.26587,"mp-771775_[0, 0, 1].png"
-12.106364,2.2963443,"mp-17775_[0, 0, 1].png"
3.9480927,-60.981792,"mp-2715258_[0, 0, 1].png"
-15.48191,1.8415648,"mp-772502_[0, 0, 1].png"
8.904007,27.965462,"mp-1180212_[0, 0, 1].png"
-37.587677,2.1093888,"mp-2714198_[0, 0, 1].png"
46.884567,-5.965902,"mp-29305_[0, 0, 1].png"
-33.565166,-5.1364803,"mp-753540_[0, 0, 1].png"
-43.347378,0.89085174,"mp-1212500_[0, 0, 1].png"
15.291936,-29.206669,"mp-631420_[0, 0, 1].png"
32.53281,-19.988731,"mp-758614_[0, 0, 1].png"
-1.9166974,56.362328,"mp-1200833_[0, 0, 1].png"
11.808459,31.947104,"mp-1330803_[0, 0, 1].png"
44.617523,-24.82018,"mp-18583_[0, 0, 1].png"
-8.242786,20.534426,"mp-1041856_[0, 0, 1].png"
-59.11095,-12.378647,"mp-2715281_[0, 0, 1].png"
45.758015,25.926397,"mp-5854_[0, 0, 1].png"
-49.421265,-10.33077,"mp-772545_[0, 0, 1].png"
7.0388927,48.318096,"mp-753798_[0, 0, 1].png"
2.7823298,55.419975,"mp-752501_[0, 0, 1].png"
-6.9355035,-35.764877,"mp-1017401_[0, 0, 1].png"
16.812199,24.79096,"mp-351_[0, 0, 1].png"
2.9339545,-37.04803,"mp-556942_[0, 0, 1].png"
-1.1273277,-51.375664,"mp-2412_[0, 0, 1].png"
-12.795916,-39.57668,"mp-2716163_[0, 0, 1].png"
-25.58261,-7.0865374,"mp-2713911_[0, 0, 1].png"
-27.577646,39.953728,"mp-570377_[0, 0, 1].png"
20.536917,-24.336033,"mp-29309_[0, 0, 1].png"
39.825874,-24.320293,"mp-757670_[0, 0, 1].png"
-20.865385,46.654724,"mp-2716455_[0, 0, 1].png"
9.63656,-25.378435,"mp-554573_[0, 0, 1].png"
1.492893,-12.625717,"mp-1222360_[0, 0, 1].png"
0.83636624,21.249977,"mp-2715523_[0, 0, 1].png"
-37.579456,14.09134,"mp-1397660_[0, 0, 1].png"
-0.17913193,-22.324223,"mp-2714447_[0, 0, 1].png"
41.12161,-34.788013,"mp-17568_[0, 0, 1].png"
40.251953,19.488964,"mp-1233374_[0, 0, 1].png"
20.606663,34.495422,"mp-757163_[0, 0, 1].png"
28.156742,16.239197,"mp-1213005_[0, 0, 1].png"
-5.8622923,45.08346,"mp-32662_[0, 0, 1].png"
-0.92064804,3.016379,"mp-1227598_[0, 0, 1].png"
4.6182485,-1.385569,"mp-1025450_[0, 0, 1].png"
-24.10551,-35.326656,"mp-6810_[0, 0, 1].png"
-50.907223,-14.213019,"mp-556307_[0, 0, 1].png"
2.9433167,22.694124,"mp-2714649_[0, 0, 1].png"
-3.6312594,10.60223,"mp-1199890_[0, 0, 1].png"
-21.117071,49.765343,"mp-13357_[0, 0, 1].png"
14.944668,-27.345182,"mp-1220913_[0, 0, 1].png"
6.3465524,-0.65799516,"mp-639558_[0, 0, 1].png"
28.788395,14.071271,"mp-1208721_[0, 0, 1].png"
-11.620211,0.29756457,"mp-30908_[0, 0, 1].png"
-48.752625,-13.697963,"mp-757388_[0, 0, 1].png"
-10.796744,15.998155,"mp-1018720_[0, 0, 1].png"
-10.925926,-19.679192,"mp-1250310_[0, 0, 1].png"
-3.75902,-20.331955,"mp-758567_[0, 0, 1].png"
62.113556,8.769717,"mp-569114_[0, 0, 1].png"
6.2063518,61.698086,"mp-1019560_[0, 0, 1].png"
-10.858824,-23.399971,"mp-1188827_[0, 0, 1].png"
-28.022966,39.597404,"mp-556719_[0, 0, 1].png"
39.200863,26.332005,"mp-1233228_[0, 0, 1].png"
53.487865,0.115505956,"mp-2716187_[0, 0, 1].png"
10.761919,-53.817852,"mp-1193195_[0, 0, 1].png"
-3.1270456,41.638992,"mp-1044012_[0, 0, 1].png"
-47.38217,-21.698479,"mp-568587_[0, 0, 1].png"
61.986572,8.157737,"mp-1189171_[0, 0, 1].png"
15.398486,21.60647,"mp-18878_[0, 0, 1].png"
43.623005,15.40781,"mp-758074_[0, 0, 1].png"
19.575983,-42.948406,"mp-2713695_[0, 0, 1].png"
57.65753,1.2129241,"mp-555251_[0, 0, 1].png"
51.867336,21.374338,"mp-2716258_[0, 0, 1].png"
-12.038594,-35.823303,"mp-1376713_[0, 0, 1].png"
34.04512,-27.46419,"mp-1200284_[0, 0, 1].png"
-33.194603,24.48717,"mp-1208635_[0, 0, 1].png"
45.1021,-3.4477975,"mp-15897_[0, 0, 1].png"
3.8487303,-58.88448,"mp-1188318_[0, 0, 1].png"
-32.55993,28.796503,"mp-773206_[0, 0, 1].png"
-15.50548,22.040804,"mp-17161_[0, 0, 1].png"
12.753996,-12.631263,"mp-2714594_[0, 0, 1].png"
-39.97168,4.145604,"mp-557930_[0, 0, 1].png"
16.209637,-22.204548,"mp-554089_[0, 0, 1].png"
13.504098,38.966846,"mp-1215533_[0, 0, 1].png"
21.985723,38.81856,"mp-772898_[0, 0, 1].png"
-3.1929595,-45.37259,"mp-2715589_[0, 0, 1].png"
-18.879995,-0.4083783,"mp-567996_[0, 0, 1].png"
-36.91046,-45.532322,"mp-1177859_[0, 0, 1].png"
1.4874123,-37.253822,"mp-1075127_[0, 0, 1].png"
6.4642644,-3.6664023,"mp-625051_[0, 0, 1].png"
25.87369,18.455845,"mp-756006_[0, 0, 1].png"
-46.346493,22.17602,"mp-505702_[0, 0, 1].png"
21.699131,-45.48124,"mp-1204978_[0, 0, 1].png"
-0.22074845,19.580109,"mp-29803_[0, 0, 1].png"
41.84899,29.289686,"mp-694907_[0, 0, 1].png"
14.103992,-6.3426857,"mp-1074106_[0, 0, 1].png"
9.157322,3.6383333,"mp-561256_[0, 0, 1].png"
-45.789375,4.193548,"mp-1212829_[0, 0, 1].png"
10.903784,22.660208,"mp-543040_[0, 0, 1].png"
-28.511341,-34.13465,"mp-1074455_[0, 0, 1].png"
-27.059378,51.50933,"mp-504967_[0, 0, 1].png"
-51.095013,-7.869312,"mp-28583_[0, 0, 1].png"
-11.413176,22.487118,"mp-28352_[0, 0, 1].png"
-5.7727757,22.36045,"mp-766475_[0, 0, 1].png"
-0.6706734,-40.892097,"mp-776023_[0, 0, 1].png"
49.54289,21.997805,"mp-567830_[0, 0, 1].png"
7.146005,1.8554397,"mp-33300_[0, 0, 1].png"
12.395474,-0.046801195,"mp-9437_[0, 0, 1].png"
1.2529256,21.16672,"mp-1197528_[0, 0, 1].png"
-1.3910162,-59.886883,"mp-1058944_[0, 0, 1].png"
31.15609,-18.319086,"mp-2716095_[0, 0, 1].png"
-18.571169,55.357304,"mp-1250066_[0, 0, 1].png"
-53.135616,-20.773632,"mp-567899_[0, 0, 1].png"
63.107327,7.530322,"mp-2714380_[0, 0, 1].png"
3.899177,59.329906,"mp-1205443_[0, 0, 1].png"
24.089754,-13.425169,"mp-754875_[0, 0, 1].png"
29.187845,11.164663,"mp-2716035_[0, 0, 1].png"
52.893272,-2.6209443,"mp-721564_[0, 0, 1].png"
-0.026837777,-14.238009,"mp-675101_[0, 0, 1].png"
30.006334,17.078234,"mp-756005_[0, 0, 1].png"
6.302119,-43.06314,"mp-695119_[0, 0, 1].png"
44.045185,1.079679,"mp-757841_[0, 0, 1].png"
1.0045613,44.16683,"mp-757013_[0, 0, 1].png"
23.840378,9.090131,"mp-1044234_[0, 0, 1].png"
52.45255,-3.399367,"mp-1019791_[0, 0, 1].png"
-24.959015,48.92619,"mp-1267920_[0, 0, 1].png"
5.633435,50.52826,"mp-1245612_[0, 0, 1].png"
-51.32668,26.283297,"mp-13982_[0, 0, 1].png"
35.192776,1.082534,"mp-1197226_[0, 0, 1].png"
5.5172358,-55.92839,"mp-768440_[0, 0, 1].png"
-7.2304974,-7.556454,"mp-1220155_[0, 0, 1].png"
10.9586,-25.517998,"mp-756728_[0, 0, 1].png"
-0.989048,-46.058872,"mp-34126_[0, 0, 1].png"
38.741302,39.202038,"mp-765416_[0, 0, 1].png"
34.927223,33.50818,"mp-1075620_[0, 0, 1].png"
27.467821,-36.321102,"mp-1196553_[0, 0, 1].png"
-7.355514,-8.697615,"mp-1341886_[0, 0, 1].png"
-1.7558267,20.39642,"mp-1020609_[0, 0, 1].png"
-2.924358,-47.024082,"mp-1075355_[0, 0, 1].png"
17.16736,-23.128096,"mp-1043455_[0, 0, 1].png"
23.119438,8.868347,"mp-1022049_[0, 0, 1].png"
8.968786,56.460957,"mp-562182_[0, 0, 1].png"
-43.213257,-0.3511014,"mp-2713143_[0, 0, 1].png"
-39.197124,16.064108,"mp-1192338_[0, 0, 1].png"
-60.250313,-14.105706,"mp-1034729_[0, 0, 1].png"
44.792786,-34.679802,"mp-1222206_[0, 0, 1].png"
20.07615,-7.8256373,"mp-2715663_[0, 0, 1].png"
48.686615,-5.7585673,"mp-24093_[0, 0, 1].png"
17.184208,-8.572717,"mp-6872_[0, 0, 1].png"
-11.52467,-40.080784,"mp-756570_[0, 0, 1].png"
-35.015507,28.814566,"mp-765349_[0, 0, 1].png"
-9.49623,-28.957092,"mp-18935_[0, 0, 1].png"
-1.4698303,34.211575,"mp-7765_[0, 0, 1].png"
42.685944,-19.988487,"mp-14862_[0, 0, 1].png"
-18.132965,6.432719,"mp-1097034_[0, 0, 1].png"
4.633633,-63.347603,"mp-1258162_[0, 0, 1].png"
-31.876522,-40.706898,"mp-2715170_[0, 0, 1].png"
-4.834017,-8.634473,"mp-2715164_[0, 0, 1].png"
-36.55385,-47.616528,"mp-640075_[0, 0, 1].png"
17.287497,-9.541168,"mp-1225187_[0, 0, 1].png"
28.192719,3.0058534,"mp-1030883_[0, 0, 1].png"
34.40789,1.57464,"mp-570399_[0, 0, 1].png"
-32.751255,-40.734295,"mp-1192403_[0, 0, 1].png"
6.6887035,54.757336,"mp-1185431_[0, 0, 1].png"
1.495481,46.98455,"mp-570595_[0, 0, 1].png"
32.670277,-27.051592,"mp-1192494_[0, 0, 1].png"
-20.972452,3.3806202,"mp-725197_[0, 0, 1].png"
42.096188,-36.846886,"mp-1210055_[0, 0, 1].png"
44.302963,24.267712,"mp-669501_[0, 0, 1].png"
-23.728136,44.012943,"mp-21203_[0, 0, 1].png"
-15.632613,-25.792168,"mp-30252_[0, 0, 1].png"
17.691637,44.95021,"mp-540714_[0, 0, 1].png"
47.34903,32.09419,"mp-1043700_[0, 0, 1].png"
-25.175083,-6.417526,"mp-1196697_[0, 0, 1].png"
15.808182,21.25517,"mp-1201820_[0, 0, 1].png"
58.196247,-3.5779688,"mp-534870_[0, 0, 1].png"
8.406428,3.9787004,"mp-1080657_[0, 0, 1].png"
-39.226936,20.941797,"mp-38162_[0, 0, 1].png"
-20.340935,57.489334,"mp-1210789_[0, 0, 1].png"
10.696187,21.626644,"mp-616573_[0, 0, 1].png"
-28.088999,39.1483,"mp-1200132_[0, 0, 1].png"
8.161547,-12.502007,"mp-1187936_[0, 0, 1].png"
8.293221,0.7288289,"mp-1018660_[0, 0, 1].png"
35.183807,1.1549375,"mp-1191586_[0, 0, 1].png"
22.46296,-23.063694,"mp-554755_[0, 0, 1].png"
-20.267391,-5.6860976,"mp-763244_[0, 0, 1].png"
43.527332,-27.192238,"mp-1233773_[0, 0, 1].png"
62.178085,4.5096784,"mp-7029_[0, 0, 1].png"
-17.576288,-5.33924,"mp-540632_[0, 0, 1].png"
-39.324795,26.735563,"mp-1044602_[0, 0, 1].png"
-11.625536,21.221924,"mp-759064_[0, 0, 1].png"
0.2745207,-59.911957,"mp-754513_[0, 0, 1].png"
-28.962828,-33.260593,"mp-1205608_[0, 0, 1].png"
5.688684,-45.75413,"mp-764607_[0, 0, 1].png"
52.691742,2.878053,"mp-2713779_[0, 0, 1].png"
23.137833,43.667557,"mp-554905_[0, 0, 1].png"
2.2110145,52.251286,"mp-1220570_[0, 0, 1].png"
-15.390608,42.184338,"mp-3228_[0, 0, 1].png"
-30.737654,3.2411168,"mp-2714424_[0, 0, 1].png"
-53.488407,-14.068606,"mp-1219349_[0, 0, 1].png"
41.20545,-7.561481,"mp-27189_[0, 0, 1].png"
31.926325,-2.4152415,"mp-2714158_[0, 0, 1].png"
41.67305,-30.046186,"mp-1218354_[0, 0, 1].png"
-15.900763,43.28545,"mp-13305_[0, 0, 1].png"
-24.218523,51.038853,"mp-555313_[0, 0, 1].png"
38.277164,-12.775334,"mp-31454_[0, 0, 1].png"
3.0824537,56.366066,"mp-542469_[0, 0, 1].png"
12.697638,-13.007388,"mp-7826_[0, 0, 1].png"
6.5080304,57.87649,"mp-1227281_[0, 0, 1].png"
-29.455673,-20.606625,"mp-772970_[0, 0, 1].png"
61.452957,2.0282218,"mp-2715709_[0, 0, 1].png"
-4.298837,-24.918932,"mp-2715476_[0, 0, 1].png"
-3.5926254,-28.550446,"mp-541025_[0, 0, 1].png"
20.042843,-25.055138,"mp-757971_[0, 0, 1].png"
-22.504673,-15.92773,"mp-10746_[0, 0, 1].png"
-1.1086603,-60.275932,"mp-569994_[0, 0, 1].png"
-45.323063,5.7673345,"mp-1103920_[0, 0, 1].png"
43.159378,16.001877,"mp-642991_[0, 0, 1].png"
15.330798,32.720226,"mp-1207786_[0, 0, 1].png"
9.398317,32.009342,"mp-1225089_[0, 0, 1].png"
55.38438,-5.2171526,"mp-1100448_[0, 0, 1].png"
0.0221784,49.336258,"mp-1079714_[0, 0, 1].png"
19.297235,33.018013,"mp-26940_[0, 0, 1].png"
-35.369072,15.936734,"mp-31083_[0, 0, 1].png"
2.6363487,-19.590197,"mp-9919_[0, 0, 1].png"
-0.5274511,-23.401823,"mp-1045917_[0, 0, 1].png"
24.290947,36.508057,"mp-2715314_[0, 0, 1].png"
-24.989742,4.292738,"mp-2716252_[0, 0, 1].png"
-30.467974,15.699866,"mp-1019778_[0, 0, 1].png"
8.130832,-48.193104,"mp-570136_[0, 0, 1].png"
-15.197479,23.478155,"mp-758892_[0, 0, 1].png"
-26.97141,-32.9296,"mp-1095061_[0, 0, 1].png"
38.159676,-28.110592,"mp-2712811_[0, 0, 1].png"
-42.11213,3.4985616,"mp-1226449_[0, 0, 1].png"
17.043028,-31.47633,"mp-1188982_[0, 0, 1].png"
-33.998524,-7.06578,"mp-2414_[0, 0, 1].png"
-42.620907,-40.34033,"mp-753450_[0, 0, 1].png"
-17.273928,41.67929,"mp-1075377_[0, 0, 1].png"
-51.884098,-16.799799,"mp-1245510_[0, 0, 1].png"
38.017673,-12.978715,"mp-1041145_[0, 0, 1].png"
-1.0501,22.18966,"mp-865427_[0, 0, 1].png"
13.086702,41.278812,"mp-1200140_[0, 0, 1].png"
-47.648342,20.260689,"mp-724857_[0, 0, 1].png"
37.983894,-29.130247,"mp-639512_[0, 0, 1].png"
-17.541367,50.47888,"mp-1219229_[0, 0, 1].png"
25.30068,36.004406,"mp-541929_[0, 0, 1].png"
-9.370917,-30.07596,"mp-625943_[0, 0, 1].png"
13.2550745,41.249714,"mp-565843_[0, 0, 1].png"
-29.079302,-37.46096,"mp-1219089_[0, 0, 1].png"
-2.3455143,41.26736,"mp-1263073_[0, 0, 1].png"
11.242773,-30.605446,"mp-1340_[0, 0, 1].png"
34.562737,37.442352,"mp-1210797_[0, 0, 1].png"
51.675465,22.24926,"mp-510324_[0, 0, 1].png"
-3.9796462,-9.998643,"mp-7640_[0, 0, 1].png"
35.321003,12.516122,"mp-1074135_[0, 0, 1].png"
15.654642,-26.571503,"mp-1539101_[0, 0, 1].png"
62.050068,3.3902893,"mp-1262752_[0, 0, 1].png"
45.159603,2.0408738,"mp-2715773_[0, 0, 1].png"
18.266396,22.401611,"mp-29546_[0, 0, 1].png"
42.511063,33.63597,"mp-1020703_[0, 0, 1].png"
-20.044218,48.219666,"mp-21489_[0, 0, 1].png"
-31.166864,2.4068394,"mp-1078244_[0, 0, 1].png"
-39.557583,-20.182802,"mp-1229062_[0, 0, 1].png"
-34.666092,30.35471,"mp-1246561_[0, 0, 1].png"
40.710194,-10.265083,"mp-27277_[0, 0, 1].png"
-20.948524,-9.305733,"mp-555596_[0, 0, 1].png"
-36.867893,-3.761941,"mp-6227_[0, 0, 1].png"
52.10376,0.7033443,"mp-471_[0, 0, 1].png"
-21.857008,53.222694,"mp-2714087_[0, 0, 1].png"
33.19324,-25.844843,"mp-2713356_[0, 0, 1].png"
4.646758,-64.97042,"mp-13546_[0, 0, 1].png"
16.50877,-1.4115138,"mp-12787_[0, 0, 1].png"
41.17311,-21.40231,"mp-2712773_[0, 0, 1].png"
42.82381,19.84296,"mp-675293_[0, 0, 1].png"
17.362833,7.3186955,"mp-2713422_[0, 0, 1].png"
59.47771,-1.1203146,"mp-3347_[0, 0, 1].png"
13.9372635,37.984386,"mp-1217719_[0, 0, 1].png"
-28.646322,35.790546,"mp-2714367_[0, 0, 1].png"
-18.795012,-14.500279,"mp-562568_[0, 0, 1].png"
4.711981,51.732594,"mp-754908_[0, 0, 1].png"
-34.38956,-7.9311805,"mp-753419_[0, 0, 1].png"
10.830125,-27.25433,"mp-1217280_[0, 0, 1].png"
-11.714966,21.841522,"mp-8393_[0, 0, 1].png"
15.70372,-42.79827,"mp-18609_[0, 0, 1].png"
18.20723,42.642628,"mp-1204438_[0, 0, 1].png"
-33.922905,-3.5963585,"mp-3606_[0, 0, 1].png"
-23.33765,-27.528471,"mp-9575_[0, 0, 1].png"
-0.20695029,23.157051,"mp-8983_[0, 0, 1].png"
-25.131145,-7.64555,"mp-30532_[0, 0, 1].png"
-2.175007,10.99879,"mp-1197979_[0, 0, 1].png"
4.8362365,49.595684,"mp-1221755_[0, 0, 1].png"
-4.8075294,-26.852566,"mp-554472_[0, 0, 1].png"
-7.139471,-20.573158,"mp-1209941_[0, 0, 1].png"
21.481993,-23.668514,"mp-23794_[0, 0, 1].png"
-31.37793,-26.76507,"mp-1232332_[0, 0, 1].png"
-64.4734,-5.982805,"mp-2714434_[0, 0, 1].png"
4.472539,16.277409,"mp-1069041_[0, 0, 1].png"
10.496594,-52.636272,"mp-1073822_[0, 0, 1].png"
33.746746,32.60331,"mp-1173738_[0, 0, 1].png"
2.002571,-42.627598,"mp-1216320_[0, 0, 1].png"
-28.799149,15.78607,"mp-559286_[0, 0, 1].png"
-32.94867,-0.97002757,"mp-541053_[0, 0, 1].png"
-2.405362,10.993194,"mp-27032_[0, 0, 1].png"
40.91678,30.289762,"mp-2713585_[0, 0, 1].png"
-2.2046764,18.31675,"mp-760418_[0, 0, 1].png"
-62.656815,-4.628425,"mp-2713379_[0, 0, 1].png"
9.198982,-22.597956,"mp-863003_[0, 0, 1].png"
15.670417,37.387737,"mp-1222462_[0, 0, 1].png"
9.991003,-1.3513227,"mp-1191010_[0, 0, 1].png"
-5.399028,15.7482,"mp-30051_[0, 0, 1].png"
-43.9806,-23.902386,"mp-2713261_[0, 0, 1].png"
-40.9152,21.526276,"mp-660318_[0, 0, 1].png"
-61.52739,-4.115423,"mp-1190708_[0, 0, 1].png"
-17.077335,-10.744813,"mp-6289_[0, 0, 1].png"
46.018806,-28.188549,"mp-625501_[0, 0, 1].png"
22.979557,30.087841,"mp-720987_[0, 0, 1].png"
-55.25678,-9.985828,"mp-1043642_[0, 0, 1].png"
38.41689,-17.649323,"mp-1207795_[0, 0, 1].png"
8.597068,49.782272,"mp-671510_[0, 0, 1].png"
41.73363,-36.73857,"mp-1215676_[0, 0, 1].png"
9.963486,-6.8182425,"mp-1034698_[0, 0, 1].png"
-15.671662,-50.27615,"mp-1179495_[0, 0, 1].png"
39.399254,33.388294,"mp-1206019_[0, 0, 1].png"
-61.024612,-13.128628,"mp-12159_[0, 0, 1].png"
-19.529331,55.505245,"mp-1368706_[0, 0, 1].png"
18.097221,-44.416023,"mp-1220464_[0, 0, 1].png"
9.875844,-27.027376,"mp-625998_[0, 0, 1].png"
38.454502,41.651505,"mp-20282_[0, 0, 1].png"
6.3826795,-42.530426,"mp-644223_[0, 0, 1].png"
-60.73868,-2.8410423,"mp-1018658_[0, 0, 1].png"
2.2321715,-4.2268333,"mp-20383_[0, 0, 1].png"
2.8233073,-19.436995,"mp-34330_[0, 0, 1].png"
-14.019166,9.329684,"mp-2714220_[0, 0, 1].png"
-39.12162,25.078753,"mp-5168_[0, 0, 1].png"
39.676003,-28.613344,"mp-15551_[0, 0, 1].png"
-26.491089,-33.24854,"mp-1227238_[0, 0, 1].png"
18.322456,26.228863,"mp-1190842_[0, 0, 1].png"
39.370487,30.397964,"mp-25729_[0, 0, 1].png"
21.58834,-0.44449502,"mp-22869_[0, 0, 1].png"
-51.101173,22.873371,"mp-1217941_[0, 0, 1].png"
15.628977,38.65859,"mp-1188257_[0, 0, 1].png"
36.26586,35.18749,"mp-31027_[0, 0, 1].png"
6.55167,18.567026,"mp-1228814_[0, 0, 1].png"
0.9321698,23.806185,"mp-1211874_[0, 0, 1].png"
-35.759113,31.257927,"mp-686585_[0, 0, 1].png"
-44.549118,-23.713528,"mp-1295198_[0, 0, 1].png"
-44.309937,31.15498,"mp-1200505_[0, 0, 1].png"
34.50189,-26.556662,"mp-2713029_[0, 0, 1].png"
-4.1599245,-11.51349,"mp-1073089_[0, 0, 1].png"
35.925606,26.947224,"mp-980057_[0, 0, 1].png"
17.814716,23.196287,"mp-755097_[0, 0, 1].png"
-1.4175146,-23.77221,"mp-2713014_[0, 0, 1].png"
54.630093,5.5263267,"mp-1075779_[0, 0, 1].png"
32.962074,-26.780378,"mp-1246991_[0, 0, 1].png"
-39.69435,29.282242,"mp-1075582_[0, 0, 1].png"
-49.21,-24.359482,"mp-1020608_[0, 0, 1].png"
-49.086792,28.39326,"mp-1068639_[0, 0, 1].png"
2.997255,44.905922,"mp-752611_[0, 0, 1].png"
-52.273663,-20.878407,"mp-765631_[0, 0, 1].png"
17.908895,-10.743386,"mp-505143_[0, 0, 1].png"
-12.697234,3.7605886,"mp-20822_[0, 0, 1].png"
13.086262,-33.42842,"mp-2713767_[0, 0, 1].png"
35.33533,-29.971561,"mp-2713182_[0, 0, 1].png"
11.0255375,-27.52477,"mp-6094_[0, 0, 1].png"
-46.483204,26.621412,"mp-1221086_[0, 0, 1].png"
11.792093,-31.238811,"mp-1189045_[0, 0, 1].png"
22.622005,32.10481,"mp-11630_[0, 0, 1].png"
10.820343,-53.557945,"mp-2713715_[0, 0, 1].png"
15.104553,26.191296,"mp-1022123_[0, 0, 1].png"
-52.63927,-7.749898,"mp-22133_[0, 0, 1].png"
-13.135756,-2.5878212,"mp-510599_[0, 0, 1].png"
-47.977913,-2.21828,"mp-15572_[0, 0, 1].png"
37.866787,23.525358,"mp-2715361_[0, 0, 1].png"
-26.675028,45.085644,"mp-1206308_[0, 0, 1].png"
49.54244,-5.7430425,"mp-727940_[0, 0, 1].png"
41.214016,-17.532816,"mp-1208747_[0, 0, 1].png"
38.420048,-19.660595,"mp-759421_[0, 0, 1].png"
23.07346,9.760729,"mp-1304341_[0, 0, 1].png"
-57.593597,-16.881172,"mp-8007_[0, 0, 1].png"
10.538335,-22.781038,"mp-1020141_[0, 0, 1].png"
54.144424,-3.7513092,"mp-1219859_[0, 0, 1].png"
1.6470051,16.660143,"mp-17146_[0, 0, 1].png"
57.884224,-2.7954535,"mp-757761_[0, 0, 1].png"
-31.500309,-26.617409,"mp-1207085_[0, 0, 1].png"
-25.888664,40.498997,"mp-557264_[0, 0, 1].png"
-13.649506,-40.932106,"mp-2714204_[0, 0, 1].png"
-31.586403,-0.0237476,"mp-28189_[0, 0, 1].png"
-13.465621,-36.6308,"mp-2716200_[0, 0, 1].png"
-37.788857,23.420456,"mp-753142_[0, 0, 1].png"
-28.115572,47.75544,"mp-7323_[0, 0, 1].png"
4.302369,50.42701,"mp-766472_[0, 0, 1].png"
0.028215228,14.560449,"mp-1096427_[0, 0, 1].png"
-46.550873,22.787596,"mp-2714257_[0, 0, 1].png"
46.001686,-7.1983075,"mp-695452_[0, 0, 1].png"
2.6295717,-58.38719,"mp-22691_[0, 0, 1].png"
18.74743,-34.54186,"mp-541152_[0, 0, 1].png"
40.494984,-29.800808,"mp-1229099_[0, 0, 1].png"
-38.542034,18.783419,"mp-763007_[0, 0, 1].png"
32.399975,-14.931908,"mp-40144_[0, 0, 1].png"
44.92068,8.361232,"mp-2715050_[0, 0, 1].png"
-38.477013,29.066423,"mp-677067_[0, 0, 1].png"
-60.5497,-5.5041,"mp-1040876_[0, 0, 1].png"
-47.50588,-19.476326,"mp-18385_[0, 0, 1].png"
25.89396,-0.5058209,"mp-13725_[0, 0, 1].png"
58.138626,5.6946864,"mp-1075371_[0, 0, 1].png"
25.298067,-43.22919,"mp-780737_[0, 0, 1].png"
-25.167997,3.9098763,"mp-1208405_[0, 0, 1].png"
41.484062,31.894543,"mp-1043572_[0, 0, 1].png"
7.8819675,2.5467496,"mp-2712732_[0, 0, 1].png"
21.692083,-9.507367,"mp-5368_[0, 0, 1].png"
-15.574303,5.03205,"mp-1191101_[0, 0, 1].png"
-12.345655,-38.789623,"mp-1201499_[0, 0, 1].png"
-53.99042,-19.097252,"mp-14363_[0, 0, 1].png"
-4.603553,-13.9418745,"mp-2716003_[0, 0, 1].png"
-19.080753,-14.811484,"mp-1199737_[0, 0, 1].png"
-8.688168,15.46955,"mp-18775_[0, 0, 1].png"
-42.883804,-21.69435,"mp-1044222_[0, 0, 1].png"
30.635435,1.4567182,"mp-1218293_[0, 0, 1].png"
-31.642874,0.2732422,"mp-18639_[0, 0, 1].png"
-1.485833,-58.823734,"mp-657336_[0, 0, 1].png"
-45.378475,22.154238,"mp-20150_[0, 0, 1].png"
-2.0637236,-54.21035,"mp-1096549_[0, 0, 1].png"
30.506779,16.682922,"mp-657338_[0, 0, 1].png"
43.14954,33.300896,"mp-768164_[0, 0, 1].png"
13.386424,-4.245299,"mp-2715628_[0, 0, 1].png"
15.983352,9.840093,"mp-1206739_[0, 0, 1].png"
14.858718,-28.518276,"mp-849995_[0, 0, 1].png"
-16.711914,-44.267338,"mp-1043475_[0, 0, 1].png"
-15.264167,-23.719881,"mp-677467_[0, 0, 1].png"
4.014608,-60.048923,"mp-1075504_[0, 0, 1].png"
-33.286613,-31.343323,"mp-861039_[0, 0, 1].png"
26.058123,-41.80112,"mp-2713954_[0, 0, 1].png"
18.3247,4.444576,"mp-1018897_[0, 0, 1].png"
50.77261,-14.629995,"mp-15312_[0, 0, 1].png"
47.54673,21.70995,"mp-16220_[0, 0, 1].png"
2.105672,-37.492535,"mp-1079197_[0, 0, 1].png"
-60.705177,-10.459006,"mp-761158_[0, 0, 1].png"
12.684966,25.08157,"mp-31451_[0, 0, 1].png"
19.465433,-32.8232,"mp-764355_[0, 0, 1].png"
2.0630383,20.540606,"mp-1202794_[0, 0, 1].png"
32.12967,-23.451853,"mp-17750_[0, 0, 1].png"
-29.774746,-41.141796,"mp-1075638_[0, 0, 1].png"
-2.107589,-57.482933,"mp-779070_[0, 0, 1].png"
45.87129,18.668596,"mp-861189_[0, 0, 1].png"
-23.652134,5.6871786,"mp-768849_[0, 0, 1].png"
14.4508915,-32.66462,"mp-1207147_[0, 0, 1].png"
37.50439,32.250217,"mp-604884_[0, 0, 1].png"
22.15412,5.1721497,"mp-776076_[0, 0, 1].png"
-44.67345,-20.373926,"mp-758026_[0, 0, 1].png"
-2.367181,58.651424,"mp-14289_[0, 0, 1].png"
-16.605062,-12.448377,"mp-989617_[0, 0, 1].png"
9.730437,-25.850325,"mp-504772_[0, 0, 1].png"
56.4205,-4.069175,"mp-5365_[0, 0, 1].png"
25.798824,-40.78102,"mp-555863_[0, 0, 1].png"
44.064075,-0.8514917,"mp-1246181_[0, 0, 1].png"
-50.401638,-11.6979065,"mp-1216074_[0, 0, 1].png"
-17.29697,-6.6122336,"mp-1225494_[0, 0, 1].png"
31.673113,-22.499676,"mp-1246579_[0, 0, 1].png"
12.631702,-4.3399863,"mp-1223929_[0, 0, 1].png"
24.951258,28.663193,"mp-2716154_[0, 0, 1].png"
-42.60386,2.2358985,"mp-31408_[0, 0, 1].png"
-57.01709,-5.79776,"mp-1199687_[0, 0, 1].png"
13.133564,-23.393572,"mp-1225354_[0, 0, 1].png"
44.053802,21.45621,"mp-2715822_[0, 0, 1].png"
18.157722,41.55452,"mp-1191578_[0, 0, 1].png"
31.866219,-26.212358,"mp-2715276_[0, 0, 1].png"
-37.44034,-30.89231,"mp-2714807_[0, 0, 1].png"
19.56539,39.178097,"mp-12732_[0, 0, 1].png"
-5.776033,-29.747787,"mp-1222261_[0, 0, 1].png"
-36.447342,-30.234404,"mp-14058_[0, 0, 1].png"
-41.054214,-42.420925,"mp-989625_[0, 0, 1].png"
-39.18722,29.233759,"mp-758603_[0, 0, 1].png"
11.820471,33.677593,"mp-42583_[0, 0, 1].png"
-20.03826,35.136772,"mp-555763_[0, 0, 1].png"
-17.568016,-43.58058,"mp-9732_[0, 0, 1].png"
12.514496,-28.483168,"mp-765958_[0, 0, 1].png"
34.311474,-17.080765,"mp-2713486_[0, 0, 1].png"
-64.68666,-3.9882095,"mp-972524_[0, 0, 1].png"
21.209108,8.358963,"mp-556503_[0, 0, 1].png"
16.43637,23.864292,"mp-1075269_[0, 0, 1].png"
22.468025,13.108508,"mp-2713268_[0, 0, 1].png"
4.423138,-7.620693,"mp-11016_[0, 0, 1].png"
-22.756672,6.7959304,"mp-560625_[0, 0, 1].png"
-6.284634,42.83894,"mp-554432_[0, 0, 1].png"
11.9853,-55.1271,"mp-1227897_[0, 0, 1].png"
-29.459595,-31.932068,"mp-766460_[0, 0, 1].png"
-28.152431,-31.189434,"mp-561412_[0, 0, 1].png"
37.420895,-12.981866,"mp-1216065_[0, 0, 1].png"
-34.54672,-45.9468,"mp-2713987_[0, 0, 1].png"
20.964333,29.444572,"mp-1219305_[0, 0, 1].png"
-46.001766,-17.430117,"mp-31503_[0, 0, 1].png"
50.317116,-5.357247,"mp-1221055_[0, 0, 1].png"
27.974287,-13.359612,"mp-1073405_[0, 0, 1].png"
29.46827,-18.497614,"mp-554826_[0, 0, 1].png"
-20.445793,45.126686,"mp-753262_[0, 0, 1].png"
14.8516,33.59227,"mp-12240_[0, 0, 1].png"
12.838156,-35.497356,"mp-2713570_[0, 0, 1].png"
8.227048,-5.038523,"mp-1220625_[0, 0, 1].png"
-9.548183,-27.745216,"mp-2713701_[0, 0, 1].png"
5.890922,-59.18863,"mp-22408_[0, 0, 1].png"
17.966793,23.992796,"mp-1105639_[0, 0, 1].png"
-52.384445,-9.329688,"mp-1208437_[0, 0, 1].png"
-16.25956,-47.951527,"mp-37990_[0, 0, 1].png"
40.912777,29.167141,"mp-779020_[0, 0, 1].png"
17.771488,41.764633,"mp-752534_[0, 0, 1].png"
-30.710312,-31.026094,"mp-1068869_[0, 0, 1].png"
-21.591335,28.973253,"mp-3042_[0, 0, 1].png"
-32.03348,18.798903,"mp-21849_[0, 0, 1].png"
-23.444544,49.821968,"mp-754764_[0, 0, 1].png"
-20.644325,7.4574275,"mp-1017356_[0, 0, 1].png"
-10.245262,23.489933,"mp-582034_[0, 0, 1].png"
-23.961433,-25.167665,"mp-1068256_[0, 0, 1].png"
-54.235416,-15.376483,"mp-758206_[0, 0, 1].png"
-41.7021,2.9809663,"mp-1220582_[0, 0, 1].png"
-19.221487,46.046227,"mp-1195748_[0, 0, 1].png"
-35.64784,-6.994863,"mp-1212369_[0, 0, 1].png"
-22.640768,30.826668,"mp-2713166_[0, 0, 1].png"
44.96403,-33.18168,"mp-6532_[0, 0, 1].png"
-24.235258,-32.176662,"mp-1075771_[0, 0, 1].png"
-48.371147,-14.749236,"mp-1101475_[0, 0, 1].png"
-49.453957,-14.326015,"mp-1075263_[0, 0, 1].png"
-23.709034,-7.911215,"mp-2715534_[0, 0, 1].png"
24.918736,4.0468173,"mp-1221962_[0, 0, 1].png"
-7.2874603,15.200911,"mp-1217159_[0, 0, 1].png"
-34.19918,-25.166176,"mp-568872_[0, 0, 1].png"
3.0068986,1.0726343,"mp-569128_[0, 0, 1].png"
12.078266,33.103386,"mp-1222326_[0, 0, 1].png"
51.102463,18.039833,"mp-1212763_[0, 0, 1].png"
55.043842,-0.32135105,"mp-1369374_[0, 0, 1].png"
-46.047413,17.705217,"mp-2712838_[0, 0, 1].png"
4.513116,62.956707,"mp-1019788_[0, 0, 1].png"
28.32683,15.226598,"mp-1025329_[0, 0, 1].png"
55.232025,-4.043893,"mp-18179_[0, 0, 1].png"
-26.34168,21.143864,"mp-758261_[0, 0, 1].png"
-48.326466,31.212803,"mp-758516_[0, 0, 1].png"
-1.735515,15.987152,"mp-2716420_[0, 0, 1].png"
16.849289,-41.279434,"mp-2716184_[0, 0, 1].png"
-38.94426,16.416454,"mp-20954_[0, 0, 1].png"
9.718282,-58.27382,"mp-631548_[0, 0, 1].png"
39.596966,-13.088291,"mp-558883_[0, 0, 1].png"
36.463917,-34.486874,"mp-546989_[0, 0, 1].png"
1.8610172,46.90563,"mp-2713074_[0, 0, 1].png"
16.157103,-32.193443,"mp-2712952_[0, 0, 1].png"
-47.679356,19.22006,"mp-1224983_[0, 0, 1].png"
-48.24211,3.9293213,"mp-758212_[0, 0, 1].png"
15.090146,28.849468,"mp-1037606_[0, 0, 1].png"
-19.969698,51.3309,"mp-1227042_[0, 0, 1].png"
-33.983944,-39.945713,"mp-2713589_[0, 0, 1].png"
-47.417465,-11.590645,"mp-1087538_[0, 0, 1].png"
-45.491734,6.2491436,"mp-765500_[0, 0, 1].png"
-31.089697,21.193972,"mp-1246800_[0, 0, 1].png"
-39.803726,6.645033,"mp-1020146_[0, 0, 1].png"
12.511453,-25.110405,"mp-983586_[0, 0, 1].png"
-19.698841,44.67121,"mp-675620_[0, 0, 1].png"
-13.155927,-28.47735,"mp-758397_[0, 0, 1].png"
-0.4851498,51.66977,"mp-1228017_[0, 0, 1].png"
7.842431,27.407234,"mp-2715657_[0, 0, 1].png"
-5.321377,-6.8086753,"mp-753402_[0, 0, 1].png"
-8.714514,-11.232408,"mp-2712725_[0, 0, 1].png"
44.077354,23.255442,"mp-640885_[0, 0, 1].png"
4.2649198,-36.723343,"mp-1217855_[0, 0, 1].png"
-19.574854,41.906616,"mp-23151_[0, 0, 1].png"
35.74148,14.3597,"mp-1218133_[0, 0, 1].png"
56.91131,-8.927351,"mp-686718_[0, 0, 1].png"
-35.264748,27.00927,"mp-2713065_[0, 0, 1].png"
-34.43319,-41.145954,"mp-1204660_[0, 0, 1].png"
-37.53761,-40.6011,"mp-2714518_[0, 0, 1].png"
-28.129408,-44.483875,"mp-2714650_[0, 0, 1].png"
-29.890211,-30.442923,"mp-1095291_[0, 0, 1].png"
-42.190132,-18.601376,"mp-26251_[0, 0, 1].png"
-22.448097,-15.43887,"mp-1071216_[0, 0, 1].png"
-33.006397,-40.96212,"mp-2714534_[0, 0, 1].png"
19.654062,37.796726,"mp-2712912_[0, 0, 1].png"
-9.159539,-30.122353,"mp-1185426_[0, 0, 1].png"
-0.090587534,-0.47578296,"mp-11836_[0, 0, 1].png"
-36.847122,-0.18139619,"mp-2715718_[0, 0, 1].png"
-50.9429,-7.443678,"mp-560632_[0, 0, 1].png"
30.273634,17.910788,"mp-753056_[0, 0, 1].png"
10.585025,-29.59273,"mp-1209042_[0, 0, 1].png"
14.511262,2.269034,"mp-569346_[0, 0, 1].png"
-48.025993,31.067646,"mp-1043490_[0, 0, 1].png"
-27.728567,-34.188675,"mp-556137_[0, 0, 1].png"
49.420475,32.178917,"mp-2716361_[0, 0, 1].png"
51.899414,-3.311705,"mp-40251_[0, 0, 1].png"
16.702,22.953793,"mp-759321_[0, 0, 1].png"
-8.060694,3.5060253,"mp-753318_[0, 0, 1].png"
2.048806,14.265588,"mp-34467_[0, 0, 1].png"
24.676996,-12.093712,"mp-774357_[0, 0, 1].png"
0.22293675,-9.464331,"mp-1073478_[0, 0, 1].png"
-25.839201,-32.726116,"mp-23888_[0, 0, 1].png"
-21.88708,-14.371301,"mp-758342_[0, 0, 1].png"
-26.660933,-20.365522,"mp-27319_[0, 0, 1].png"
-24.629791,-34.055542,"mp-625565_[0, 0, 1].png"
-15.779261,47.458145,"mp-22925_[0, 0, 1].png"
0.8869265,-53.678417,"mp-2715357_[0, 0, 1].png"
-9.789926,-36.764107,"mp-1220752_[0, 0, 1].png"
-37.07566,-46.122734,"mp-2712603_[0, 0, 1].png"
41.645412,23.003714,"mp-758014_[0, 0, 1].png"
-55.891647,-12.787017,"mp-961684_[0, 0, 1].png"
11.074722,21.845509,"mp-757648_[0, 0, 1].png"
-42.961643,-18.826067,"mp-753756_[0, 0, 1].png"
2.9566646,54.608788,"mp-681911_[0, 0, 1].png"
29.41351,-40.754353,"mp-568556_[0, 0, 1].png"
-4.01109,-52.828693,"mp-2715735_[0, 0, 1].png"
17.886473,35.39494,"mp-1192427_[0, 0, 1].png"
-19.527273,28.990046,"mp-760468_[0, 0, 1].png"
-0.47118098,-48.52638,"mp-6101_[0, 0, 1].png"
-20.999508,57.52944,"mp-706617_[0, 0, 1].png"
-16.690386,58.076687,"mp-1047020_[0, 0, 1].png"
25.489931,-34.34616,"mp-12187_[0, 0, 1].png"
56.609043,-2.1034214,"mp-26182_[0, 0, 1].png"
12.735384,-30.369614,"mp-1225352_[0, 0, 1].png"
-43.790848,20.055733,"mp-1073318_[0, 0, 1].png"
58.46579,-3.4586675,"mp-2715211_[0, 0, 1].png"
-26.804846,20.232412,"mp-1205777_[0, 0, 1].png"
-5.1333637,-22.627396,"mp-1195132_[0, 0, 1].png"
-1.1171024,37.735607,"mp-2713723_[0, 0, 1].png"
21.406052,36.709553,"mp-7880_[0, 0, 1].png"
-20.02995,36.142254,"mp-1024999_[0, 0, 1].png"
-34.64469,14.132436,"mp-684991_[0, 0, 1].png"
-17.904196,-41.850292,"mp-2712687_[0, 0, 1].png"
2.505455,49.649147,"mp-763609_[0, 0, 1].png"
-20.008635,-5.140322,"mp-675879_[0, 0, 1].png"
-0.08422368,36.8226,"mp-2716308_[0, 0, 1].png"
-64.64837,-3.0690455,"mp-2715169_[0, 0, 1].png"
5.3862495,-48.389446,"mp-1030846_[0, 0, 1].png"
-37.534294,-33.51764,"mp-695890_[0, 0, 1].png"
23.130018,14.950876,"mp-1227666_[0, 0, 1].png"
-0.33132154,-9.954312,"mp-1042041_[0, 0, 1].png"
-16.390306,-3.15403,"mp-752913_[0, 0, 1].png"
41.488453,-17.630304,"mp-1074264_[0, 0, 1].png"
14.377123,34.18324,"mp-16839_[0, 0, 1].png"
11.817048,25.515032,"mp-996984_[0, 0, 1].png"
-17.319124,44.445293,"mp-568173_[0, 0, 1].png"
0.50797397,-22.314457,"mp-753327_[0, 0, 1].png"
-50.27092,2.6582332,"mp-3589_[0, 0, 1].png"
13.748963,-10.117332,"mp-1068587_[0, 0, 1].png"
8.237206,-59.58863,"mp-2713982_[0, 0, 1].png"
2.0183697,56.999752,"mp-2713091_[0, 0, 1].png"
15.031819,19.18498,"mp-8076_[0, 0, 1].png"
-33.39122,27.71064,"mp-2714860_[0, 0, 1].png"
-27.0322,34.85083,"mp-1227451_[0, 0, 1].png"
16.090004,-28.743505,"mp-1224041_[0, 0, 1].png"
17.64623,-37.397762,"mp-561395_[0, 0, 1].png"
-47.019417,3.1500206,"mp-1250278_[0, 0, 1].png"
35.50877,-27.516052,"mp-29314_[0, 0, 1].png"
-8.525906,10.3232,"mp-1074700_[0, 0, 1].png"
-35.430843,27.210356,"mp-1328703_[0, 0, 1].png"
-39.319016,-41.659595,"mp-2715770_[0, 0, 1].png"
24.740465,-32.47586,"mp-1021506_[0, 0, 1].png"
29.412106,12.211459,"mp-755337_[0, 0, 1].png"
-37.374847,26.69809,"mp-1265516_[0, 0, 1].png"
-19.307718,-2.497729,"mp-34376_[0, 0, 1].png"
-45.013992,6.2861395,"mp-1073033_[0, 0, 1].png"
-36.166016,16.086515,"mp-725593_[0, 0, 1].png"
-1.3408884,-53.03669,"mp-1043461_[0, 0, 1].png"
9.065922,-0.49952626,"mp-1203739_[0, 0, 1].png"
53.1398,7.1525455,"mp-775776_[0, 0, 1].png"
-10.459529,6.0553184,"mp-22253_[0, 0, 1].png"
33.25083,15.661438,"mp-570370_[0, 0, 1].png"
-26.141117,47.756912,"mp-1044309_[0, 0, 1].png"
22.428188,7.616282,"mp-27047_[0, 0, 1].png"
-4.098812,-19.442205,"mp-9295_[0, 0, 1].png"
-45.442623,-11.785596,"mp-1044104_[0, 0, 1].png"
26.516417,-2.1578028,"mp-2220263_[0, 0, 1].png"
7.9477353,-10.197632,"mp-758734_[0, 0, 1].png"
-6.145413,37.97825,"mp-1250828_[0, 0, 1].png"
36.03576,29.133598,"mp-626201_[0, 0, 1].png"
-11.675903,20.422714,"mp-703468_[0, 0, 1].png"
-11.603646,14.99562,"mp-552941_[0, 0, 1].png"
-46.37418,-16.189465,"mp-1216780_[0, 0, 1].png"
-43.278656,21.28315,"mp-971661_[0, 0, 1].png"
19.703953,-8.330378,"mp-23866_[0, 0, 1].png"
18.781246,-38.99821,"mp-9410_[0, 0, 1].png"
-20.01291,36.01572,"mp-1223658_[0, 0, 1].png"
-36.354027,-46.204056,"mp-1013911_[0, 0, 1].png"
1.8842745,-43.480843,"mp-1077147_[0, 0, 1].png"
14.652149,19.008142,"mp-23648_[0, 0, 1].png"
-6.5594378,-22.03936,"mp-1100713_[0, 0, 1].png"
47.10945,17.294628,"mp-28146_[0, 0, 1].png"
15.315258,-28.447939,"mp-647305_[0, 0, 1].png"
-16.404324,2.471277,"mp-675577_[0, 0, 1].png"
0.42672288,57.021553,"mp-1075640_[0, 0, 1].png"
5.2424803,-45.996082,"mp-1009894_[0, 0, 1].png"
18.770615,39.335243,"mp-759722_[0, 0, 1].png"
-38.139336,-44.83598,"mp-1203787_[0, 0, 1].png"
10.98945,-26.757343,"mp-8234_[0, 0, 1].png"
-4.2377353,22.269236,"mp-1197410_[0, 0, 1].png"
-33.14319,-32.338707,"mp-510279_[0, 0, 1].png"
23.193537,-37.98413,"mp-557510_[0, 0, 1].png"
-39.036697,19.476479,"mp-2716142_[0, 0, 1].png"
-20.86213,1.1314589,"mp-28000_[0, 0, 1].png"
7.3986926,2.5890236,"mp-1019794_[0, 0, 1].png"
28.131088,-1.2921535,"mp-703276_[0, 0, 1].png"
25.68043,-40.187008,"mp-1208605_[0, 0, 1].png"
-0.7258562,3.1841676,"mp-1043209_[0, 0, 1].png"
-27.921,36.731754,"mp-2713613_[0, 0, 1].png"
-46.058098,27.42942,"mp-2713965_[0, 0, 1].png"
